{
"type": "FeatureCollection",
"name": "tartu_demo_noheight_2",
"features": [
{ "type": "Feature", "properties": { }, "geometry": { "type": "MultiPolygon", "coordinates": [ [ [ [ -494.36769999995704, 298.856635637581348 ], [ -490.7327652457152, 295.889571348205209 ], [ -483.918433758079118, 290.83913922123611 ], [ -483.249249133883495, 290.73663879558444 ], [ -482.017751215191311, 291.136535855941474 ], [ -481.656407512224177, 291.184023180045187 ], [ -480.271757795269878, 291.111064238473773 ], [ -479.829597571513659, 290.981426987797022 ], [ -478.451019157915653, 290.16790574695915 ], [ -440.73342152396981, 255.756318984553218 ], [ -410.053893750033239, 227.1978649944067 ], [ -350.848398436763091, 165.772204493172467 ], [ -313.299157506568008, 125.284254718571901 ], [ -310.936293290829781, 122.553909250535071 ], [ -307.807314898367622, 118.526353559456766 ], [ -306.195384935715992, 115.808147417381406 ], [ -306.074822564178248, 115.489029610529542 ], [ -305.351130081246083, 111.721166781149805 ], [ -304.592733300858526, 109.960940897464752 ], [ -303.260113945045305, 109.608985279686749 ], [ -302.704434239012699, 109.318548303097486 ], [ -301.285072869177384, 109.321387141942978 ], [ -300.597941578285827, 109.470762203447521 ], [ -299.737620179015721, 109.91258605197072 ], [ -299.049014784424799, 110.542211381718516 ], [ -298.581008138515244, 111.161693524569273 ], [ -295.428240269273374, 113.740223321132362 ], [ -290.309283120393957, 108.302962862886488 ], [ -279.948500651453287, 102.105305104516447 ], [ -260.501008535908113, 120.665394388139248 ], [ -226.645849950831689, 153.606334421783686 ], [ -224.094114268209523, 155.998940202407539 ], [ -226.691529143590742, 158.668617194518447 ], [ -227.959772215908743, 160.180318726226687 ], [ -228.299348166892742, 160.686835473403335 ], [ -232.259392709187523, 168.325928180478513 ], [ -234.364183185014554, 174.460577468387783 ], [ -233.610709917587883, 174.764883565716445 ], [ -237.583569154996439, 180.97979278024286 ], [ -242.937370975128943, 188.679371752776206 ], [ -271.413204609592867, 224.68454319331795 ], [ -282.503249962885093, 236.344723451882601 ], [ -289.162762835452668, 242.172948572784662 ], [ -367.713877196309113, 304.60629200655967 ], [ -419.067342156196901, 344.879948053508997 ], [ -430.994970756250041, 354.324000000022352 ], [ -427.774198600009186, 354.324000000022352 ], [ -418.841098193815924, 347.250954104587436 ], [ -417.191721426463118, 351.002364021725953 ], [ -416.961233768170132, 351.328375258482993 ], [ -413.773523352063421, 354.324000000022352 ], [ -399.865079282853912, 354.324000000022352 ], [ -403.222164374570639, 350.127893816679716 ], [ -405.505399492894867, 351.990209206938744 ], [ -406.745393249208064, 352.075708606280386 ], [ -408.218616643671339, 351.018883941695094 ], [ -411.379405973677422, 353.835907866246998 ], [ -415.443615829071859, 350.010947823524475 ], [ -417.219500868241084, 345.971592503599823 ], [ -362.525648948731032, 303.040479706600308 ], [ -287.900226907122487, 243.72337903175503 ], [ -281.152093406662971, 237.819085208699107 ], [ -269.873341765143778, 225.960542186163366 ], [ -241.350120422775944, 189.895453047938645 ], [ -238.478253966173725, 185.7685911282897 ], [ -243.297700602042823, 214.397293019108474 ], [ -263.850976823070596, 233.116184590384364 ], [ -263.984631111829003, 233.700317432172596 ], [ -263.760221547427136, 234.255938696675003 ], [ -260.949646408727858, 237.673472075723112 ], [ -282.160884616003386, 256.225206625647843 ], [ -291.53811690161092, 258.602610138244927 ], [ -291.94605521358244, 258.815229739062488 ], [ -326.32095362243308, 288.519444019533694 ], [ -330.944714705559818, 282.447624667547643 ], [ -347.250840009030071, 295.634394628927112 ], [ -345.77935392312429, 298.24031696934253 ], [ -346.669699380156089, 302.293795767240226 ], [ -354.581993891239108, 310.567021738737822 ], [ -356.747821021195705, 312.087691083550453 ], [ -357.270558764759699, 311.747562592849135 ], [ -357.57803354317366, 311.690296028740704 ], [ -358.170568537918371, 311.865246743895113 ], [ -358.547105970295888, 312.355068174190819 ], [ -358.604372533114656, 312.662542953155935 ], [ -358.563821338962953, 312.972665184177458 ], [ -358.421793827381407, 313.263130334205925 ], [ -360.44187378897368, 314.681740807369351 ], [ -360.335412393938896, 315.588018953800201 ], [ -360.242476772986265, 315.628114189952612 ], [ -357.611614642721179, 319.328501591458917 ], [ -357.648869905677202, 319.439890278503299 ], [ -358.641013096061215, 320.14834353979677 ], [ -351.818959530690336, 329.717739556916058 ], [ -351.84997966543051, 329.862612464465201 ], [ -349.255783652040918, 334.334525809623301 ], [ -345.50646066727677, 332.966983871534467 ], [ -345.256592895591893, 333.213468117639422 ], [ -340.095552767270419, 340.742559391073883 ], [ -333.577822403944083, 351.950126694515347 ], [ -335.893722883663941, 354.04405525047332 ], [ -335.700721003198851, 354.324000000022352 ], [ -315.116597586766147, 354.324000000022352 ], [ -318.790114293302395, 349.926212591119111 ], [ -323.870356171450112, 342.406213329173625 ], [ -326.155561755986128, 343.839918250218034 ], [ -334.796970255823908, 331.277023549191654 ], [ -342.799231643581152, 321.1681670807302 ], [ -342.949291518159953, 317.903726872988045 ], [ -343.964019672890572, 315.777697779238224 ], [ -345.395788564839677, 312.02424387820065 ], [ -344.969342546803091, 308.852087488397956 ], [ -343.160193016328776, 305.854221853427589 ], [ -337.151866342763242, 312.952249210327864 ], [ -335.117348476229381, 311.405769433826208 ], [ -335.109590557582123, 311.275603686459363 ], [ -319.954797553546086, 295.861845763400197 ], [ -319.807502776195179, 295.867005156353116 ], [ -318.927314577498692, 296.897486129775643 ], [ -316.980114842350304, 295.235246793366969 ], [ -319.188705975308039, 292.649181704036891 ], [ -319.171529366180039, 292.503052179701626 ], [ -321.59447689497938, 289.158972239121795 ], [ -324.443770838257478, 290.983572614379227 ], [ -325.11301766698125, 290.10523090697825 ], [ -290.817671949198484, 260.482528421096504 ], [ -281.437380158378801, 258.104349227622151 ], [ -281.024933267028246, 257.887810049578547 ], [ -258.903457124064516, 238.539964783005416 ], [ -258.589627260047564, 238.02124731335789 ], [ -258.633287254669995, 237.41655663959682 ], [ -261.611327351763975, 233.721291717141867 ], [ -241.70826476210641, 215.654684176668525 ], [ -201.778748156772053, 181.470102671533823 ], [ -199.535572405062339, 179.470386977307498 ], [ -179.177411256196137, 201.762607181444764 ], [ -185.390356566838818, 207.73733726516366 ], [ -192.245416159013985, 199.919697139412165 ], [ -188.397502111914946, 196.573444142006338 ], [ -195.083135825838326, 188.852292102761567 ], [ -198.071730625157215, 191.432618475519121 ], [ -200.465667175767521, 191.111445897258818 ], [ -202.328458244339345, 188.795210966840386 ], [ -254.418410936252258, 233.443678854964674 ], [ -249.362540596130202, 238.487939718179405 ], [ -249.406907345282889, 240.045949320308864 ], [ -250.421810197885861, 241.293149342760444 ], [ -254.051563584074756, 242.269087189808488 ], [ -256.266007181618988, 244.483558536507189 ], [ -237.679285365396936, 266.524012594483793 ], [ -237.4284043204716, 268.441057368181646 ], [ -242.569828972300456, 272.063328394666314 ], [ -254.05493887315788, 268.948099453002214 ], [ -243.407307434616087, 281.41645669657737 ], [ -243.418394332151365, 281.557381394319236 ], [ -244.922101281823416, 282.841982482001185 ], [ -241.271496649540495, 287.116843904368579 ], [ -227.733350394972149, 275.556379167363048 ], [ -227.616204378560724, 275.547164084389806 ], [ -197.962345306024872, 310.256635025143623 ], [ -195.832939525589609, 308.431551732122898 ], [ -174.541757583498111, 333.036770605482161 ], [ -176.800304141177548, 335.031914371065795 ], [ -176.786984057329391, 335.20146756246686 ], [ -185.052089187978709, 342.257224651053548 ], [ -180.877992681171236, 347.149935827590525 ], [ -180.889115914593276, 347.290827157907188 ], [ -189.129719894270238, 354.324000000022352 ], [ -160.360675074387473, 354.324000000022352 ], [ -160.226289399373854, 354.211177899502218 ], [ -160.081756498260802, 354.22804307192564 ], [ -154.05811653821911, 349.746897621080279 ], [ -157.675339376675765, 345.165616285055876 ], [ -119.167626887552615, 282.372490331530571 ], [ -116.923411667525215, 280.42086065094918 ], [ -113.707861218190374, 279.826693837530911 ], [ -110.604152752139271, 280.758532515726984 ], [ -59.666759635434573, 337.428301081992686 ], [ -50.419284901756328, 345.912132925353944 ], [ -47.38251657780711, 350.537579152733088 ], [ -47.103081967303297, 353.004503262229264 ], [ -47.242953983783082, 354.324000000022352 ], [ -22.783465702013928, 354.323999999091029 ], [ -18.27932438267635, 350.304443380795419 ], [ -18.26928642877283, 350.161547495052218 ], [ -12.171230543954152, 345.007463218644261 ], [ -12.05697719852833, 345.035615135915577 ], [ -8.588031061210131, 349.218445559963584 ], [ -14.603287902988086, 354.324000000022352 ], [ 5.632300000073883, 354.324000000022352 ], [ 5.632299999944735, 343.641217436641455 ], [ -0.147049283110391, 348.436066206544638 ], [ -6.877104811836034, 340.351157223805785 ], [ 5.122655443150506, 330.302166045643389 ], [ 5.268919186875792, 330.321321008726954 ], [ 5.632300000041141, 330.066770335659385 ], [ 5.632299999968382, 311.687493755482137 ], [ 2.850792813253065, 314.122736625373363 ], [ 2.708809768424544, 314.112322165630758 ], [ -11.040807646886606, 325.886412688530982 ], [ -29.221851801428784, 342.009952235035598 ], [ -33.452907266164402, 342.956218467094004 ], [ -33.60507529566712, 342.933922218158841 ], [ -40.576052056741901, 339.175762788392603 ], [ -58.287972176587573, 318.594250770285726 ], [ -71.845459475809548, 303.320679686032236 ], [ -76.537224868527119, 297.856476289220154 ], [ -82.364522177273102, 290.622266914695501 ], [ -83.593349748114633, 289.627870256081223 ], [ -84.029160396861698, 288.181726989336312 ], [ -86.866436378817525, 280.931921367533505 ], [ -91.138917430056608, 265.066450020298362 ], [ -92.382472232970031, 252.561338864266872 ], [ -93.376850933424066, 217.188315798528492 ], [ -96.256933790784387, 181.623677727766335 ], [ -96.844327468777919, 175.180975704453886 ], [ -78.029873644367399, 182.458773577585816 ], [ -69.506326904833259, 184.649105668999255 ], [ -63.530201456227587, 185.128904812037945 ], [ -55.49533654703373, 186.747014688327909 ], [ -46.247007631796805, 190.544687828980386 ], [ -33.494912380683672, 198.029934860765934 ], [ -23.783908562963916, 201.444140330888331 ], [ -11.829834582718831, 205.852160549722612 ], [ -2.119631203262543, 211.019727362319827 ], [ 5.632299999982934, 214.211664863862097 ], [ 5.632300000004761, 212.049491620622575 ], [ -1.312651819600433, 209.18983618915081 ], [ -11.074139137195743, 203.999906566925347 ], [ -23.099322265601586, 199.565665110945702 ], [ -32.740025862838593, 196.176053557544947 ], [ -45.294183832986164, 188.785574039444327 ], [ -54.824426004792258, 184.861196538433433 ], [ -63.194916458129228, 183.156969612464309 ], [ -69.09313534285684, 182.691009923815727 ], [ -77.475123808275384, 180.537054660730064 ], [ -97.423426394301714, 172.812770937569439 ], [ -98.099489153231843, 172.122491795569658 ], [ -96.179959723756838, 170.419133416377008 ], [ -95.789867076351584, 170.823676755651832 ], [ -92.894266359946414, 168.22249457705766 ], [ -83.485120150284274, 159.1539446702227 ], [ -62.322580866659337, 140.374660534784198 ], [ -61.774477217104504, 140.000226085074246 ], [ -55.924240555588767, 136.166459134779871 ], [ -53.385689767328586, 135.090245493687689 ], [ -50.354078371336072, 134.254143900237978 ], [ -47.44265735488807, 134.108871085569263 ], [ -44.461971677437759, 134.4157989397645 ], [ -42.146293039972079, 134.976656553335488 ], [ -40.775651231228039, 135.417288798838854 ], [ -36.756733218930094, 138.042572647333145 ], [ -30.803055535905514, 144.880962266586721 ], [ 5.632300000013856, 194.852792132645845 ], [ 5.632300000004761, 171.269751913845539 ], [ 5.030110839932604, 171.0676130624488 ], [ 3.373286818563429, 170.091751649044454 ], [ 0.896425967988762, 167.621972812339664 ], [ -11.529079732581522, 147.821615626104176 ], [ -13.926566885638749, 142.158585716038942 ], [ -14.848715293102941, 136.792284886352718 ], [ -15.097781168540678, 132.992419933900237 ], [ -14.692594126949189, 128.162023265846074 ], [ -13.254149313404923, 123.375856066122651 ], [ -12.199394998977368, 121.494311912916601 ], [ -11.267318181464361, 120.087961765006185 ], [ -8.449659279545813, 117.628651586361229 ], [ -5.334255556730568, 115.766828172840178 ], [ -1.86198142223293, 114.234565069898963 ], [ 1.519439398623945, 113.514298759400845 ], [ 4.345415293993938, 113.329019993543625 ], [ 5.632299999933821, 113.426281484775245 ], [ 5.632299999930183, 93.348675670102239 ], [ 4.119871287604838, 95.191065517254174 ], [ 2.87114391787145, 96.535084066912532 ], [ 0.248131052783719, 98.959761859849095 ], [ -2.284447690191882, 100.97682780213654 ], [ -8.306845923276342, 104.885477825067937 ], [ -11.691646510587816, 106.898946467787027 ], [ -17.704107224717518, 109.924871101975441 ], [ -21.159142817938118, 111.178179750218987 ], [ -22.202295059634707, 111.362343035638332 ], [ -25.22743448577603, 111.497693991288543 ], [ -27.053299274339224, 111.246798079460859 ], [ -26.970469741485431, 110.838195515796542 ], [ -16.434890578433624, 101.597939912229776 ], [ -8.861908162985856, 95.084841174073517 ], [ 5.632300000072064, 92.970612641423941 ], [ 5.63229999993564, -128.994879327714443 ], [ 4.071240740981011, -124.946042696945369 ], [ -0.575036655109216, -112.269954110495746 ], [ -4.100314080200405, -98.693395549431443 ], [ -6.593821787664638, -85.763395375572145 ], [ -8.011990925115242, -77.171531115658581 ], [ -8.41693459592716, -73.617440655827522 ], [ -11.337688488732965, -79.236985760740936 ], [ -12.882297183414266, -85.049658211879432 ], [ -13.682198133812562, -90.045756881125271 ], [ -14.352615066687576, -98.021558868698776 ], [ -15.193886852721334, -133.413245084695518 ], [ 5.632299999979296, -143.22520315553993 ], [ 5.632299999968382, -145.435301832854748 ], [ -15.261518166520545, -135.591480272822082 ], [ -15.606251352492109, -145.676000000908971 ], [ -17.606736000652745, -145.675999999977648 ], [ -17.228634026123473, -134.615339023061097 ], [ -32.867279861460702, -125.874963723123074 ], [ -21.194140773837717, -145.675999999977648 ], [ -23.515015861876236, -145.675999999977648 ], [ -36.465144200083159, -123.708818926475942 ], [ -66.626965814904906, -72.914104633033276 ], [ -66.766947153040746, -72.420097052119672 ], [ -66.854160828166641, -67.100696658715606 ], [ -66.672901086600177, -66.510061347857118 ], [ -66.33850210444507, -66.209556910209358 ], [ -66.044506762436868, -66.102847686968744 ], [ -61.093867360426884, -65.145114305429161 ], [ -73.691473149829108, -45.141570859588683 ], [ -89.865143256743977, -19.995205475948751 ], [ -96.394508909383148, -16.218350623734295 ], [ -96.863547427774392, -17.046983095817268 ], [ -107.462212553400605, -9.766898642294109 ], [ -113.106002610824362, -11.343088148161769 ], [ -119.545560343683974, -12.795015146955848 ], [ -121.183838244789513, -9.288155476562679 ], [ -115.884393285658007, -7.175616377033293 ], [ -118.194426387255589, -4.069384535774589 ], [ -119.940350019742255, -6.39254904538393 ], [ -121.980053339850201, -7.58373287320137 ], [ -122.367347753093782, -6.7548704193905 ], [ -153.037268634741849, -59.600630324333906 ], [ -134.588783625145879, -101.21149533893913 ], [ -135.101235723495847, -104.94904213398695 ], [ -134.898395623167744, -108.243279626592994 ], [ -137.043692950568584, -108.906866217963398 ], [ -135.297220066324371, -109.021445357240736 ], [ -134.838213016360896, -109.342735974118114 ], [ -130.319275978114092, -120.17827573325485 ], [ -122.240031922230628, -145.675999998115003 ], [ -124.330478001509618, -145.675999999977648 ], [ -132.212214544179005, -120.823143997229636 ], [ -136.298059765558719, -110.939802181906998 ], [ -142.955627660359823, -110.655855489894748 ], [ -136.426821187358655, -138.546666921116412 ], [ -135.408276656467933, -145.675999999977648 ], [ -140.141755141778049, -145.675999999977648 ], [ -161.00093185858168, -128.974366177804768 ], [ -157.427244622409489, -145.675999999977648 ], [ -159.471629535390093, -145.675999999977648 ], [ -163.531699455963462, -126.702281418256462 ], [ -166.201794757549578, -118.560511647723615 ], [ -167.600957994809505, -117.360247420147061 ], [ -167.778247867439859, -121.510665802285075 ], [ -167.763935937040515, -131.006855362094939 ], [ -167.602858963115068, -135.063361322507262 ], [ -166.075471543843378, -145.675999999977648 ], [ -184.681612939251863, -145.675999999977648 ], [ -183.43569719232255, -142.827820424921811 ], [ -185.167597591964295, -136.085811658762395 ], [ -186.734883373874254, -133.291212806478143 ], [ -188.208955100048115, -131.086562005802989 ], [ -190.085279409820942, -129.037567083723843 ], [ -192.822984474052646, -126.752617047168314 ], [ -194.173780721706862, -125.916287236846983 ], [ -199.720811486780804, -123.410212117247283 ], [ -200.404658988074516, -123.269770573824644 ], [ -207.365535095779705, -122.72014553938061 ], [ -209.462145935978697, -122.997157334350049 ], [ -210.845109046371363, -123.296886321157217 ], [ -218.25667048824107, -126.618343393318355 ], [ -218.538306358632326, -126.814091219566762 ], [ -218.989959407708739, -130.210801294073462 ], [ -219.131806566527302, -133.554894766770303 ], [ -238.239152568734426, -145.675999999977648 ], [ -264.640303284048059, -145.675999999977648 ], [ -242.48732960108282, -131.081452981568873 ], [ -242.347375120865763, -131.108941186219454 ], [ -214.740318215222942, -112.212881493382156 ], [ -214.713104719225157, -112.075051064603031 ], [ -199.435445426779552, -101.971544628962874 ], [ -182.462413511875639, -76.433641670271754 ], [ -181.297762802043508, -70.531831637956202 ], [ -181.881277837772359, -67.023432144895196 ], [ -189.858901984172917, -54.328377678990364 ], [ -199.791645257902928, -63.860534699633718 ], [ -212.311128584067774, -73.921445997431874 ], [ -212.176435245997709, -75.529070124961436 ], [ -208.606437211274169, -82.933550429530442 ], [ -204.551997223279614, -80.741441618651152 ], [ -203.77515128754203, -78.366977643221617 ], [ -202.124721914233305, -72.465036818757653 ], [ -200.426277991993629, -68.834588845260441 ], [ -198.502914121918366, -66.429842544719577 ], [ -198.23182752120556, -66.198234781622887 ], [ -195.78443400321521, -64.771724729798734 ], [ -195.384804454284676, -64.641125159338117 ], [ -193.25747687292278, -64.419096962548792 ], [ -192.885968782857162, -64.450217554345727 ], [ -191.229002299704007, -64.9665387282148 ], [ -189.738641864396413, -65.986847876571119 ], [ -189.390144411579968, -66.405072007328272 ], [ -188.812741646162976, -67.701742514967918 ], [ -188.415873079355151, -69.439860394224524 ], [ -188.410262243620309, -70.499808896332979 ], [ -188.657083279102153, -71.683025386184454 ], [ -187.948690203935257, -72.67201114911586 ], [ -187.334890788788471, -74.340553787536919 ], [ -187.274422973685432, -74.730364081449807 ], [ -187.409747804587823, -76.811989813111722 ], [ -188.138488086629877, -78.897778877057135 ], [ -188.407641392286678, -79.305813344195485 ], [ -189.842241881835434, -80.568897373043001 ], [ -192.22723385876634, -81.786059738136828 ], [ -194.398675026421188, -82.406053923070431 ], [ -199.994231333364951, -82.573392656631768 ], [ -201.975157618904632, -82.499051950871944 ], [ -201.620168183251735, -83.127937957644463 ], [ -199.208529226340033, -86.139994163997471 ], [ -198.19692059730005, -88.738041741773486 ], [ -198.135360885336922, -89.076121283695102 ], [ -198.147223859346923, -92.86930478643626 ], [ -199.23109880238917, -96.69736160337925 ], [ -199.431937902698337, -97.073240621946752 ], [ -201.453378803234955, -99.446419080719352 ], [ -201.742816288158792, -99.679644114337862 ], [ -204.96706593298768, -101.404615513049066 ], [ -207.786701501358039, -102.102021037600935 ], [ -210.132838550678571, -101.547697747126222 ], [ -212.199094941976, -100.513442324474454 ], [ -214.643664762937988, -99.081197145394981 ], [ -215.031300835793445, -98.668014220893383 ], [ -215.12504045568312, -98.090597910806537 ], [ -206.735543107610283, -94.009780607186258 ], [ -206.680234890653082, -93.906275137327611 ], [ -206.893418880146783, -93.454007929190993 ], [ -206.080452137493921, -93.044928965158761 ], [ -209.955352842653156, -84.73935233335942 ], [ -214.057602631688496, -76.230936551466584 ], [ -214.190758937722421, -75.433997578918934 ], [ -233.05051002786422, -90.63107125274837 ], [ -233.060111216436781, -91.717857827432454 ], [ -233.151076088843183, -91.872939417138696 ], [ -227.960656292856584, -102.59628133289516 ], [ -234.555521841675727, -105.622704026289284 ], [ -234.613140422317883, -105.725146478042006 ], [ -233.248972764875361, -108.663334793411195 ], [ -231.55219636946822, -107.93010032363236 ], [ -229.200035186637251, -113.053766559809446 ], [ -239.293340744769012, -119.963217145763338 ], [ -243.633546653834856, -113.699144336394966 ], [ -244.554991007165881, -114.34534365311265 ], [ -250.649589762115284, -116.884927947074175 ], [ -282.323002614628422, -124.304707813076675 ], [ -279.316243959032363, -137.927688961848617 ], [ -277.856629471760243, -145.675999999977648 ], [ -279.89111154474449, -145.676000000908971 ], [ -281.088307120107856, -139.320730382576585 ], [ -302.512882984570751, -144.260983013547957 ], [ -302.186862074710007, -145.675999999977648 ], [ -304.238559312632788, -145.675999999977648 ], [ -304.463214354198499, -144.700937703251839 ], [ -308.88455250910738, -145.675999999977648 ], [ -318.168130804000612, -145.675999999977648 ], [ -304.910940745832704, -142.752318134531379 ], [ -307.280281176852441, -132.412282567471266 ], [ -307.265535179687504, -131.95665440056473 ], [ -305.525823930349361, -131.582682212814689 ], [ -305.448159189525541, -131.675548150204122 ], [ -302.960601556618712, -142.312440196983516 ], [ -281.488258373614372, -137.361172997392714 ], [ -284.488052314527522, -123.771980297751725 ], [ -284.443560554031137, -123.213588580489159 ], [ -273.184177902377996, -120.793181964196265 ], [ -273.107457142932617, -120.674425760284066 ], [ -273.226643470030467, -120.120361537672579 ], [ -251.186968274541869, -114.957370762713253 ], [ -245.439127020288652, -112.548089449293911 ], [ -244.435947177702474, -111.805768026970327 ], [ -244.978220465689446, -110.525846337899566 ], [ -244.934416657115435, -110.377753528766334 ], [ -245.950755625048259, -105.574471177533269 ], [ -246.057894282177585, -105.526412483304739 ], [ -247.592662781558829, -105.847256024368107 ], [ -248.204143624254357, -102.964532136917114 ], [ -248.318152095720507, -102.887253546155989 ], [ -249.200658457206373, -97.553516153246164 ], [ -282.017643621273237, -105.014652707614005 ], [ -282.135696829216613, -104.938986107707024 ], [ -299.459722123874599, -108.620812110602856 ], [ -299.536722313310747, -108.739377424120903 ], [ -298.35308034479749, -114.308171602897346 ], [ -325.178692318007961, -120.008026752620935 ], [ -325.314570273525533, -119.148045523092151 ], [ -325.763002363231863, -119.768442967906594 ], [ -323.664843230646511, -132.287704744376242 ], [ -324.318230462542488, -138.124255537055433 ], [ -322.201222185602091, -145.675999999977648 ], [ -324.277613744239716, -145.675999999977648 ], [ -326.29685875361065, -138.472994521260262 ], [ -326.326976338146778, -138.085155652835965 ], [ -325.807373850660952, -133.71414293628186 ], [ -333.957330465782434, -135.406779875978827 ], [ -344.728918084481847, -138.105088443495333 ], [ -342.12495163929816, -145.676000000908971 ], [ -344.247361476735023, -145.675999999977648 ], [ -346.593363128928104, -138.882398913614452 ], [ -346.823963762124549, -137.791045606136322 ], [ -346.664056834219082, -137.281510483473539 ], [ -346.296421162685874, -136.713574500754476 ], [ -346.038636957213384, -136.44359574187547 ], [ -345.699784446191188, -136.287006456404924 ], [ -334.423432318273626, -133.462446735240519 ], [ -325.795615024358995, -131.66971991956234 ], [ -327.627145444714188, -120.741374111734331 ], [ -333.296569285039368, -122.089000217616558 ], [ -342.355462235180312, -124.889571404084563 ], [ -344.764114008397883, -125.315924531780183 ], [ -346.239399937223425, -125.122866322286427 ], [ -349.189876714843194, -123.994200952351093 ], [ -353.42217471389813, -121.466804755851626 ], [ -356.846036947510584, -119.6430370118469 ], [ -358.789330868627076, -119.861472728662193 ], [ -359.33406007665144, -119.569967483170331 ], [ -359.603412778258644, -119.013950990512967 ], [ -359.494505396409295, -118.405802648514509 ], [ -359.048936848797894, -117.977814460173249 ], [ -356.486537685543226, -117.624364613555372 ], [ -352.459278754495244, -119.714441478252411 ], [ -348.393118461264748, -122.15838129632175 ], [ -345.645887974902507, -123.209297526627779 ], [ -344.698260919443783, -123.312031842768192 ], [ -342.893904675907834, -122.963352436199784 ], [ -333.791256802254793, -120.151564419269562 ], [ -328.070993013852785, -118.791853629052639 ], [ -332.304366733254938, -104.221803117543459 ], [ -334.517868623892355, -93.408566659316421 ], [ -335.881907198927365, -87.356066507287323 ], [ -338.406614929452189, -82.540988746099174 ], [ -359.268634030231624, -93.566291650757194 ], [ -361.650718052265802, -94.256670037284493 ], [ -364.000827366215162, -94.291614330373704 ], [ -364.343712826774208, -94.236374566331506 ], [ -367.159832923382055, -93.212520947679877 ], [ -369.045718943538304, -91.840295501984656 ], [ -369.310847316533909, -91.552758030593395 ], [ -384.560691292344927, -66.566456248983741 ], [ -386.367368743553016, -62.203306921757758 ], [ -386.949892181923133, -58.739171701483428 ], [ -386.470278284095912, -53.40706212259829 ], [ -385.011956531629039, -46.398653633892536 ], [ -381.6756499798812, -38.917905336245894 ], [ -381.394869459722031, -38.552373874001205 ], [ -362.317607552347908, -23.02565364446491 ], [ -355.234581709895792, -16.651518340222538 ], [ -349.134272289258661, -11.312934743240476 ], [ -327.898270980020243, 8.527342337183654 ], [ -340.499938135446428, 20.397299884818494 ], [ -401.771839681116035, -42.775651399046183 ], [ -369.774604142156022, -92.959353161975741 ], [ -395.017685724496914, -106.299458984285593 ], [ -401.328102705645506, -96.72697109170258 ], [ -380.664016807428197, -83.727564064785838 ], [ -380.620337801325149, -83.618429105728865 ], [ -388.332211515180461, -71.374780281446874 ], [ -388.449437994668187, -71.36697193607688 ], [ -394.192973341285324, -74.980841183103621 ], [ -404.717103492765091, -64.570387021638453 ], [ -400.056924812992293, -59.891858519986272 ], [ -400.075438469599248, -59.775819026865065 ], [ -402.333342237199759, -57.5227528559044 ], [ -399.954811620113105, -55.078760102391243 ], [ -405.916834112258584, -49.172600808553398 ], [ -408.894534418390322, -52.135927436873317 ], [ -410.195289543460603, -50.835516107268631 ], [ -410.336772597840536, -50.835644969716668 ], [ -423.31035377491753, -63.853136125020683 ], [ -423.308531354121442, -64.000152572058141 ], [ -442.624877995871429, -85.407083669677377 ], [ -448.684224638944215, -91.752458644099534 ], [ -448.821932998982447, -91.752068033441901 ], [ -468.038297792167214, -110.129959526471794 ], [ -468.036106705281782, -110.276881089434028 ], [ -470.98928120342498, -111.926305339671671 ], [ -493.537046680028652, -119.589971151202917 ], [ -493.660277123186461, -119.526331716217101 ], [ -494.367700000033437, -119.740783644840121 ], [ -494.367699999942488, -88.393482005223632 ], [ -477.684337482585761, -103.98300055321306 ], [ -469.699780482342248, -95.494210974313319 ], [ -469.685122342785689, -95.377654396928847 ], [ -469.779109599390722, -95.28271915204823 ], [ -455.613228175670884, -80.046699479222298 ], [ -455.474263904872714, -80.04398447740823 ], [ -444.935409969022658, -69.355168143287301 ], [ -444.936167770638349, -69.214102820493281 ], [ -443.072645297883355, -67.324159748852253 ], [ -434.668293774777339, -58.315006478689611 ], [ -431.027286609996736, -55.464814060367644 ], [ -430.874567637451037, -55.470690199173987 ], [ -418.230039633259366, -41.935145154595375 ], [ -418.233964941786326, -41.794995348900557 ], [ -399.342683318916897, -22.030700982548296 ], [ -395.50294174712144, -18.143555731512606 ], [ -395.359672551292533, -18.143736499361694 ], [ -380.342050638331784, -2.779362363740802 ], [ -380.345030962593228, -2.636215048842132 ], [ -353.54348858186313, 26.033245062455535 ], [ -362.906929634715198, 33.550874395295978 ], [ -362.921508653565979, 33.690772681497037 ], [ -376.697056486949805, 44.952122826129198 ], [ -376.836438018346598, 44.9391427366063 ], [ -400.040691478874578, 64.57761709485203 ], [ -435.418661202149451, 93.571537646465003 ], [ -435.429775003964096, 93.709861968643963 ], [ -439.087892976474905, 96.847490531392395 ], [ -439.230210782627182, 96.835111825726926 ], [ -441.880825814640048, 99.014319515787065 ], [ -441.892057901919543, 99.152915093116462 ], [ -446.23573964271236, 102.936622157692909 ], [ -446.3786335719833, 102.924780620262027 ], [ -467.165699683389903, 120.025419739075005 ], [ -467.179594893985268, 120.16629608720541 ], [ -480.115075094299755, 130.741486803628504 ], [ -483.478812625931823, 127.799950272776186 ], [ -484.197893252605354, 126.556283112615347 ], [ -494.36769999997523, 116.297186098061502 ], [ -494.367700000077093, 123.392991175875068 ], [ -487.886255457267907, 130.158569955267012 ], [ -485.422610643008738, 136.242420708760619 ], [ -494.36769999999342, 143.40768616553396 ], [ -494.367700000069817, 159.08538066316396 ], [ -478.652356111544577, 146.436419543810189 ], [ -474.414575227006935, 142.189049208536744 ], [ -474.40688617896194, 142.040532594546676 ], [ -451.068017445935766, 122.931483576074243 ], [ -450.921813547809506, 122.952175546437502 ], [ -448.271264386965413, 121.140342951752245 ], [ -448.254971502779881, 121.008849343284965 ], [ -436.951676071641486, 111.299060221761465 ], [ -436.806075370712279, 111.315143255516887 ], [ -432.13036379175719, 107.843225324526429 ], [ -432.145245528370651, 107.674291073344648 ], [ -416.399079466895273, 93.915185096673667 ], [ -416.186882141189926, 93.987677133642137 ], [ -413.19490164961644, 93.930779160000384 ], [ -410.016899438569453, 96.746762941591442 ], [ -408.514338015362227, 98.318414722569287 ], [ -395.086088365589603, 110.456290622241795 ], [ -414.60302496744589, 132.953750297427177 ], [ -420.8428622481606, 138.057901038788259 ], [ -401.075138828693525, 153.715948014520109 ], [ -401.079983253808678, 153.833351727575064 ], [ -406.23486068755119, 160.346952653490007 ], [ -393.222044266842204, 170.879402202554047 ], [ -393.080939292694893, 170.865006695501506 ], [ -383.600604017408841, 178.648318130522966 ], [ -383.586795755652929, 178.788928615860641 ], [ -391.341148983317908, 188.243869484402239 ], [ -391.494192526786719, 188.24763051699847 ], [ -393.486817535425871, 190.014166017062962 ], [ -404.055122401028711, 202.978235966525972 ], [ -420.687540204680772, 220.603253552690148 ], [ -420.685213931204999, 220.746375646442175 ], [ -433.741238841119412, 233.775720675475895 ], [ -438.875210614422031, 237.632589733228087 ], [ -438.886270154687736, 237.766075967811048 ], [ -445.238205233343251, 243.608933316543698 ], [ -445.374726284257122, 243.606778268702328 ], [ -453.015663656095057, 251.533399341627955 ], [ -453.017525126017063, 251.679107068106532 ], [ -458.932361980214409, 257.11515289824456 ], [ -459.072906657323983, 257.10974895209074 ], [ -478.770065414382771, 275.536694964393973 ], [ -494.367699999982506, 287.74014903511852 ], [ -494.36769999995704, 298.856635637581348 ] ], [ [ -142.417650141673221, -108.677665791474283 ], [ -138.231031431954762, -108.856225977651775 ], [ -139.180875897556689, -107.027999689802527 ], [ -142.417650141673221, -108.677665791474283 ] ], [ [ -307.046839223250572, 110.604115964844823 ], [ -307.294014572074957, 111.237086604349315 ], [ -308.005600404449069, 114.941916832700372 ], [ -309.425402323558956, 117.350277348421514 ], [ -312.498846301232334, 121.306350286118686 ], [ -314.776701417653385, 123.937248487956822 ], [ -352.294577828890397, 164.391650855541229 ], [ -411.474588489219968, 225.790870760567486 ], [ -442.084230389047661, 254.282340145669878 ], [ -479.716815213674636, 288.61630029976368 ], [ -480.613390225740659, 289.126973936334252 ], [ -481.576534371559319, 289.177723215892911 ], [ -482.857380152936457, 288.761801713146269 ], [ -483.317478187685992, 288.72445401456207 ], [ -484.415680185373276, 288.892667938955128 ], [ -484.98861695674168, 289.149683292023838 ], [ -483.658546334836501, 288.256647016853094 ], [ -467.999972360505126, 274.798653166741133 ], [ -456.696892985199156, 264.446185355074704 ], [ -452.181716163637248, 260.456645030528307 ], [ -443.652029017192035, 252.498420514166355 ], [ -428.550524938777016, 238.666983108967543 ], [ -398.493014502399092, 207.796713896095753 ], [ -391.77219374624292, 203.444344345480204 ], [ -354.929146626551301, 163.897966004908085 ], [ -315.46730197947727, 120.282817460596561 ], [ -313.399368535305257, 117.79167627543211 ], [ -311.224913895914142, 115.509895385242999 ], [ -309.653665117919445, 113.278171829879284 ], [ -308.687459691564072, 110.991765203885734 ], [ -308.435979233390754, 110.629782599397004 ], [ -308.411122506193351, 110.961689710617065 ], [ -307.046839223250572, 110.604115964844823 ] ], [ [ -235.799792140351201, 181.901416386477649 ], [ -233.054124513833813, 177.606782114133239 ], [ -227.620921618832654, 177.982126108370721 ], [ -211.833369581558145, 177.928939375095069 ], [ -204.326134600532896, 181.021141435950994 ], [ -240.926156535439077, 212.353285619057715 ], [ -235.799792140351201, 181.901416386477649 ] ], [ [ -206.538058165080656, 140.376610269770026 ], [ -197.277120126964292, 129.765940870158374 ], [ -184.139547708999089, 110.893789614550769 ], [ -170.316688799510302, 90.259553893469274 ], [ -152.162504885100134, 62.822774197906256 ], [ -145.272075733901147, 49.395434725098312 ], [ -140.590533824650265, 45.981851716525853 ], [ -119.920329532320466, 34.260976157151163 ], [ -108.384675390647317, 52.702157580293715 ], [ -103.45804782916457, 59.867592233233154 ], [ -95.433275102986954, 70.68090218026191 ], [ -91.273406539854477, 76.051439067348838 ], [ -83.2392539503835, 85.866672588512301 ], [ -80.132496870692194, 90.489804776385427 ], [ -81.162260628723743, 91.31539158988744 ], [ -106.155480743876979, 62.87217902392149 ], [ -109.071079019209719, 65.317152177914977 ], [ -111.168402633809819, 65.542076860554516 ], [ -116.069593460548276, 59.884497337974608 ], [ -140.267221793179488, 82.055028016678989 ], [ -136.567495166316803, 86.384848463349044 ], [ -136.428142931359616, 86.394084420986474 ], [ -103.696493768269647, 123.135383481159806 ], [ -137.225965717498184, 153.09917507134378 ], [ -123.825629473942172, 168.12137545645237 ], [ -123.813892420072079, 168.238311702385545 ], [ -138.713351826238068, 181.477672169916332 ], [ -159.816280568536968, 157.853715450502932 ], [ -162.807377420705961, 160.523022744804621 ], [ -162.924294897455184, 160.53479416295886 ], [ -180.049530469623278, 141.357420795597136 ], [ -181.303966774657965, 142.549208442680538 ], [ -179.198640847827846, 144.863172005861998 ], [ -179.185752846637115, 144.979982702992857 ], [ -184.730207740194601, 150.030731488019228 ], [ -184.871420959147144, 150.024061462841928 ], [ -186.992015878495295, 147.693288702517748 ], [ -196.762203613037855, 156.378988084383309 ], [ -199.092875352060219, 158.053300500847399 ], [ -200.821343199506373, 158.470859494991601 ], [ -200.925343075867204, 158.363379566930234 ], [ -200.69023935849691, 158.345922784879804 ], [ -208.532753927658632, 150.501409057527781 ], [ -211.620128888625914, 147.027073407545686 ], [ -206.538058165080656, 140.376610269770026 ] ], [ [ -99.568267638705947, 173.480174128897488 ], [ -98.949403116648682, 174.112050272524357 ], [ -98.249319027841921, 181.790100823156536 ], [ -95.371772959791997, 217.323414051905274 ], [ -94.38000543036469, 252.652956915087998 ], [ -93.120295331025773, 265.346014773473144 ], [ -88.782669317724867, 281.504939582198858 ], [ -86.95817672076555, 286.183454382233322 ], [ -91.074607746320908, 281.299379302188754 ], [ -113.836866682813707, 255.696481930091977 ], [ -117.650269342935644, 251.874472604133189 ], [ -120.351956275681005, 247.877047775313258 ], [ -120.80850957074108, 245.921766421757638 ], [ -120.763839426017512, 239.80848179012537 ], [ -118.25089592981567, 194.350194266997278 ], [ -115.584630420999019, 188.900744729675353 ], [ -99.568267638705947, 173.480174128897488 ] ], [ [ -88.296054873542744, -18.738845903426409 ], [ -72.007357662330833, -44.064052276313305 ], [ -58.623309890674136, -65.316289402544498 ], [ -58.49781569076913, -65.612936559133232 ], [ -58.473169931101438, -65.934092150069773 ], [ -58.551931314994363, -66.24641405697912 ], [ -58.725922896725024, -66.517477256245911 ], [ -58.977081004428328, -66.719140176661313 ], [ -64.841364058913314, -67.906477868556976 ], [ -64.772253509256188, -72.121719544753432 ], [ -34.882476098591724, -122.458291692659259 ], [ -17.168695656611817, -132.35845126118511 ], [ -16.350653364495884, -97.944010883569717 ], [ -15.662293651726941, -89.766664445400238 ], [ -14.827528508702017, -84.585013669915497 ], [ -13.241639542344274, -78.616995241492987 ], [ -8.730088490834532, -69.837545450776815 ], [ -8.85235295703751, -68.274901461787522 ], [ -8.7927644342235, -67.748219204135239 ], [ -9.461838154606085, -57.16133583150804 ], [ -9.681060082417389, -52.499591080471873 ], [ -33.437321517863893, -53.553864235989749 ], [ -25.152530808027223, -83.291869325563312 ], [ -28.059407513499536, -84.349048899486661 ], [ -41.518860546451833, -39.567662787623703 ], [ -33.673797714942339, -37.209722077473998 ], [ -33.959753332246692, -39.473150867037475 ], [ -33.831300392355843, -39.581263736821711 ], [ -14.963255734337508, -33.766233098693192 ], [ -6.801286172349137, 27.964164883829653 ], [ -6.833730309079328, 28.051757547073066 ], [ -6.954030192568098, 28.061617886647582 ], [ -17.130697829587007, 21.590537647716701 ], [ -15.917431122299604, 31.155080379918218 ], [ -5.490354907269648, 37.686774267815053 ], [ -0.215768328176637, 79.438705442473292 ], [ -0.335587648534784, 79.448813697323203 ], [ -100.99134674978086, 16.184628115035594 ], [ -101.356529332797436, 16.594144308939576 ], [ -96.955551703296805, 23.260753568261862 ], [ -88.235483074568037, 35.188708492554724 ], [ -51.730518465175919, 81.415906623005867 ], [ -53.556347274745349, 93.795634005218744 ], [ -54.386679007393468, 93.124518690630794 ], [ -58.319002241807539, 89.128571508452296 ], [ -64.274580165772932, 82.091228356584907 ], [ -76.395534217785098, 67.308456513099372 ], [ -84.557791302002443, 56.419244091957808 ], [ -92.245390130434316, 45.604857735335827 ], [ -97.202740909713611, 37.663286036811769 ], [ -99.893345039035921, 33.171633220277727 ], [ -107.928523797201706, 18.838294665329158 ], [ -107.724361190128548, 17.928351742215455 ], [ -107.335391114158483, 17.002750674262643 ], [ -105.887937397745191, 14.325669311918318 ], [ -106.303240517701852, 13.948196714743972 ], [ -88.296054873542744, -18.738845903426409 ] ], [ [ -347.169913246303622, -12.212038727477193 ], [ -344.476280711221989, -16.372648195363581 ], [ -344.321557049679541, -16.808515237644315 ], [ -343.948611343981611, -20.259462152607739 ], [ -343.975522384496799, -20.620453855954111 ], [ -345.545772333685818, -26.608107335865498 ], [ -346.051500139055861, -32.850771615281701 ], [ -343.204997072583865, -30.052704283036292 ], [ -338.974670458566834, -24.578952425159514 ], [ -335.027659012497679, -20.145799146033823 ], [ -329.496706336809439, -15.683363393880427 ], [ -326.704990919550255, -12.257140286266804 ], [ -323.412719917627328, -6.387783122248948 ], [ -319.946935123747608, -2.306059547699988 ], [ -312.808281065252231, 2.404741075821221 ], [ -308.020089985469895, 6.582323948852718 ], [ -305.436655135090405, 8.944483991712332 ], [ -303.945387989924711, 12.671428480185568 ], [ -300.833688295891989, 16.894731760956347 ], [ -299.579111205977824, 19.495688096620142 ], [ -298.516867558966624, 22.192837883718312 ], [ -298.319351004451164, 22.506670425646007 ], [ -298.021029641733548, 22.726915792562068 ], [ -297.223585569545321, 23.111543673090637 ], [ -297.164156563805591, 23.979548959061503 ], [ -295.187758993801253, 29.520774380303919 ], [ -296.705918447110889, 29.533347531221807 ], [ -298.937547280133003, 28.867034026421607 ], [ -303.653744410601576, 26.052743083797395 ], [ -315.889362466277817, 16.800499080680311 ], [ -329.280418303276747, 4.554496675729752 ], [ -347.169913246303622, -12.212038727477193 ] ], [ [ -304.015545241338259, 7.534792753867805 ], [ -306.696913969302841, 5.083454285748303 ], [ -311.54628224067892, 0.852495766244829 ], [ -318.516835142027048, -3.710746970959008 ], [ -321.825198166387054, -7.607071798294783 ], [ -325.001268445095775, -13.307054597884417 ], [ -328.013354116457776, -17.028000870719552 ], [ -333.59029510914479, -21.537980645895004 ], [ -337.414100905831219, -25.829197994433343 ], [ -341.754889277843176, -31.430780250579119 ], [ -346.766256796772723, -36.356874980032444 ], [ -349.325538715478615, -42.892896797508001 ], [ -350.429359835405194, -44.781223420985043 ], [ -350.657865724961084, -46.121025526896119 ], [ -350.214156311556508, -47.726566593162715 ], [ -348.679054152689787, -49.371100994758308 ], [ -343.509952986589269, -51.164286204613745 ], [ -343.679089126195322, -46.460099136456847 ], [ -343.470812873949399, -44.662228100001812 ], [ -343.224401854284224, -44.118439826183021 ], [ -341.931659141861019, -42.671829321421683 ], [ -330.944538812465908, -31.491729483939707 ], [ -320.710165970063827, -21.825690639205277 ], [ -308.931370356776824, -14.410688140429556 ], [ -306.962587422653087, -13.449356412515044 ], [ -306.59881050464719, -11.149758118204772 ], [ -305.605912404904302, -9.220883210189641 ], [ -303.735262640879228, -7.236849947832525 ], [ -302.088747740326653, -5.788750163279474 ], [ -299.999290042134817, -4.899654281325638 ], [ -298.069484904923229, -4.754575785249472 ], [ -295.820966678214972, -0.410152328200638 ], [ -293.948607159652965, 4.470921850763261 ], [ -293.159554024821773, 7.834915252402425 ], [ -293.455055921831445, 11.321358680725098 ], [ -294.493516791457296, 13.27949383109808 ], [ -297.072797651038854, 11.869702122174203 ], [ -300.012101156471545, 9.619505430571735 ], [ -304.015545241338259, 7.534792753867805 ] ], [ [ -295.98543742234142, -5.077590461820364 ], [ -294.44323835166324, -5.528838367201388 ], [ -292.703956772971651, -6.599310387857258 ], [ -291.044132770888609, -8.021769253537059 ], [ -290.380860972360097, -9.063805363141 ], [ -288.102327434829931, -8.3016845183447 ], [ -287.670255641440235, -5.678225104697049 ], [ -287.872197074182623, 1.936611944809556 ], [ -289.420863902147175, 9.876980105414987 ], [ -289.86871059301302, 14.295475576072931 ], [ -289.823416128312601, 20.170784794725478 ], [ -291.384996355367548, 21.158018263056874 ], [ -293.649719218034079, 21.745717119425535 ], [ -295.228493410157171, 21.581651967018843 ], [ -295.229729185984979, 21.163519887253642 ], [ -293.789327778718871, 16.219270126894116 ], [ -291.593067209330911, 12.07765188254416 ], [ -291.48013011700823, 11.693715282715857 ], [ -291.17681668635305, 7.532890504226089 ], [ -292.057552222187951, 3.81838184595108 ], [ -293.974223213252117, -1.178208368830383 ], [ -295.98543742234142, -5.077590461820364 ] ], [ [ -286.169568006407644, -8.869348773732781 ], [ -284.274480699352353, -12.165410508401692 ], [ -281.124984770893207, -15.966776012443006 ], [ -278.070630285248626, -21.080709625035524 ], [ -275.657454640360811, -27.170906661078334 ], [ -272.942599914120365, -31.417941441759467 ], [ -270.968895495527249, -36.597599829547107 ], [ -270.64034470468323, -39.41521446313709 ], [ -271.669358398054101, -45.32135749887675 ], [ -273.966381364372864, -49.731421081349254 ], [ -278.03493164558131, -59.564991953782737 ], [ -281.692887506429543, -66.225404295139015 ], [ -285.209252934331744, -75.29210417624563 ], [ -280.728707622425645, -78.049832855351269 ], [ -277.887448748750103, -79.641816195100546 ], [ -266.8168616504081, -82.573109962046146 ], [ -262.082938696768906, -83.510997152887285 ], [ -265.512285577833609, -75.607013431377709 ], [ -266.864707064834874, -68.640958439558744 ], [ -267.458818917240933, -63.534035484306514 ], [ -267.361234537167547, -57.638373768888414 ], [ -265.171293434088511, -48.183134850114584 ], [ -264.408312599458441, -44.006593886762857 ], [ -263.920972946430993, -39.980151657015085 ], [ -263.935766874346882, -36.689899765886366 ], [ -264.086821574661371, -34.952875601127744 ], [ -265.854735764252837, -28.141840822994709 ], [ -282.69392300369509, 23.453643555752933 ], [ -284.506535909362356, 26.980580439791083 ], [ -287.216042050338729, 28.414060222916305 ], [ -290.320534785041673, 29.356482584960759 ], [ -293.080447291622477, 29.477679426781833 ], [ -295.177921606580639, 23.596991198137403 ], [ -293.676751091177721, 23.752991821616888 ], [ -293.32232760259285, 23.726297133602202 ], [ -290.731681289498738, 23.054020661860704 ], [ -288.285316350415087, 21.563748447224498 ], [ -288.035196575388909, 21.338608889840543 ], [ -287.873958397614842, 21.043227825313807 ], [ -287.819874146911388, 20.711079335771501 ], [ -287.869028126107878, 14.335139903239906 ], [ -287.436653405682591, 10.126456890255213 ], [ -285.875795347270468, 2.073056713677943 ], [ -285.669119299942395, -5.720314334146678 ], [ -286.169568006407644, -8.869348773732781 ] ], [ [ -281.732696583989309, 25.957811157219112 ], [ -280.817997833877598, 24.149722574278712 ], [ -263.944541908376777, -27.550761795602739 ], [ -262.130585236516708, -34.531654824502766 ], [ -261.936654854647713, -36.639777969568968 ], [ -261.921394826647884, -40.033694235607982 ], [ -262.427099980819548, -44.276728755794466 ], [ -263.218245105834285, -48.611411907710135 ], [ -265.3893092831986, -57.985148191452026 ], [ -265.465318382079204, -63.368454131297767 ], [ -264.894744097658986, -68.297477876767516 ], [ -263.57069692256664, -75.117382468655705 ], [ -259.622041523611188, -84.148759994655848 ], [ -250.979999350860453, -88.876590074039996 ], [ -250.543048378838648, -88.41748162265867 ], [ -244.053167059664702, -91.19949056301266 ], [ -239.171108657752484, -90.107059914618731 ], [ -218.219963403445945, -74.063275712542236 ], [ -216.186746385577862, -69.100919566117227 ], [ -216.93862306601477, -48.868984882719815 ], [ -219.314351536959293, -33.306517056189477 ], [ -218.820402835846835, -33.034475889988244 ], [ -220.668326686887667, -28.405273769050837 ], [ -221.981981911465482, -20.483322696760297 ], [ -222.675556800113554, -12.936595587059855 ], [ -223.680776120465453, -9.650304473005235 ], [ -225.846572205326083, -4.036662532016635 ], [ -230.689770391214552, 5.034173286519945 ], [ -232.87787198570004, 7.994510163553059 ], [ -237.554815721896375, 13.599527962505817 ], [ -243.021309337667844, 18.27676744107157 ], [ -249.123993314067775, 22.158471914939582 ], [ -255.186024582895698, 25.69992150273174 ], [ -265.218200129238539, 32.136910989880562 ], [ -269.117999215482996, 33.734907153062522 ], [ -272.652731294261685, 33.963635256513953 ], [ -275.597946982772555, 32.549518102779984 ], [ -278.040988230946823, 30.171168643981218 ], [ -280.244696222824132, 27.857907923869789 ], [ -281.732696583989309, 25.957811157219112 ] ], [ [ -209.075359981889051, -41.659496662206948 ], [ -207.978749168343711, -41.628475586883724 ], [ -202.626163337581602, -38.622993083670735 ], [ -202.344181856089563, -38.516746421344578 ], [ -201.751004224013741, -38.572399917989969 ], [ -201.294836594977824, -38.955633672885597 ], [ -194.489617903218459, -49.584907562471926 ], [ -194.331888097212868, -50.132192322053015 ], [ -194.498657278305473, -50.676790655590594 ], [ -194.69066892750925, -50.891143471002579 ], [ -208.305088125309339, -62.262894792482257 ], [ -208.79701839939662, -62.484173030592501 ], [ -210.594612112183313, -62.29809747915715 ], [ -209.692418959606584, -64.604336900636554 ], [ -192.338138891323979, -50.360913679003716 ], [ -201.981327123245137, -35.200535454787314 ], [ -201.950037157346742, -35.063477324321866 ], [ -207.951973183562586, -25.423771334812045 ], [ -208.086568327649729, -25.390435668639839 ], [ -227.226782068917601, 7.773306710645556 ], [ -284.583361729122771, 70.869391929358244 ], [ -291.201793996275228, 71.225552272982895 ], [ -339.106222095493649, 21.834266033023596 ], [ -326.418733866736147, 9.880287571810186 ], [ -317.132488137474866, 18.367052155546844 ], [ -304.815954971714746, 27.680481981486082 ], [ -299.628866417795507, 30.747154819779098 ], [ -296.83963824111197, 31.533840847201645 ], [ -293.745598627239815, 31.508013255894184 ], [ -290.106904701851818, 31.348345469683409 ], [ -286.366119328611603, 30.226284652017057 ], [ -283.293774206489616, 28.600842817686498 ], [ -283.050285109240576, 28.419961987994611 ], [ -282.739085849147159, 27.915418769232929 ], [ -281.725683768561794, 29.201890629716218 ], [ -279.449115844963671, 31.590605420991778 ], [ -276.875391516088712, 34.096177468076348 ], [ -276.610759569595757, 34.28105799574405 ], [ -273.039696222609564, 35.95949547085911 ], [ -268.825718964084444, 35.719492770731449 ], [ -268.511233957622608, 35.646933239884675 ], [ -264.377253407756143, 33.952977997250855 ], [ -254.117326160318044, 27.389805618673563 ], [ -248.066975535684833, 23.855629195459187 ], [ -241.775231929295842, 19.841874551028013 ], [ -236.073537697247957, 14.944942867383361 ], [ -231.323919332891819, 9.252829157747328 ], [ -229.040991846484758, 6.167113007977605 ], [ -224.050083400725271, -3.157306286506355 ], [ -221.779339525955947, -9.031368561089039 ], [ -220.69396549420162, -12.651647648774087 ], [ -220.003624481299994, -20.192281835712492 ], [ -218.714177175115765, -27.968247997574508 ], [ -217.04970550557664, -32.05930014513433 ], [ -211.255006176437746, -28.86809204146266 ], [ -205.875748984135498, -37.506754474714398 ], [ -205.738036435956019, -37.538764055818319 ], [ -204.834883711118891, -38.988668908365071 ], [ -209.03494834342564, -41.388453454710543 ], [ -209.075359981889051, -41.659496662206948 ] ], [ [ -146.882512643718655, 46.603134077973664 ], [ -147.033335070855173, 48.448453831486404 ], [ -153.860467133436032, 61.765765156596899 ], [ -171.982481160408497, 89.153925757855177 ], [ -185.795619529020769, 109.773621784523129 ], [ -198.886582187231397, 128.578538708388805 ], [ -200.580534852966593, 130.517699792049825 ], [ -200.265987673667041, 128.132262440398335 ], [ -208.851936470045985, 139.118093820288777 ], [ -212.238830705222426, 143.86359434761107 ], [ -213.494034348746936, 145.186629158444703 ], [ -218.776899538353973, 140.025553299114108 ], [ -242.751897891846966, 117.029394803568721 ], [ -269.325885949565418, 90.986242701299489 ], [ -265.006238098980248, 82.05492299888283 ], [ -264.265317701301683, 80.36708353087306 ], [ -263.839510585659809, 77.135917542502284 ], [ -262.710731114093505, 72.842620756477118 ], [ -262.32469087280333, 68.722647757269442 ], [ -262.308189388513711, 65.668379058130085 ], [ -233.877274454509461, 34.698389941826463 ], [ -232.819438015230844, 33.369106071069837 ], [ -229.420218075807497, 29.733743641525507 ], [ -224.601815769745372, 23.510204513557255 ], [ -219.004197675178148, 16.008788824081421 ], [ -217.784848859962949, 14.476547493599355 ], [ -208.99928200433169, 7.068847451359034 ], [ -200.849864868750956, -5.259938797913492 ], [ -194.758046026136071, -9.95411778613925 ], [ -191.591152832810621, -15.039549023844302 ], [ -190.195842168535819, -17.128920064307749 ], [ -179.484451027654359, -29.612468822859228 ], [ -175.877061658222374, -33.488500779494643 ], [ -173.763899044799473, -36.176978007890284 ], [ -164.110369873922536, -35.504059626720846 ], [ -163.392127592518591, -37.032279851846397 ], [ -166.607645265085011, -39.342626850120723 ], [ -169.959893141744033, -40.721247071400285 ], [ -169.835859563872873, -41.077927678823471 ], [ -169.293973726082186, -41.876051308587193 ], [ -167.134277666589696, -44.62962441612035 ], [ -164.011854574431709, -39.908863677643239 ], [ -162.56881140526275, -38.784045319072902 ], [ -162.347066395739603, -39.255970692262053 ], [ -132.260993121530191, 12.792426402680576 ], [ -145.251636733213672, 38.938719462603331 ], [ -147.770874661764537, 44.382844421081245 ], [ -150.325447917817655, 51.202154553495347 ], [ -146.882512643718655, 46.603134077973664 ] ], [ [ -167.465151793314362, -114.842667051590979 ], [ -165.14651035253155, -116.831612511537969 ], [ -145.174054175491619, -108.90056102629751 ], [ -145.164132041847552, -108.78136595338583 ], [ -147.791934083070373, -106.477616105228662 ], [ -145.616682780851988, -102.858495025895536 ], [ -145.680159693043606, -99.513455339707434 ], [ -148.320813153997733, -93.119681406766176 ], [ -154.953890872577176, -82.060317606665194 ], [ -160.422101936705076, -72.680647308006883 ], [ -161.801768483843261, -75.784001566469669 ], [ -162.467435787742943, -77.483228633180261 ], [ -163.875132361872602, -82.046310498379171 ], [ -164.973651957930997, -86.262661259621382 ], [ -165.800544821780932, -89.808029021136463 ], [ -166.260290570146026, -92.550181497819722 ], [ -167.465151793314362, -114.842667051590979 ] ], [ [ -161.708140964423364, -125.846883376128972 ], [ -137.489347920491127, -145.238512250594795 ], [ -138.383600925728388, -138.959267986007035 ], [ -144.938239627854273, -110.958102471195161 ], [ -164.096023753780173, -118.565648133866489 ], [ -161.708140964423364, -125.846883376128972 ] ], [ [ -336.54630801903113, -81.783504808321595 ], [ -333.960381736707859, -86.788389299064875 ], [ -332.565252815471467, -92.978843321092427 ], [ -331.727751570277178, -97.07781489007175 ], [ -324.752458771532474, -99.542105020023882 ], [ -322.117573700772482, -93.422748345881701 ], [ -321.162046178076707, -89.438119341619313 ], [ -320.979550992526129, -89.058171033859253 ], [ -318.318558085700715, -85.630894291214645 ], [ -317.989193430119485, -85.356544601731002 ], [ -312.637228756115292, -82.580848689191043 ], [ -312.74706872625211, -77.930564194917679 ], [ -313.645812179267523, -77.717694099061191 ], [ -318.265018471605799, -77.497594026848674 ], [ -328.184472612840182, -79.160275600850582 ], [ -336.54630801903113, -81.783504808321595 ] ], [ [ -310.624522662097661, -83.124086898751557 ], [ -309.885403648222564, -91.291225463151932 ], [ -306.639621925110987, -96.280457766726613 ], [ -304.439694356678956, -102.298110929317772 ], [ -302.626978760874408, -106.590318975038826 ], [ -299.484158509503686, -105.390381691046059 ], [ -277.894695144372236, -100.306793753057718 ], [ -281.023432483982106, -86.267013683915138 ], [ -310.735139698419516, -78.440903558395803 ], [ -310.624522662097661, -83.124086898751557 ] ], [ [ -279.197928526815303, -85.266942361369729 ], [ -275.948606373112852, -99.848193297162652 ], [ -251.557609609424617, -94.095855581574142 ], [ -252.780110334748315, -90.779011626727879 ], [ -252.383181830802641, -90.357997961342335 ], [ -260.74420463921706, -85.814405580051243 ], [ -267.298036367279565, -84.513919080607593 ], [ -278.521548118727878, -81.542133612558246 ], [ -279.918968769767162, -80.795304142870009 ], [ -279.197928526815303, -85.266942361369729 ] ], [ [ -331.260522265205509, -99.363301104865968 ], [ -330.373137490983936, -103.702894616872072 ], [ -326.42911898975035, -117.277068070136011 ], [ -325.807803182651696, -116.417939742095768 ], [ -326.45376430016222, -113.259688115678728 ], [ -307.323520432782971, -108.391841258853674 ], [ -304.495163877460072, -107.305674469098449 ], [ -306.036148518211121, -103.656891350634396 ], [ -315.926827954617693, -103.549407661892474 ], [ -319.495589566471608, -103.228145655244589 ], [ -324.537004426572821, -101.738642053678632 ], [ -331.260522265205509, -99.363301104865968 ] ], [ [ -319.214585062187325, -101.246130419895053 ], [ -315.865197288763738, -101.550642248243093 ], [ -306.805692569143503, -101.649093424901366 ], [ -308.477618199551216, -97.075729898177087 ], [ -311.802266178381615, -91.960106942802668 ], [ -312.48451757147086, -84.753857432864606 ], [ -316.873922578399288, -87.030339859426022 ], [ -319.26812452131162, -90.11399807035923 ], [ -320.247320425012731, -94.134634956717491 ], [ -322.841877628408838, -100.160332648083568 ], [ -319.214585062187325, -101.246130419895053 ] ], [ [ -203.858328961339794, -93.079058403149247 ], [ -203.780724629516044, -93.680600665509701 ], [ -204.065180938969206, -94.216287265531719 ], [ -204.314905658189673, -94.394685188308358 ], [ -212.046944204445026, -98.285390817560256 ], [ -209.343186181735291, -99.707288456149399 ], [ -207.795588364611831, -100.073969360440969 ], [ -205.799518915533554, -99.582515301182866 ], [ -202.852740961481686, -98.005991075187922 ], [ -201.09537642946816, -95.942839162424207 ], [ -200.109753868082407, -92.461792564950883 ], [ -200.133336771288668, -89.265281303785741 ], [ -200.870794744245359, -87.262735835276544 ], [ -203.231354311439645, -84.314476083964109 ], [ -204.113886040717261, -82.777399634942412 ], [ -207.747840261883539, -84.742164955474436 ], [ -203.858328961339794, -93.079058403149247 ] ], [ [ -202.363933071226711, -80.483270303346217 ], [ -200.011843512191263, -80.573904237709939 ], [ -194.811735412034977, -80.446020871400833 ], [ -193.045442923335941, -79.958998549729586 ], [ -190.871463654864783, -78.84952490311116 ], [ -189.94278710299659, -78.000390882603824 ], [ -189.345567656109779, -76.291038699448109 ], [ -189.28073454396872, -74.841990342363715 ], [ -189.771558749629548, -73.507741583511233 ], [ -190.672532394864902, -72.276318121701479 ], [ -190.712173104513568, -71.69432011526078 ], [ -190.410171556262867, -70.39321790728718 ], [ -190.414569951359226, -69.562313028611243 ], [ -190.678065129459355, -68.427678279578686 ], [ -191.101491441391772, -67.476791927590966 ], [ -192.221423118002349, -66.710080393590033 ], [ -193.23864373185279, -66.427308216691017 ], [ -194.963403495914463, -66.607320594601333 ], [ -197.068496003925247, -67.834313967265189 ], [ -198.667900610114884, -69.794152354821563 ], [ -200.277923961375564, -73.235600090585649 ], [ -201.855384173411949, -78.925766685977578 ], [ -202.363933071226711, -80.483270303346217 ] ], [ [ -211.42345468534586, -60.180313233286142 ], [ -209.253523408408, -60.450085354037583 ], [ -196.648253519693753, -49.921248785220087 ], [ -202.469929040587886, -40.828200318850577 ], [ -207.43757469013326, -43.584220479242504 ], [ -209.374460988337887, -43.668080006726086 ], [ -211.718276795980273, -59.427348527126014 ], [ -211.42345468534586, -60.180313233286142 ] ], [ [ -356.130367613426642, -20.147231562994421 ], [ -361.036314401457275, -24.560636724345386 ], [ -379.949128776903308, -39.95351536758244 ], [ -383.07677193094969, -46.912669132463634 ], [ -384.500989348221992, -53.757178826257586 ], [ -384.946957223944992, -58.786834656260908 ], [ -384.476001223587446, -61.545822185464203 ], [ -382.812878963921321, -65.592450607568026 ], [ -367.708157497714637, -90.340974657796323 ], [ -366.103490671295731, -91.508576859720051 ], [ -363.854237645811736, -92.28989648912102 ], [ -361.822979133863555, -92.259693257510662 ], [ -359.946414304724385, -91.682986421510577 ], [ -338.997541020860808, -80.591605060733855 ], [ -339.164364404390653, -71.007430995814502 ], [ -339.462403797908337, -69.737972613424063 ], [ -344.657567267071499, -68.45483772456646 ], [ -344.994405817296865, -68.30099480971694 ], [ -349.102503287460422, -65.389820869080722 ], [ -354.491210054487965, -60.383584194816649 ], [ -357.303928496945446, -55.297126903198659 ], [ -359.542585760327711, -48.524573412723839 ], [ -360.28220974035321, -42.581101759336889 ], [ -359.300374812730297, -37.129482233896852 ], [ -358.069528723252006, -32.199175025336444 ], [ -355.842978030847007, -27.14059217646718 ], [ -354.734032427279089, -24.081251441501081 ], [ -355.078603592441141, -21.959553418681026 ], [ -356.130367613426642, -20.147231562994421 ] ], [ [ -339.97528286538909, -67.551902460865676 ], [ -343.306064474350933, -53.351218343712389 ], [ -349.785962573962024, -51.072239547967911 ], [ -351.984633144305917, -48.717626511119306 ], [ -352.64429091225611, -46.438859003596008 ], [ -352.666180082191204, -46.004506902769208 ], [ -352.369101825630423, -44.262643367983401 ], [ -352.243612620613931, -43.920984444208443 ], [ -351.158612660818108, -42.090520112775266 ], [ -348.19230927679564, -34.516485058702528 ], [ -347.531454116149689, -26.358940702863038 ], [ -345.956128629079103, -20.291305620223284 ], [ -346.28376013043453, -17.25966084562242 ], [ -348.674310952092128, -13.567194178700447 ], [ -354.61181359951479, -18.780699884518981 ], [ -353.256825917518654, -21.11551430542022 ], [ -353.134703105231893, -21.457032957114279 ], [ -352.710332276981717, -24.270765768364072 ], [ -353.999602809857606, -27.915418504737318 ], [ -356.204784004656176, -32.925451183691621 ], [ -357.340916256098353, -37.527676306664944 ], [ -358.27879045192276, -42.49434573110193 ], [ -357.613010697154095, -47.991712782531977 ], [ -355.43390399074633, -54.584109512157738 ], [ -353.011031417678169, -59.029739753343165 ], [ -347.790814187805154, -63.879445658065379 ], [ -343.995251513106268, -66.559024745598435 ], [ -339.97528286538909, -67.551902460865676 ] ], [ [ -341.46298057477361, -52.453790780156851 ], [ -337.193521857736414, -70.654598454013467 ], [ -337.01110924088789, -79.833927721716464 ], [ -328.583078074467267, -77.199880260042846 ], [ -318.489789369392383, -75.508060846477747 ], [ -313.458049896682496, -75.725055258721113 ], [ -311.511278577232588, -76.168953345157206 ], [ -281.41168254511831, -84.097238042391837 ], [ -282.149237874213213, -79.523179100826383 ], [ -291.153653960724114, -73.976982022635639 ], [ -305.006987374636083, -63.693798762746155 ], [ -307.317309082653082, -61.767893926240504 ], [ -308.989051891603594, -62.498168325982988 ], [ -311.08929233337949, -63.277774863876402 ], [ -311.507312224972338, -63.337794142775238 ], [ -314.883800989186057, -63.056607270613313 ], [ -317.226131954779703, -62.15728428401053 ], [ -319.368451659225684, -60.684108223766088 ], [ -319.699926511388185, -60.286317626014352 ], [ -320.869515299014893, -57.649588970467448 ], [ -321.227855630775593, -55.012831151485443 ], [ -321.151115526216017, -54.472919107414782 ], [ -320.302791996462474, -52.577143616043031 ], [ -318.928107062742129, -50.256081154569983 ], [ -316.742745776682568, -48.275199326686561 ], [ -314.220774042951234, -47.103600895963609 ], [ -311.119323241509846, -46.74960623588413 ], [ -310.750067562103141, -46.782658737152815 ], [ -308.083058446172799, -47.537403714843094 ], [ -307.700391905907964, -47.744000646285713 ], [ -305.865325668748483, -49.335098041221499 ], [ -305.649539873720641, -49.599192187190056 ], [ -304.546253876524133, -51.554809914901853 ], [ -304.419885155864904, -51.973522552289069 ], [ -304.222907610581387, -54.683113405480981 ], [ -304.320603262322038, -57.020295639522374 ], [ -305.195619550806441, -59.511125404387712 ], [ -305.802762217783311, -60.427766540087759 ], [ -303.792495091178353, -62.1053760740906 ], [ -291.346742935056682, -71.343726641498506 ], [ -290.572186173560112, -64.833521730266511 ], [ -288.979876325774967, -59.050566340796649 ], [ -283.497809902450172, -47.602746593765914 ], [ -282.598877153750436, -43.247867519035935 ], [ -282.653187810838062, -42.10460215434432 ], [ -283.519746313788346, -38.597377403639257 ], [ -285.164386153557643, -33.696793501265347 ], [ -286.511349572834661, -30.404291243292391 ], [ -287.8457265316556, -28.034658248536289 ], [ -293.430874810723253, -21.498947538435459 ], [ -295.994917718839133, -22.472847232595086 ], [ -298.567135091629098, -22.898086126893759 ], [ -298.957444728526752, -22.882063484750688 ], [ -301.840117354528047, -22.18371276371181 ], [ -302.180906358322318, -22.029079431667924 ], [ -304.770787818524695, -20.137142281979322 ], [ -306.155612426307925, -18.148000502958894 ], [ -306.797995854753026, -16.178981920704246 ], [ -306.879795232865945, -15.631211378611624 ], [ -307.914738907440551, -16.133099381811917 ], [ -319.409018040318188, -23.34686643909663 ], [ -329.53162604919271, -32.906400717794895 ], [ -340.488855858158786, -44.056085020303726 ], [ -341.524545586005843, -45.216432156972587 ], [ -341.678216435760987, -46.467430962249637 ], [ -341.46298057477361, -52.453790780156851 ] ], [ [ -289.489674141135765, -72.657851385883987 ], [ -286.940451905264126, -74.226655666716397 ], [ -283.532985452382491, -65.440744074061513 ], [ -279.813968126836699, -58.651014013215899 ], [ -275.797361948702019, -48.927221294492483 ], [ -273.514563835917215, -44.536004307679832 ], [ -272.643207039200206, -39.485646432265639 ], [ -272.883674430971951, -37.187469302676618 ], [ -274.773539825617263, -32.227832491509616 ], [ -277.481301618070574, -27.995949376374483 ], [ -279.829013862854481, -22.035716268233955 ], [ -282.801406924312687, -17.059011436998844 ], [ -285.866223335784525, -13.378299521282315 ], [ -287.67268182386033, -10.266167880035937 ], [ -289.561757284407577, -10.898023311980069 ], [ -289.381931315583643, -13.284877887926996 ], [ -289.636087784670963, -16.067137820646167 ], [ -289.737793432270337, -16.420762022025883 ], [ -290.972616868986734, -18.88116972707212 ], [ -291.875459204788058, -20.241595342755318 ], [ -286.262507933532106, -26.809840986505151 ], [ -284.73867132331543, -29.477595268748701 ], [ -283.279227240358523, -33.030095384456217 ], [ -281.611342880143638, -37.999941728077829 ], [ -280.68881430631518, -41.719839496538043 ], [ -280.595826825501717, -43.278990271501243 ], [ -281.64252010945529, -48.357879803515971 ], [ -287.077062460475645, -59.67061191983521 ], [ -288.595875601113221, -65.145410888828337 ], [ -289.489674141135765, -72.657851385883987 ] ], [ [ -307.807415403587584, -59.799903052859008 ], [ -307.024106409327942, -58.692036435008049 ], [ -306.31091042935077, -56.774213531054556 ], [ -306.221217822021572, -54.769540902227163 ], [ -306.3976910091842, -52.342004703357816 ], [ -307.305824079476224, -50.732303202152252 ], [ -308.841824432225621, -49.400511415675282 ], [ -311.112971210348405, -48.757792724296451 ], [ -313.555901301291669, -48.996083714999259 ], [ -315.539081113902284, -49.878759243525565 ], [ -317.289177841694254, -51.412213142961264 ], [ -318.552647697355496, -53.545496466569602 ], [ -319.208583655601615, -55.024429551325738 ], [ -318.90859407706921, -57.231827952899039 ], [ -317.997312615665578, -59.204549425281584 ], [ -316.393419457326672, -60.335383316501975 ], [ -314.306491016046493, -61.136646142229438 ], [ -311.582524192146593, -61.328246879391372 ], [ -309.711674174652217, -60.633789769373834 ], [ -307.807415403587584, -59.799903052859008 ] ], [ [ -304.865400797607435, -15.656577426940203 ], [ -304.303786114482136, -17.378025560639799 ], [ -303.250474140795632, -18.828195057809353 ], [ -301.184256167000058, -20.285450705327094 ], [ -298.680269258118642, -20.892061754129827 ], [ -296.607585905479937, -20.566875481046736 ], [ -293.780836533287584, -19.493192062713206 ], [ -292.731323798749145, -17.928190346807241 ], [ -291.608652382048604, -15.691247531212866 ], [ -291.382370673445621, -13.315327630378306 ], [ -291.478207146239583, -11.474373562261462 ], [ -291.752487362366082, -10.688936240039766 ], [ -292.481647968765174, -9.421497965231538 ], [ -293.821382121888746, -8.259216166101396 ], [ -295.365251065752091, -7.309014352969825 ], [ -297.552961074678024, -6.731693735346198 ], [ -299.418476370303324, -6.819945861585438 ], [ -300.900806425301198, -7.406187789514661 ], [ -302.330224444040141, -8.659766538068652 ], [ -303.896640486318574, -10.26872206106782 ], [ -304.741799287357935, -11.910588026046753 ], [ -305.035318416183145, -14.124804596416652 ], [ -304.865400797607435, -15.656577426940203 ] ], [ [ -302.663654487954773, 10.492907048203051 ], [ -301.014422210162593, 11.351711454801261 ], [ -298.100882117121728, 13.586247438564897 ], [ -295.430212033774296, 15.045990965329111 ], [ -295.680225511379831, 15.56181569583714 ], [ -297.083112729167624, 20.377296096645296 ], [ -297.762206306399094, 18.660520665347576 ], [ -299.074737327100593, 15.939415769651532 ], [ -302.137859269018008, 11.806963748298585 ], [ -302.663654487954773, 10.492907048203051 ] ], [ [ -120.990643331935644, 32.569222684018314 ], [ -141.626435220581698, 44.270874815061688 ], [ -144.879093884150279, 46.634519897401333 ], [ -144.641537490771952, 43.728005781769753 ], [ -144.52001609304898, 43.447347184643149 ], [ -143.916794313583523, 42.6415727250278 ], [ -142.748925094729202, 40.156818812713027 ], [ -135.560968039311774, 26.002510503865778 ], [ -129.887186960735562, 22.210425580851734 ], [ -123.552053058516321, 33.414540799334645 ], [ -121.401023142589111, 32.157935742288828 ], [ -127.787875146304941, 21.02798181027174 ], [ -127.619331611769667, 20.96350210160017 ], [ -120.990643331935644, 32.569222684018314 ] ], [ [ -95.409603875968969, -14.478356439620256 ], [ -91.764086441451582, -16.587074341252446 ], [ -107.825453106852365, 12.567874405533075 ], [ -108.09985325461821, 12.322651201859117 ], [ -114.830632334716938, 0.662626468576491 ], [ -111.364335104224665, -3.49469667673111 ], [ -106.491152702950785, -6.98868856113404 ], [ -97.649503183596607, -12.937136013060808 ], [ -95.805280159649556, -13.809169800952077 ], [ -94.874301911111615, -13.532614147290587 ], [ -95.409603875968969, -14.478356439620256 ] ], [ [ -231.827909808069307, 175.687942395918071 ], [ -231.738075507420945, 175.547343226149678 ], [ -231.566034804553055, 175.619228195399046 ], [ -231.225277534469569, 174.957956730388105 ], [ -230.369118111455464, 173.050077031366527 ], [ -223.603765265230322, 159.573209951631725 ], [ -222.17735409044144, 157.807244687341154 ], [ -202.060852712964333, 176.705285934731364 ], [ -200.884198149868098, 177.993670542724431 ], [ -202.634098301006816, 179.5558079816401 ], [ -211.256448115551393, 176.004294284619391 ], [ -211.640539698248176, 175.92896094173193 ], [ -227.591238990207785, 175.982697294093668 ], [ -231.827909808069307, 175.687942395918071 ] ], [ [ -14.212474801255667, 95.865312968380749 ], [ -26.455532523264992, 106.517227035947144 ], [ -29.936203890423712, 106.287701578810811 ], [ -31.339725555464611, 103.319599632173777 ], [ -33.800888559138912, 98.722618645057082 ], [ -14.212474801255667, 95.865312968380749 ] ], [ [ -282.69502910905976, 99.318522956222296 ], [ -290.29728664954564, 103.925844804383814 ], [ -293.238930081219223, 105.207216306589544 ], [ -295.570765215772553, 106.028018604032695 ], [ -296.538218323716137, 106.226706551387906 ], [ -297.21462447034537, 106.142594906501472 ], [ -298.140604772876031, 105.769752240739763 ], [ -298.411365068552186, 105.515190987847745 ], [ -298.819298368989621, 104.581115712411702 ], [ -298.744461038702866, 103.605727411806583 ], [ -298.581892256614083, 103.150859106332064 ], [ -298.230542248673373, 102.766596432775259 ], [ -290.847863108589081, 96.077595554292202 ], [ -290.084600906851847, 95.475071616470814 ], [ -289.2382606175197, 94.99831584841013 ], [ -288.805656300262854, 94.872310623526573 ], [ -286.810304646367513, 95.124931967817247 ], [ -282.69502910905976, 99.318522956222296 ] ], [ [ -167.474920010063215, -48.592937302775681 ], [ -173.041053308421397, -45.452194753102958 ], [ -180.673518648187382, -40.787758604623377 ], [ -173.233550436487349, -50.674379719421268 ], [ -172.549558334707399, -51.511466319672763 ], [ -171.441188778138894, -52.190471122972667 ], [ -170.277616460491117, -52.239529557526112 ], [ -169.051735042416112, -51.566991535015404 ], [ -167.474920010063215, -48.592937302775681 ] ], [ [ -182.669306564170256, -36.998528026975691 ], [ -179.994256628275252, -38.439084173180163 ], [ -179.388941469536803, -38.664597713388503 ], [ -171.772615078220042, -43.345322999171913 ], [ -174.710879539927191, -39.953213394619524 ], [ -183.798929344629869, -28.608897796832025 ], [ -190.411843449248408, -21.126893646083772 ], [ -190.576513268457347, -21.081300845369697 ], [ -190.627677058235349, -21.122147592715919 ], [ -185.499888657357587, -29.634026036597788 ], [ -182.669306564170256, -36.998528026975691 ] ], [ [ -276.434468251234648, 84.422649025917053 ], [ -276.547325997755252, 84.230314088054001 ], [ -276.23346025029241, 81.703179970383644 ], [ -274.025570819654604, 78.492346186190844 ], [ -266.004962718840034, 69.714307340793312 ], [ -265.966361393682746, 72.988283701241016 ], [ -267.744476439036589, 78.782101659104228 ], [ -268.345184347119357, 80.443554517813027 ], [ -272.170108792768588, 88.360409693792462 ], [ -276.434468251234648, 84.422649025917053 ] ], [ [ -21.474833419324568, 122.408318507485092 ], [ -20.809443447915328, 122.429349970072508 ], [ -20.508028553344047, 123.071595690213144 ], [ -21.680222781331395, 128.268728656694293 ], [ -21.995092590879722, 130.615744759328663 ], [ -22.130727091967856, 134.003039092756808 ], [ -21.972376032465036, 137.609332740306854 ], [ -21.342982949130601, 141.801388562656939 ], [ -21.996900924828878, 142.16042519453913 ], [ -24.385763916709038, 139.045186811126769 ], [ -26.394178040498446, 136.225131873972714 ], [ -28.53348143653966, 133.566035291180015 ], [ -30.31598023056722, 131.769552881829441 ], [ -32.463838705010858, 129.97040490526706 ], [ -34.429613367445199, 128.790090304799378 ], [ -31.902165866729774, 123.535962953232229 ], [ -31.209944410231401, 121.743999324738979 ], [ -29.31130451401441, 122.242359741590917 ], [ -25.851637700779975, 122.60891031101346 ], [ -23.147480004929093, 122.59499120246619 ], [ -21.474833419324568, 122.408318507485092 ] ], [ [ -129.8831409386421, 236.190620556473732 ], [ -146.85546690512092, 216.92052816785872 ], [ -147.190171685810128, 215.823192320764065 ], [ -147.080116904291572, 215.01744438149035 ], [ -146.755853735650817, 214.381172658875585 ], [ -142.891552377190237, 210.625117001123726 ], [ -144.64392466109166, 208.775982858613133 ], [ -133.091900390671071, 198.921966282650828 ], [ -132.677834899897789, 198.789852869696915 ], [ -130.955905323360639, 198.648451193235815 ], [ -129.740932349672221, 198.913816743530333 ], [ -128.954335406926475, 199.302594074048102 ], [ -128.246206177824206, 199.867603790946305 ], [ -127.665325255295102, 200.560887551866472 ], [ -127.365138583109001, 201.221229104325175 ], [ -127.146887368848184, 201.869168194942176 ], [ -127.081642127503073, 202.952513016760349 ], [ -128.853000422368495, 235.897949155420065 ], [ -129.702650073480982, 236.343232339248061 ], [ -129.8831409386421, 236.190620556473732 ] ], [ [ -40.69246647885484, 125.402297648601234 ], [ -42.107832323597904, 124.527745908126235 ], [ -48.066700510877126, 120.116562855429947 ], [ -47.931970225881741, 119.213944548740983 ], [ -46.489315563594573, 118.446934826672077 ], [ -44.34611589754968, 117.860720925964415 ], [ -42.328430315656078, 117.600333571434021 ], [ -40.930510467647764, 117.8239761646837 ], [ -39.745159962261823, 118.172205297276378 ], [ -37.325750627012894, 119.375819524750113 ], [ -33.931919419039332, 120.880914707668126 ], [ -36.996551155427369, 127.344342595897615 ], [ -40.69246647885484, 125.402297648601234 ] ], [ [ -332.351432546081924, 47.162301755510271 ], [ -318.842804775333207, 60.874633077532053 ], [ -308.746575134104205, 70.674830721691251 ], [ -308.602857108033277, 70.675094273872674 ], [ -295.70859228727204, 84.049770850688219 ], [ -295.729021058548824, 84.165462885051966 ], [ -306.046527174745279, 94.125380099751055 ], [ -306.185032362678612, 94.124971076846123 ], [ -310.708297346012841, 98.807660765945911 ], [ -310.701451655506389, 98.944221431389451 ], [ -313.642070619800506, 102.332639612257481 ], [ -338.392248218266104, 81.095132995396852 ], [ -338.382622677341715, 80.978005984798074 ], [ -333.657157033318072, 75.484102451242507 ], [ -333.559841257949302, 75.452911213040352 ], [ -331.829827004468825, 67.707811846397817 ], [ -348.783645576746494, 50.382450915873051 ], [ -349.884361595390146, 49.107827374711633 ], [ -345.138005206859816, 45.009812275879085 ], [ -350.321928887584363, 39.004637060686946 ], [ -350.331718050789277, 38.887452124617994 ], [ -344.128522267736116, 33.53861421905458 ], [ -344.011502525047035, 33.528841020539403 ], [ -332.345363279006051, 47.02632444165647 ], [ -332.351432546081924, 47.162301755510271 ] ], [ [ -164.584196190469811, 324.717064115218818 ], [ -166.839305591336597, 323.987415394745767 ], [ -169.16751909528648, 321.31075328681618 ], [ -170.020129946622546, 319.855917741544545 ], [ -170.348602938309341, 318.217525778338313 ], [ -169.99187696187073, 316.573493097908795 ], [ -153.296580486141465, 302.64683335646987 ], [ -151.186680593882556, 302.546428192406893 ], [ -150.164585283349879, 303.24919041339308 ], [ -164.584196190469811, 324.717064115218818 ] ], [ [ -147.345020172517252, 296.376595149748027 ], [ -155.250210047495784, 291.277699165977538 ], [ -155.273504429400418, 289.884823588654399 ], [ -155.00990003500192, 288.910395552404225 ], [ -154.14363027674699, 288.009068939834833 ], [ -153.22848683945449, 287.573863971047103 ], [ -152.281089485817574, 287.613529521971941 ], [ -148.986575596087278, 290.237951368093491 ], [ -138.11994883137595, 276.113776696845889 ], [ -132.652285384167044, 267.057340434752405 ], [ -136.124748476326204, 264.705054407939315 ], [ -132.484826134468676, 261.429147210903466 ], [ -169.96657979821066, 217.547160031273961 ], [ -174.09484027241524, 221.09107828233391 ], [ -177.217869464986507, 217.200155037455261 ], [ -182.343004105536238, 211.256399393081665 ], [ -176.435584090711927, 205.587531456723809 ], [ -130.221968429499611, 258.283898150548339 ], [ -129.362185990557919, 259.675371227785945 ], [ -128.60167984826694, 261.263412622734904 ], [ -128.157646075067532, 262.912644599564373 ], [ -128.06384929804517, 264.740654287859797 ], [ -128.511692331070662, 266.405774844810367 ], [ -135.555903697060785, 277.933329676277936 ], [ -147.345020172517252, 296.376595149748027 ] ], [ [ -380.63665514566128, 176.333359340205789 ], [ -392.279928199584901, 166.300344540737569 ], [ -392.306852568724935, 166.185958055779338 ], [ -387.23146373455711, 160.296182586811483 ], [ -387.114363576025426, 160.305902469903231 ], [ -384.858769222088085, 162.248758586123586 ], [ -371.376625232687729, 146.603140220977366 ], [ -373.012212303046908, 145.193553315475583 ], [ -381.223979737647824, 154.722241142764688 ], [ -381.338360131854643, 154.749156923033297 ], [ -390.480151505171307, 146.878089896403253 ], [ -390.49062877137294, 146.737110269255936 ], [ -389.460972900704292, 145.542044280096889 ], [ -407.15232061315146, 130.27138489112258 ], [ -402.211763413602966, 124.47615975420922 ], [ -390.569206766891512, 113.927254669368267 ], [ -353.953698499753955, 145.458687953650951 ], [ -380.49567445879984, 176.322888593189418 ], [ -380.63665514566128, 176.333359340205789 ] ] ], [ [ [ -494.367699999997058, -21.314587607979774 ], [ -490.951070877190432, -17.193241996690631 ], [ -490.807628659948023, -17.1767065403983 ], [ -477.967896184660276, -0.284678719006479 ], [ -476.038709603935786, 3.635024897754192 ], [ -469.802310722219772, -2.297587309964001 ], [ -482.053684235290348, -16.138536379672587 ], [ -484.651295643428966, -14.481300462037325 ], [ -494.367699999949764, -26.106989438645542 ], [ -494.367699999997058, -21.314587607979774 ] ] ], [ [ [ 5.632300000046598, 219.620527011342347 ], [ 3.838024189824864, 219.004864571616054 ], [ -14.560630809022769, 231.874990286305547 ], [ -20.639248164605306, 231.70466925855726 ], [ -23.608530762832743, 227.425616641528904 ], [ -40.571745005614503, 238.629462867975235 ], [ -37.16758938492967, 243.026337720453739 ], [ -37.02461466126806, 243.047878729179502 ], [ -22.301237043067886, 263.941547819413245 ], [ -17.72386316399934, 259.654695525765419 ], [ -22.58128607992694, 250.846432887949049 ], [ -22.566710159591821, 250.729823513887823 ], [ -3.953179375399486, 240.458718289621174 ], [ -3.836568496417385, 240.47328769415617 ], [ 1.303125429880311, 249.782136191613972 ], [ 1.263823635012159, 249.917974224314094 ], [ 0.22249034322158, 250.491603988222778 ], [ 4.536744945558894, 258.314170627854764 ], [ 4.49285619501461, 258.45253752078861 ], [ 5.632300000066607, 260.804415197111666 ], [ 5.632300000073883, 246.719420149922371 ], [ 0.190714867421775, 239.11763593647629 ], [ 5.632300000048417, 234.891757950186729 ], [ 5.632300000046598, 219.620527011342347 ] ] ], [ [ [ -19.750602222267844, 28.76149922516197 ], [ -20.970208099113734, 19.149496666155756 ], [ -27.039544249155369, 15.246455641463399 ], [ -33.349314874431002, -34.647449911572039 ], [ -42.198301508771692, -37.307025826536119 ], [ -55.370294116852165, 6.515298705548048 ], [ -19.750602222267844, 28.76149922516197 ] ] ] ] } },
{ "type": "Feature", "properties": { }, "geometry": { "type": "MultiPolygon", "coordinates": [ [ [ [ -91.747029474456212, -645.675999999046326 ], [ -98.614209950099394, -636.051631357520819 ], [ -112.587516824167324, -645.675999999977648 ], [ -139.429857801478647, -645.675999999977648 ], [ -98.160970672619442, -620.748224090784788 ], [ -98.11642408181433, -620.635953393764794 ], [ -98.298245558846247, -620.3581867152825 ], [ -66.132177983030488, -598.560109271667898 ], [ -65.837670190698191, -595.088358770124614 ], [ -81.562148320515917, -577.090182212181389 ], [ -80.785789501840554, -576.564097565598786 ], [ -80.759093474011024, -576.425291401334107 ], [ -98.628259231989432, -550.065086833201349 ], [ -99.771426038305435, -549.577891200780869 ], [ -100.56746258066778, -549.396578047424555 ], [ -101.667821784429179, -549.321328950114548 ], [ -102.644430648255366, -549.498848312534392 ], [ -103.980526398492657, -550.040464642457664 ], [ -152.225491654051439, -573.221817227080464 ], [ -194.138572632675277, -590.073794573545456 ], [ -162.849631031731406, -645.675999999977648 ], [ -186.100562205991082, -645.676000001840293 ], [ -195.702131885949711, -629.173408627510071 ], [ -195.348433867433414, -628.962457492947578 ], [ -195.335999491098846, -628.84604452457279 ], [ -213.510140082627913, -597.090475647710264 ], [ -213.617341570465214, -597.04230254329741 ], [ -238.42181329016239, -611.245241185650229 ], [ -262.825901504236754, -625.38039381429553 ], [ -262.872789107819699, -625.491048355586827 ], [ -250.03582441547951, -645.676000001840293 ], [ -258.940432388371846, -645.675999999046326 ], [ -261.10188515862319, -642.074418233707547 ], [ -261.242615550963819, -642.042393634095788 ], [ -262.103914305096623, -642.610113518312573 ], [ -271.048406255538794, -631.172694408334792 ], [ -271.14003232615687, -631.135143770836294 ], [ -271.267531016543217, -631.23820532578975 ], [ -272.176238685384305, -630.133947361260653 ], [ -279.827606731247215, -636.502497836016119 ], [ -287.9918958656217, -645.675999999977648 ], [ -290.66834879727503, -645.675999999977648 ], [ -282.045707422363193, -635.98748723603785 ], [ -300.418623406785628, -624.078868363052607 ], [ -309.419004132572809, -619.976924925111234 ], [ -321.102178420043856, -616.067747000604868 ], [ -328.867688156889926, -638.828569821082056 ], [ -331.641678103418599, -637.892923482693732 ], [ -334.174770882984376, -645.506671702489257 ], [ -334.164023195848131, -645.675999999977648 ], [ -345.512518442708824, -645.675999999977648 ], [ -358.199346965391669, -641.240449910052121 ], [ -368.941135927598225, -635.434346104040742 ], [ -373.955464013519304, -638.631299165077507 ], [ -386.537083752804392, -645.675999999977648 ], [ -390.629429105751115, -645.676000001840293 ], [ -374.957284778982284, -636.900852567516267 ], [ -370.824335361372505, -634.264223027043045 ], [ -376.549833279495942, -630.515328930690885 ], [ -383.401811327059477, -625.493659660220146 ], [ -392.728848037133503, -617.575360338203609 ], [ -392.524756901251749, -619.40874875895679 ], [ -392.639579412700186, -621.241520419716835 ], [ -393.077943156493347, -623.030196882784367 ], [ -393.701698221882907, -625.059650011360645 ], [ -395.703901925238824, -630.040196097455919 ], [ -397.500066649341534, -633.78825137577951 ], [ -398.647999085236734, -635.597525848075747 ], [ -399.254272463562302, -636.889164540916681 ], [ -404.871913733322799, -645.406402623280883 ], [ -405.043014812546971, -645.675999999977648 ], [ -410.18696079388792, -645.675999999977648 ], [ -404.897074109825553, -638.658119496889412 ], [ -399.778386872041665, -630.058404038660228 ], [ -397.702636869771595, -623.67994477134198 ], [ -397.477892268963842, -618.656678339466453 ], [ -398.251417402998413, -616.040382292121649 ], [ -404.107481759552684, -605.801717997528613 ], [ -425.193407465261771, -612.340886509045959 ], [ -425.322486870534703, -612.286259645596147 ], [ -440.370189306280736, -618.277355903759599 ], [ -440.425151381225078, -618.409747020341456 ], [ -444.669955070499782, -620.23426647670567 ], [ -444.797022234599353, -620.180162858217955 ], [ -459.19285345890421, -625.690121041610837 ], [ -459.250431908572864, -625.819323068484664 ], [ -463.502195934934207, -627.452419909648597 ], [ -463.629379401589176, -627.394202750176191 ], [ -484.414521506596429, -634.941822943277657 ], [ -484.473068870285715, -635.073453674092889 ], [ -490.081171566949706, -637.400340874679387 ], [ -494.367700000095283, -639.127197620458901 ], [ -494.367699999931574, -625.83145278505981 ], [ -476.847993260378644, -619.901216701604426 ], [ -449.799044769310058, -610.25828564260155 ], [ -449.737591821552996, -610.133964547887444 ], [ -430.596909803751259, -604.058683880604804 ], [ -430.467613418173642, -604.122445357963443 ], [ -416.506077410997023, -599.08237845916301 ], [ -416.471038942619998, -598.88497519493103 ], [ -415.615162868898551, -597.602353245019913 ], [ -383.335572651072653, -585.666329755447805 ], [ -383.276639226487532, -585.537818531505764 ], [ -383.708006543498414, -584.375876208767295 ], [ -378.353862635691257, -582.388867391273379 ], [ -377.759979510343328, -583.989364474080503 ], [ -377.631474374293248, -584.048307083547115 ], [ -345.589672663472811, -572.156139955855906 ], [ -345.530911584668502, -572.027166807092726 ], [ -343.84937275721677, -571.393348385579884 ], [ -347.580772930903549, -561.996221141889691 ], [ -347.523823946972698, -561.868847078643739 ], [ -348.675770849484252, -558.764298808760941 ], [ -348.80428087749533, -558.705357045866549 ], [ -350.137182717968244, -559.200131500139832 ], [ -351.110623965125342, -556.577978090383112 ], [ -351.21317095996892, -556.513836455531418 ], [ -351.63834090227283, -551.761375391855836 ], [ -351.548190211073234, -551.648348613642156 ], [ -355.21031203385246, -524.528227671049535 ], [ -355.313760730557988, -524.472477342933416 ], [ -417.247493579749062, -532.822702874429524 ], [ -417.393224878303954, -531.929087616503239 ], [ -419.945614827362078, -531.945068006403744 ], [ -422.368201870869598, -531.296322350390255 ], [ -424.186096431740225, -530.522419260814786 ], [ -424.65601687427079, -530.960693665780127 ], [ -424.987023344319823, -531.070196519605815 ], [ -428.716692894993685, -531.611791640520096 ], [ -429.082307246795608, -531.597215048968792 ], [ -432.88310899195676, -530.73170399852097 ], [ -433.187617147492347, -530.606792340986431 ], [ -436.002951077423859, -528.834969966672361 ], [ -438.400182792158375, -526.50124947912991 ], [ -447.306857716817831, -513.05179370008409 ], [ -494.367699999917022, -539.722543778829277 ], [ -494.367700000062541, -537.424475766718388 ], [ -447.488213760670988, -510.856505498290062 ], [ -440.324051600206076, -506.61699047498405 ], [ -440.825409059927551, -505.818254954181612 ], [ -440.327450358205169, -505.538168986327946 ], [ -440.289309350971962, -505.402067134156823 ], [ -447.135611429281198, -493.303086714819074 ], [ -464.904774182125038, -503.27598886936903 ], [ -467.83602304048145, -499.088080418296158 ], [ -472.447185764669484, -501.024349617771804 ], [ -477.395202256155244, -487.840340049937367 ], [ -454.282585916696917, -489.101511741057038 ], [ -451.682387021379327, -488.017058459110558 ], [ -452.107973877476979, -486.22465995978564 ], [ -459.024687167313459, -476.232582126744092 ], [ -461.281318054965595, -477.28609676938504 ], [ -489.283321468310533, -481.637933535501361 ], [ -489.599584863133714, -481.636454517021775 ], [ -489.89955833341628, -481.536251523531973 ], [ -490.153216602497196, -481.347354185767472 ], [ -490.335170225347611, -481.088669819757342 ], [ -492.366069135036014, -476.928416999988258 ], [ -494.367700000073455, -477.838210601359606 ], [ -494.367700000044351, -475.6829934399575 ], [ -492.012008835727102, -474.623227939940989 ], [ -491.415672662338693, -474.73834628239274 ], [ -490.996032053722956, -475.17740302439779 ], [ -488.861901878148274, -479.549122891388834 ], [ -461.737945024238797, -475.33374479226768 ], [ -460.178863914688918, -474.571409274823964 ], [ -471.443612772503911, -457.1132528828457 ], [ -494.367700000007972, -429.200017363764346 ], [ -494.367699999942488, -409.686926572583616 ], [ -486.726184682212988, -418.924717836081982 ], [ -471.629630998480934, -435.550655466504395 ], [ -436.879987149053704, -415.001863171346486 ], [ -430.309169431746341, -410.897957850247622 ], [ -427.640908486811895, -409.687078663147986 ], [ -427.498561986370987, -409.731631097383797 ], [ -407.047674658804681, -397.667095045559108 ], [ -407.013698790602575, -397.52794305421412 ], [ -398.497845092892021, -392.198373565450311 ], [ -398.365691956982118, -392.23339803609997 ], [ -387.503407275928112, -386.281157420948148 ], [ -387.463788160364857, -386.145436340942979 ], [ -389.305809828749261, -382.785334129817784 ], [ -386.744310044805388, -381.381799400784075 ], [ -385.09197334399687, -384.397203749977052 ], [ -384.985714594933597, -384.447387096472085 ], [ -371.981602040039434, -377.306428703479469 ], [ -375.087745273642213, -371.551067570224404 ], [ -384.723813555267043, -349.447721057571471 ], [ -384.855391412007521, -349.396030647680163 ], [ -386.913907345462576, -350.293242160230875 ], [ -388.417888596019111, -347.145467382855713 ], [ -386.173534204981479, -346.111591507680714 ], [ -386.124549534992184, -345.979002713225782 ], [ -396.336187611357673, -323.790817759931087 ], [ -396.455717860882942, -323.738122610375285 ], [ -397.554100962051962, -320.124466166831553 ], [ -397.462390911610782, -319.968168103136122 ], [ -403.498472776371273, -306.3793402351439 ], [ -403.621549259112726, -306.361262870952487 ], [ -429.192649682119736, -321.195682574994862 ], [ -429.228938971273237, -321.332349921576679 ], [ -428.245219414317035, -323.026516545563936 ], [ -430.797501375485808, -324.900801843032241 ], [ -431.703084829698128, -323.669446447864175 ], [ -431.842882138216737, -323.648169228807092 ], [ -451.668412877274022, -338.241325702518225 ], [ -451.689927832585454, -338.380730816163123 ], [ -450.855202107153673, -339.525435535237193 ], [ -456.33749128836098, -344.286446922458708 ], [ -456.47340363467265, -344.27225898951292 ], [ -463.20268553220194, -349.524835164658725 ], [ -463.220527323732313, -349.665572391822934 ], [ -463.437399440465015, -349.834845378063619 ], [ -463.693094984146228, -349.418979580514133 ], [ -463.819034452366395, -349.417834748513997 ], [ -471.030487188667394, -355.159173728898168 ], [ -471.064348168894867, -355.264824608340859 ], [ -470.984233230696191, -355.397131496109068 ], [ -476.700882225666646, -358.90891226567328 ], [ -476.851328516086141, -358.881855342537165 ], [ -494.367699999997058, -373.043904009275138 ], [ -494.367700000055265, -361.571960207074881 ], [ -490.708083456027452, -358.564301554113626 ], [ -490.690370717626138, -358.429245430976152 ], [ -489.445354758159738, -357.542448312975466 ], [ -489.301187709597798, -357.562287733890116 ], [ -465.794358622699292, -338.677899969741702 ], [ -441.203822123863574, -318.518028032034636 ], [ -441.069579263918058, -318.537278245203197 ], [ -434.378301373390059, -313.843370582908392 ], [ -434.354574266426425, -313.703125106170774 ], [ -422.548453032281031, -305.204176016151905 ], [ -422.411241615389372, -305.228536902926862 ], [ -411.193788707061685, -297.545484090223908 ], [ -422.596426775939108, -280.751714129932225 ], [ -421.876139836325819, -280.196397390216589 ], [ -421.857747914362335, -280.05653012637049 ], [ -427.65345930663716, -272.472400340251625 ], [ -427.766062186894487, -272.438797988928854 ], [ -428.141095892357043, -272.719172180630267 ], [ -436.479693437051537, -261.833630588836968 ], [ -436.629238532268573, -261.82232656981796 ], [ -438.810038110334062, -259.58199149183929 ], [ -438.794554141501067, -259.457640049979091 ], [ -453.899353379894819, -235.642070569097996 ], [ -454.016598043714112, -235.634604988619685 ], [ -466.930751487734597, -243.812567852437496 ], [ -466.957579045238163, -243.957045823335648 ], [ -469.808768393288119, -246.087967599742115 ], [ -469.951476900410853, -246.069899825379252 ], [ -480.574845884440947, -254.599520131014287 ], [ -480.582853340629299, -254.749230034649372 ], [ -494.367700000084369, -268.761881009675562 ], [ -494.367699999971592, -248.205388147383928 ], [ -490.619379432120695, -244.265706492587924 ], [ -482.152208541521759, -236.849410591647029 ], [ -494.367700000080731, -218.450956275686622 ], [ -494.367700000004334, -207.791125885210931 ], [ -487.943183132314516, -216.657194217666984 ], [ -484.222158400449189, -218.254620495252311 ], [ -475.056549558206825, -231.683272475376725 ], [ -465.832235379211852, -228.107674852944911 ], [ -465.698546360918044, -228.162953057326376 ], [ -448.980462391444235, -220.780595715157688 ], [ -448.930434200878153, -220.646413839422166 ], [ -445.144449385063126, -218.856842116452754 ], [ -445.013916859546953, -218.905663494952023 ], [ -418.6276312585087, -207.217851607128978 ], [ -418.2496879707669, -208.358541287481785 ], [ -418.123379603885041, -208.422001750208437 ], [ -390.793881987656277, -199.375009243376553 ], [ -390.747610941636594, -199.196695002727211 ], [ -389.125616907693257, -197.455139531753957 ], [ -389.026365726725999, -197.477591854520142 ], [ -335.429076775904832, -179.406152616254985 ], [ -335.367257297357355, -179.276645566336811 ], [ -316.658777686199755, -172.336526467464864 ], [ -292.501528193326521, -164.031186205334961 ], [ -264.640303284048059, -145.675999999977648 ], [ -238.239152568734426, -145.675999999977648 ], [ -238.815831237456223, -146.041826988570392 ], [ -232.070986251010254, -156.657304286956787 ], [ -215.676836889288097, -146.303375820629299 ], [ -214.031172713277556, -155.113909718580544 ], [ -238.309334497716918, -162.543265460990369 ], [ -239.212107600438685, -159.46087178401649 ], [ -242.533129308654679, -160.553099961020052 ], [ -246.428604809480021, -148.54101868905127 ], [ -250.297346225155707, -151.139748535118997 ], [ -263.031295522692744, -159.315764921717346 ], [ -283.152548072315767, -173.306568341329694 ], [ -285.230068222779664, -174.649725406430662 ], [ -278.638796156195895, -185.109208391048014 ], [ -278.530750659712794, -185.152559008449316 ], [ -274.646043012582595, -201.073924402706325 ], [ -272.899299595383127, -208.668327642604709 ], [ -272.97655247244802, -208.772819397971034 ], [ -270.433733906404086, -246.47732712328434 ], [ -270.285652777822179, -246.563907717354596 ], [ -267.487251374870539, -280.184894987381995 ], [ -267.68071825610059, -280.229452623054385 ], [ -267.733385132469266, -280.323534064926207 ], [ -267.144715672739039, -290.247385011985898 ], [ -267.029706949122556, -290.339504620060325 ], [ -266.495750648899048, -293.779348434880376 ], [ -263.410156130734322, -342.679488778114319 ], [ -211.744139487485882, -328.098435330204666 ], [ -211.620648959687969, -328.167454595677555 ], [ -204.670923274470624, -326.195895592682064 ], [ -204.605988290739333, -326.058592282235622 ], [ -203.439376594995338, -325.538239854387939 ], [ -203.542926655556585, -325.173462990671396 ], [ -202.581288236720866, -324.900480449199677 ], [ -202.517034639098711, -325.126840862445533 ], [ -202.05576810311868, -324.921098745428026 ], [ -203.159793102608091, -320.969134940765798 ], [ -201.691630369927225, -320.584526817314327 ], [ -204.786284229781813, -310.377441609278321 ], [ -207.1453329490123, -300.07818625215441 ], [ -207.165957719602375, -296.28977130074054 ], [ -206.230910656622655, -292.097821115516126 ], [ -202.947106005085516, -283.67410478554666 ], [ -202.430305055786448, -279.414409230463207 ], [ -198.540305960355909, -260.819104103371501 ], [ -197.706782968443804, -256.078253259882331 ], [ -197.812040413180512, -253.152621798217297 ], [ -201.547053696476723, -233.483677681535482 ], [ -203.286984794201999, -220.842562766745687 ], [ -202.881096085840909, -215.662302074022591 ], [ -199.758422043449173, -189.704842300154269 ], [ -198.708424503236529, -187.260181381367147 ], [ -207.7023417119035, -153.175611087121069 ], [ -185.125532606991328, -146.690806124359369 ], [ -184.681612939251863, -145.675999999977648 ], [ -166.075471543843378, -145.675999999977648 ], [ -165.413744004699765, -150.273834961466491 ], [ -161.997870824756319, -163.859363325871527 ], [ -155.856977904013547, -162.568167911842465 ], [ -159.471629535390093, -145.675999999977648 ], [ -157.427244622409489, -145.675999999977648 ], [ -151.060458490905148, -175.431186608038843 ], [ -125.790317688553841, -195.737150736153126 ], [ -120.879837558064537, -198.111445286311209 ], [ -134.728044126717577, -152.224560242146254 ], [ -136.923019228883277, -148.25319416821003 ], [ -140.141755141778049, -145.675999999977648 ], [ -135.408276656467933, -145.675999999977648 ], [ -135.18001918279333, -147.273695052601397 ], [ -132.844694753275689, -151.545180862769485 ], [ -118.465105443518041, -199.192835609428585 ], [ -106.241056327207843, -202.715941592119634 ], [ -124.330478001509618, -145.675999999977648 ], [ -122.240031922230628, -145.675999998115003 ], [ -89.774394406811552, -248.136065299622715 ], [ -84.788710974948117, -262.505626427009702 ], [ -75.849371549915304, -311.740208598785102 ], [ -74.266741408342568, -316.946148826740682 ], [ -67.809623308967275, -350.33973974827677 ], [ -66.189716938548372, -360.297551562078297 ], [ -64.851098234710662, -372.714384428225458 ], [ -65.402197457915463, -391.729778193868697 ], [ -65.966892598404229, -416.083515795879066 ], [ -65.822055585409544, -432.938478084281087 ], [ -65.512308709105127, -441.067379529587924 ], [ -64.656245014775777, -477.356896161101758 ], [ -64.151143990504352, -477.230339311994612 ], [ -63.719461948612661, -490.580949413590133 ], [ -59.585579808772309, -503.910719123668969 ], [ -54.975895081555791, -511.285580015741289 ], [ -50.298023333369201, -515.429964758455753 ], [ -1.516309588523654, -492.957965810783207 ], [ -3.544620750328249, -489.248106716200709 ], [ -3.61934992922761, -487.250451391562819 ], [ -2.192850699975679, -487.099326692521572 ], [ -2.423422406967802, -481.186427909880877 ], [ -3.660772561617705, -481.185002061538398 ], [ -3.681071491224429, -480.158118983730674 ], [ -1.592879554696992, -480.086139734834433 ], [ -1.336400246402263, -486.889382561668754 ], [ 0.410692402549103, -486.785530975088477 ], [ 1.505226302933806, -486.328969911672175 ], [ 2.057887790411769, -486.373230148106813 ], [ 1.854697135309834, -471.066275937482715 ], [ 1.484922574172742, -464.820444439537823 ], [ 0.589331156381377, -444.900467498227954 ], [ -1.72708482570124, -380.735245391726494 ], [ -6.608254217861031, -263.058506366796792 ], [ -8.199505525961285, -228.872779533267021 ], [ -9.431268381980772, -198.644390009343624 ], [ -10.975347179602977, -174.357174024917185 ], [ -11.76614846002667, -170.59275359660387 ], [ -12.869199157697949, -166.912661714479327 ], [ -14.384192344667099, -162.477109856903553 ], [ -17.804167608870557, -155.363258256576955 ], [ -23.515015861876236, -145.675999999977648 ], [ -21.194140773837717, -145.675999999977648 ], [ -17.803356281425295, -151.427755910903215 ], [ -17.606736000652745, -145.675999999977648 ], [ -15.606251352492109, -145.676000000908971 ], [ -15.914063375481419, -154.680460689589381 ], [ -12.556488156877094, -161.664514692500234 ], [ -10.971073118262211, -166.284374816343188 ], [ -9.838926866072143, -170.059034835547209 ], [ -9.003958961917306, -174.016493222676218 ], [ -7.536993107232774, -196.928675918839872 ], [ -6.02186599360175, -196.062520527280867 ], [ 5.632300000052055, -169.355796536430717 ], [ 5.632300000035684, -174.354666257277131 ], [ -4.321916864702871, -197.165781343355775 ], [ -4.494197768040976, -197.4336978495121 ], [ -4.742010530348125, -197.633819815702736 ], [ -5.921360041653315, -198.308020630851388 ], [ -3.782463536479554, -198.955377447418869 ], [ -3.45966604480418, -199.122042494826019 ], [ 0.163172490440047, -201.929876267910004 ], [ 5.632300000008399, -206.330294908024371 ], [ 5.632300000035684, -208.908760287798941 ], [ -1.069228379326887, -203.504217023961246 ], [ -4.538426759936556, -200.815460061654449 ], [ -7.37683113535968, -199.956390725448728 ], [ -6.202216722736921, -228.782707504928112 ], [ -4.610708918149612, -262.974314415827394 ], [ 0.008546634000595, -374.377563385292888 ], [ 0.91507842190731, -371.216290190815926 ], [ 5.632300000021132, -361.827866981737316 ], [ 5.632300000053874, -366.28103737719357 ], [ 2.744769548686236, -372.027928316034377 ], [ 2.110143748546761, -374.288637086749077 ], [ 5.632300000068426, -373.721267150714993 ], [ 5.632299999955649, -383.208898064680398 ], [ 1.430056691729988, -383.930446779355407 ], [ 2.318937579415433, -386.539683050476015 ], [ 5.63230000002477, -388.133172533474863 ], [ 5.632299999977477, -390.351196030154824 ], [ 1.074709803555379, -388.159856466576457 ], [ 0.678956318042765, -387.817667263559997 ], [ 0.511396415578929, -387.43382837343961 ], [ 2.587128173370729, -444.822439967654645 ], [ 3.256574977793207, -459.711936810985208 ], [ 5.632299999944735, -453.990231595002115 ], [ 5.632299999973839, -459.188578669913113 ], [ 5.175406165486493, -460.285207392647862 ], [ 3.493676705375037, -464.922408849000931 ], [ 3.795328742380661, -470.016994215548038 ], [ 4.734394828405129, -469.509297710843384 ], [ 5.632300000008399, -470.167072431184351 ], [ 5.632300000015675, -507.580500654876232 ], [ 1.834580329990786, -499.680663428269327 ], [ -47.089697974926821, -522.244298798032105 ], [ -47.174536830760189, -534.026905336417258 ], [ -17.962192227716514, -581.170923921279609 ], [ 5.632300000037503, -603.845559102483094 ], [ 5.632299999915631, -610.791443089023232 ], [ -20.90586434791112, -585.011831566691399 ], [ -41.246105317371985, -554.480290280655026 ], [ -51.273764936036969, -537.257485647685826 ], [ -51.500117360157674, -537.368046299554408 ], [ -53.099270707667529, -534.277211387641728 ], [ -57.003224676929676, -535.697090361267328 ], [ -59.039005033353533, -536.655275914818048 ], [ -56.656897520717393, -543.661091454327106 ], [ -54.736421651246928, -548.295130801387131 ], [ -42.640191383756246, -571.918174144811928 ], [ -38.931720096225035, -578.950866775587201 ], [ -35.720014925555006, -583.592709950171411 ], [ -34.276197623041298, -585.902222049422562 ], [ -34.095451157931166, -585.94067460950464 ], [ -31.832946839394936, -589.210647933185101 ], [ -28.212755756698243, -593.780983205884695 ], [ -25.019613022725025, -597.336094307713211 ], [ 3.908147276228192, -630.475766845978796 ], [ 5.632300000062969, -632.382321105338633 ], [ 5.632299999904717, -645.675999999977648 ], [ -21.506347861175527, -645.675999999977648 ], [ -28.747438988131762, -637.147961910814047 ], [ -33.758400056534811, -641.722719117999077 ], [ -32.675257723236427, -645.676000001840293 ], [ -35.484800206253567, -645.675999999977648 ], [ -57.045351020447924, -620.317790375091136 ], [ -57.993544790168016, -620.749581505544484 ], [ -71.411414428548596, -645.675999999977648 ], [ -73.681994979891897, -645.675999999977648 ], [ -59.594439039081408, -619.505503107793629 ], [ -59.397186809066625, -619.249358754605055 ], [ -59.128502043593471, -619.069562011398375 ], [ -57.367834796184979, -618.267784441821277 ], [ -51.362828091610936, -611.854622394777834 ], [ -51.346596163297363, -611.79101896006614 ], [ -53.296684611730598, -610.05012224521488 ], [ -55.064303832094083, -608.181659001857042 ], [ -58.073448296561764, -608.565565654076636 ], [ -60.03905232926445, -607.950774591416121 ], [ -60.099086182091924, -609.395440489985049 ], [ -96.971976049515433, -634.909010075964034 ], [ -89.290423338454275, -645.675999999977648 ], [ -91.747029474456212, -645.675999999046326 ] ], [ [ -93.327942133211764, -386.883996867574751 ], [ -94.321876036638059, -387.028995874337852 ], [ -95.947269652893738, -377.233405795879662 ], [ -105.177673460882943, -378.94276903104037 ], [ -90.702441517289117, -434.061770691536367 ], [ -85.958119510560209, -432.693000089377165 ], [ -86.968468979594036, -426.423700711689889 ], [ -86.084786938414254, -426.277408206835389 ], [ -93.327942133211764, -386.883996867574751 ] ], [ [ -96.276306916821341, -375.261254040524364 ], [ -97.75408756084471, -366.451996023766696 ], [ -97.281485612706092, -366.379913141950965 ], [ -105.224642826633499, -318.696617485955358 ], [ -116.80200053768931, -320.500085581094027 ], [ -119.145283355001084, -311.369304213672876 ], [ -123.282390176207628, -312.361977471970022 ], [ -105.694709568546386, -377.008667014539242 ], [ -96.276306916821341, -375.261254040524364 ] ], [ [ -95.306169020215748, -366.068321858532727 ], [ -84.287785299835377, -364.272672691382468 ], [ -79.045179609902334, -367.199007352814078 ], [ -77.736389739673541, -372.719881878234446 ], [ -66.948832698280967, -371.887797793373466 ], [ -68.174586059418289, -360.538972086273134 ], [ -69.775391806488187, -350.704760855063796 ], [ -76.219743079149339, -317.377220520749688 ], [ -77.51706235594429, -313.125320360995829 ], [ -91.861591774350018, -315.846593068912625 ], [ -91.710189216242725, -316.579420808702707 ], [ -103.248563887505952, -318.387848574668169 ], [ -95.306169020215748, -366.068321858532727 ] ], [ [ -77.355261406206409, -374.688311436213553 ], [ -76.586411361280625, -379.787226444110274 ], [ -79.656736195771373, -384.893304111436009 ], [ -91.34771200913201, -386.595403213985264 ], [ -84.111761282245425, -425.952269700355828 ], [ -72.986595826754638, -424.127352737821639 ], [ -71.160202286002459, -434.075559516437352 ], [ -71.489824552843857, -436.522430970333517 ], [ -85.474912973520986, -440.67985950037837 ], [ -88.067000282246227, -443.595879442989826 ], [ -83.242259976062996, -461.735102690756321 ], [ -81.413982161222521, -461.183013420552015 ], [ -80.069181249380563, -466.306512981653214 ], [ -82.185004637854945, -466.850811341777444 ], [ -77.965741604144569, -480.171590856276453 ], [ -66.644220606631279, -477.793407740071416 ], [ -67.510978652204358, -441.118878453969955 ], [ -67.821171423647684, -432.9704081825912 ], [ -67.966271702071026, -416.084812251850963 ], [ -67.400903681804266, -391.680283951573074 ], [ -66.876180978957564, -373.887392582371831 ], [ -77.355261406206409, -374.688311436213553 ] ], [ [ -137.424091867989773, -353.903000202961266 ], [ -139.058112150532907, -354.550365237519145 ], [ -138.631127385186119, -355.608152677305043 ], [ -142.395783026604477, -356.931696887128055 ], [ -149.624143666258533, -359.038439792580903 ], [ -144.930186431976836, -374.965964651666582 ], [ -143.489815401591841, -380.433545080944896 ], [ -125.310992958353381, -377.607200720347464 ], [ -140.960170988890241, -319.209067135117948 ], [ -146.630118893912368, -320.466377665288746 ], [ -160.341218679206577, -324.167812505736947 ], [ -154.566079151014492, -343.643075487576425 ], [ -141.43571901073301, -339.857389826327562 ], [ -137.424091867989773, -353.903000202961266 ] ], [ [ -151.543502815147804, -359.598221479915082 ], [ -152.162512909193538, -359.778876783326268 ], [ -152.95469445773233, -356.081023569218814 ], [ -154.57152689420036, -355.047050930559635 ], [ -156.345731136218092, -354.84659021999687 ], [ -167.865587156073161, -358.856148665770888 ], [ -167.307150725031534, -361.69498542137444 ], [ -172.395154888563411, -363.099612622521818 ], [ -182.585085935837924, -383.737852431833744 ], [ -179.696398552767278, -386.321235740557313 ], [ -145.47593913808123, -380.742436487227678 ], [ -146.852064528104165, -375.517201952636242 ], [ -151.543502815147804, -359.598221479915082 ] ], [ [ -174.479710444280499, -362.80774372536689 ], [ -175.113523493471803, -362.572521750815213 ], [ -177.611240635374998, -361.276990657672286 ], [ -180.750917703453524, -356.884718580171466 ], [ -178.411505850266622, -351.013525227084756 ], [ -191.233166042598896, -342.991702638566494 ], [ -197.332870393052872, -339.31880306918174 ], [ -199.036805441464821, -343.328194797039032 ], [ -195.858185506596783, -344.971399378962815 ], [ -197.417586586856487, -349.18444696161896 ], [ -193.732464961716687, -351.360649079084396 ], [ -195.792692715351222, -355.361163686960936 ], [ -192.10370636179141, -357.227334608323872 ], [ -193.781315865198849, -361.17492211330682 ], [ -190.29905384023732, -363.412093997932971 ], [ -191.466163277087617, -367.132357554510236 ], [ -188.237877655321427, -369.678376755677164 ], [ -189.48995141634623, -373.284766420722008 ], [ -186.471094035681745, -375.59126399923116 ], [ -187.563069096138861, -379.645106409676373 ], [ -184.129201429843306, -382.424569603987038 ], [ -174.479710444280499, -362.80774372536689 ] ], [ [ -177.335062031275811, -349.32862251996994 ], [ -175.061940710234921, -349.834447242319584 ], [ -171.396147263727471, -349.087862172164023 ], [ -170.383655352068672, -352.62546057626605 ], [ -157.565796990311355, -348.634951354004443 ], [ -156.52775557782843, -347.441579443402588 ], [ -156.301284616989506, -346.114832571707666 ], [ -156.796860369717251, -344.286471260711551 ], [ -156.487153955107715, -344.197123889811337 ], [ -162.270062208564923, -324.695661049336195 ], [ -185.707532396565512, -331.016169046983123 ], [ -196.312040562150287, -334.021230918355286 ], [ -196.932258507675215, -337.230709471739829 ], [ -190.17997503488732, -341.292253153398633 ], [ -177.335062031275811, -349.32862251996994 ] ], [ [ -148.453597617977721, -199.745410343632102 ], [ -147.738468291980098, -199.579084509052336 ], [ -152.939444962734342, -176.204950145445764 ], [ -155.438666964235381, -164.523238276131451 ], [ -161.507184714680989, -165.808920609764755 ], [ -147.008313225594975, -223.355569029226899 ], [ -143.399299531305587, -236.375829703174531 ], [ -138.602799707790837, -235.049136406742036 ], [ -144.280006926695933, -213.373549123294652 ], [ -144.75570863942994, -213.489796299487352 ], [ -148.453597617977721, -199.745410343632102 ] ], [ [ -145.790981120791912, -199.12577276583761 ], [ -132.416026227689144, -196.010030606761575 ], [ -128.760921317791144, -209.592396982945502 ], [ -142.337547909819477, -212.89962148014456 ], [ -134.374524443543123, -243.287820088677108 ], [ -103.990070805497453, -270.815177308395505 ], [ -110.166100141295829, -240.744011024944484 ], [ -120.121951839668327, -200.69865586515516 ], [ -126.954015328283276, -197.366876601241529 ], [ -150.369113786053276, -178.551542251370847 ], [ -145.790981120791912, -199.12577276583761 ] ], [ [ -382.042024449039673, -331.815312130376697 ], [ -383.672987279993322, -332.512384884990752 ], [ -383.591659958618038, -332.669321736320853 ], [ -382.310069015480622, -332.19395190384239 ], [ -374.204149859016979, -351.770974088460207 ], [ -373.434055539468318, -352.144324471242726 ], [ -364.299457990198789, -372.591388903558254 ], [ -299.146844787788723, -352.523230868391693 ], [ -314.117938232468077, -303.946363252587616 ], [ -382.015846752854486, -331.943617165088654 ], [ -382.042024449039673, -331.815312130376697 ] ], [ [ -366.677950093486288, -634.38672688882798 ], [ -357.4637176522956, -639.379655296914279 ], [ -346.300944526261446, -643.282599128782749 ], [ -343.089512361952075, -634.030526328831911 ], [ -345.936420116564477, -633.069603075273335 ], [ -341.646730185590059, -620.505080207251012 ], [ -349.191945933311217, -624.622054323554039 ], [ -363.64850547136848, -633.097873386926949 ], [ -366.677950093486288, -634.38672688882798 ] ], [ [ -405.441728351002894, -435.170426989905536 ], [ -408.039891226768304, -433.967462821863592 ], [ -433.154635380227774, -437.066830540075898 ], [ -430.787684122924475, -460.866817041300237 ], [ -431.071813882748756, -461.386397139169276 ], [ -444.691022534107105, -474.542433984577656 ], [ -435.60675080357214, -492.840497096069157 ], [ -435.556025036848951, -493.169200487434864 ], [ -435.452295317243625, -493.224486257880926 ], [ -422.594761864487737, -491.428325423970819 ], [ -421.036865723488518, -502.792649267241359 ], [ -421.122344014367627, -502.905150634236634 ], [ -418.922254574912586, -519.083124158903956 ], [ -418.840971499519583, -519.168063228018582 ], [ -385.184535849251915, -514.583173244260252 ], [ -385.098996541952147, -514.470601192675531 ], [ -385.700471884951185, -510.065203809179366 ], [ -380.273452442952475, -509.325199557468295 ], [ -380.130713048745747, -510.361047796905041 ], [ -380.018036831619611, -510.4464315418154 ], [ -359.157046586595243, -507.566876519471407 ], [ -359.101607505730499, -507.463233578018844 ], [ -362.440156216212927, -483.229577185586095 ], [ -359.599580793712448, -482.843255462124944 ], [ -359.514022990619196, -482.73054969497025 ], [ -362.706635943743095, -459.571564512327313 ], [ -362.819168837995676, -459.486166744492948 ], [ -365.715512264463541, -459.881031129509211 ], [ -369.094813385070665, -435.474563718773425 ], [ -369.19844164092865, -435.419131310656667 ], [ -391.044577407299585, -438.433325688354671 ], [ -391.129931634901368, -438.546115098521113 ], [ -390.977112708447748, -439.645667958073318 ], [ -396.5218365525634, -440.435310122556984 ], [ -397.129325581603553, -436.456941666081548 ], [ -405.339565123047578, -437.604713543318212 ], [ -405.441728351002894, -435.170426989905536 ] ], [ [ -397.041230256860217, -608.235224612057209 ], [ -380.34234779936196, -604.958801524713635 ], [ -369.964194759224483, -604.188896457664669 ], [ -360.388928601027146, -604.279085821472108 ], [ -351.427867799808155, -605.484964014030993 ], [ -337.674460956834082, -608.720481339842081 ], [ -334.27656733502954, -596.923162623308599 ], [ -342.557398190103413, -584.062559858895838 ], [ -342.975075944779746, -583.767672663554549 ], [ -343.533226761190235, -583.735995727591217 ], [ -359.1924640918769, -589.129086106084287 ], [ -399.274528561147235, -603.95934602431953 ], [ -397.041230256860217, -608.235224612057209 ] ], [ [ -320.457705646065733, -614.17512019444257 ], [ -308.734914317439689, -618.097554701380432 ], [ -299.522294165239146, -622.2902065012604 ], [ -280.598643410547083, -634.542863109149039 ], [ -273.468761351938156, -628.60692797601223 ], [ -297.00044662171058, -598.183531694114208 ], [ -299.214301238849657, -596.359592595137656 ], [ -301.141694787162123, -594.908660311251879 ], [ -301.450457248081875, -594.278694478794932 ], [ -316.484515744654345, -602.484340948052704 ], [ -320.457705646065733, -614.17512019444257 ] ], [ [ -394.713709441106403, -612.683305868878961 ], [ -392.217580526945312, -615.386484491638839 ], [ -382.191067789508452, -623.902229631319642 ], [ -375.389332979282699, -628.887076722458005 ], [ -368.880745223430495, -633.146813506260514 ], [ -364.603309641404849, -631.340065203607082 ], [ -350.189875114199822, -622.889530140906572 ], [ -340.691064780869056, -617.706020367331803 ], [ -338.276024832595795, -610.632805399596691 ], [ -351.744183385824726, -607.459692496806383 ], [ -360.470423005561315, -606.277723274193704 ], [ -369.94145729025513, -606.188515679910779 ], [ -380.017906235230839, -606.932516232132912 ], [ -396.083170039275501, -610.067190134897828 ], [ -394.713709441106403, -612.683305868878961 ] ], [ [ -436.928139619356443, -525.144035758450627 ], [ -434.686466503264455, -527.326318956911564 ], [ -432.276514945073359, -528.81933722179383 ], [ -428.819841513139181, -529.606484053656459 ], [ -426.224384531034957, -529.22959092259407 ], [ -428.745148032843645, -527.108348249457777 ], [ -431.862044175870324, -521.625470736064017 ], [ -438.682410126702962, -509.232364653609693 ], [ -439.260779020403788, -508.310938692651689 ], [ -445.57440434786804, -512.04713405109942 ], [ -436.928139619356443, -525.144035758450627 ] ], [ [ -55.433363607598949, -619.126963677816093 ], [ -35.748619338872231, -642.23191574215889 ], [ -35.664213689819007, -642.332922824658453 ], [ -35.878962841232351, -641.298439092002809 ], [ -35.77779163093328, -640.948860132135451 ], [ -35.558186807009406, -640.658662293106318 ], [ -30.051667243809788, -635.631046235561371 ], [ -48.004233632140313, -614.862448672764003 ], [ -49.831122022676936, -613.143923725932837 ], [ -55.433363607598949, -619.126963677816093 ] ], [ [ -432.776738641021439, -421.663809677585959 ], [ -431.94942739902217, -422.702318209223449 ], [ -416.756922378031959, -430.47601221408695 ], [ -409.747923082171837, -431.621885681524873 ], [ -419.514699937108162, -413.916068958118558 ], [ -420.613836665042982, -414.964400463737547 ], [ -420.733237947815724, -414.945011956617236 ], [ -428.148239385309353, -418.951108532957733 ], [ -428.187904751403039, -419.087996490299702 ], [ -432.776738641021439, -421.663809677585959 ] ], [ [ -417.893392863466943, -412.716111499816179 ], [ -407.161817244015765, -432.170795540325344 ], [ -405.452181454047604, -432.962342984043062 ], [ -405.405308745377624, -431.576984482817352 ], [ -389.409263749452293, -428.76204224396497 ], [ -389.328058877179501, -428.655183151364326 ], [ -383.514147791500363, -428.159066772088408 ], [ -383.394846703145959, -428.248940257355571 ], [ -371.572175989318566, -426.350307847373188 ], [ -371.491074307037707, -426.232133648358285 ], [ -357.229634015702686, -423.367703686468303 ], [ -356.392164323468023, -415.470594229176641 ], [ -353.97355077758948, -414.247311365790665 ], [ -357.840464885735855, -406.259277093224227 ], [ -357.135555811515587, -405.9163036653772 ], [ -357.089398379939666, -405.782683304511011 ], [ -367.762460424080928, -383.936670061200857 ], [ -383.476254992123359, -391.556342788971961 ], [ -383.520323294937043, -391.694069586694241 ], [ -382.812704759498956, -392.992885532788932 ], [ -416.398319117715801, -411.247555525042117 ], [ -416.448822637985359, -411.353644511662424 ], [ -416.220354720649993, -411.784099402837455 ], [ -417.893392863466943, -412.716111499816179 ] ], [ [ -445.632619472284205, -472.675698081962764 ], [ -442.726168599767334, -469.890982029028237 ], [ -448.009338126959847, -452.04191720392555 ], [ -461.723289120973277, -440.412230684421957 ], [ -464.326750790931328, -441.059080478735268 ], [ -464.825715127977674, -442.049148405902088 ], [ -465.070105322656673, -443.709313567727804 ], [ -447.56261752350656, -468.848650110885501 ], [ -445.632619472284205, -472.675698081962764 ] ], [ [ -446.042890538845313, -451.641191065311432 ], [ -441.104755129677869, -468.324566291645169 ], [ -432.81085957410869, -460.287561578676105 ], [ -435.101992660360338, -437.680575342848897 ], [ -438.519679792791067, -439.233356424607337 ], [ -443.09681879141317, -447.278300890699029 ], [ -446.042890538845313, -451.641191065311432 ] ], [ [ -460.302748465563127, -438.178618248552084 ], [ -435.353667399367623, -435.315194986760616 ], [ -436.6512093647234, -423.879841836169362 ], [ -460.302748465563127, -438.178618248552084 ] ], [ [ -459.06093545719159, -440.048535927198827 ], [ -447.339137884193406, -449.988839186728001 ], [ -444.815471217722006, -446.256052296608686 ], [ -440.017195332691699, -437.862872683443129 ], [ -459.06093545719159, -440.048535927198827 ] ], [ [ -433.368353446154288, -435.078721557743847 ], [ -414.920490426526158, -432.802102224901319 ], [ -417.528173738153782, -432.327222723513842 ], [ -433.052224822755306, -424.383883411996067 ], [ -433.378752396760319, -424.116833579726517 ], [ -434.542911183327305, -422.655415823683143 ], [ -434.763918247923357, -422.779525686055422 ], [ -433.368353446154288, -435.078721557743847 ] ], [ [ -198.441476138419603, -213.610241342335939 ], [ -171.596777141983694, -202.767235845327377 ], [ -175.389931173258447, -186.742558322846889 ], [ -176.222515427647522, -185.298581250943244 ], [ -175.292870918083281, -184.983928515575826 ], [ -176.980980732887474, -178.330440206453204 ], [ -176.908497634783998, -178.209644143469632 ], [ -183.347775890340927, -152.323761253617704 ], [ -196.590516244637911, -155.588592708110809 ], [ -196.634715487931317, -155.697474499233067 ], [ -195.63751698525266, -159.725824855268002 ], [ -198.377566952876805, -160.446896084584296 ], [ -196.762980888432139, -167.028445298783481 ], [ -196.654084997117025, -167.072646233253181 ], [ -193.982664773393481, -166.411018879152834 ], [ -192.419690344719129, -172.72625838033855 ], [ -195.150574467817933, -173.444653775542974 ], [ -194.296427313662207, -176.99391726590693 ], [ -194.175506279350884, -177.067098740488291 ], [ -191.388889200019548, -176.382388666272163 ], [ -190.128483431439236, -181.485304905101657 ], [ -190.007931393342005, -181.558411817997694 ], [ -188.884499727098955, -186.198733766563237 ], [ -193.6838274151105, -187.454971176572144 ], [ -196.175022185145281, -189.905196413397789 ], [ -198.754471956637644, -209.312634649686515 ], [ -198.441476138419603, -213.610241342335939 ] ], [ [ -170.598542530869963, -204.520283024758101 ], [ -197.900826970564594, -215.5481146434322 ], [ -198.186220809344377, -215.734048165380955 ], [ -189.842385043248214, -248.288254311308265 ], [ -189.914697040943793, -248.408733042888343 ], [ -186.639908673190803, -261.768947870470583 ], [ -186.514125470261206, -261.841042307205498 ], [ -180.465064791042096, -282.058266033418477 ], [ -182.721118175089941, -282.607754174619913 ], [ -178.645634719308873, -299.848094127140939 ], [ -181.513811415396049, -300.608290700241923 ], [ -181.706601224032056, -299.885421860963106 ], [ -181.828785363293719, -299.814548620022833 ], [ -185.458743668037641, -300.775981396436691 ], [ -187.694933799715727, -292.335858224891126 ], [ -187.786045379109055, -292.261647256091237 ], [ -202.51413500297167, -296.177062880247831 ], [ -196.131205951198353, -320.278717937879264 ], [ -179.655720649292562, -315.935051275417209 ], [ -179.063952434027669, -318.164618644863367 ], [ -178.941716970690322, -318.235602151602507 ], [ -144.306998593954631, -308.997550270520151 ], [ -155.711511929423068, -265.958502339199185 ], [ -155.831048966978415, -265.887260878458619 ], [ -170.357729160905365, -204.472561108879745 ], [ -170.598542530869963, -204.520283024758101 ] ], [ [ -123.112519328415146, -294.072908155620098 ], [ -138.095742051926209, -236.983296699821949 ], [ -142.874811220723132, -238.308893472887576 ], [ -125.285323389816767, -304.570294948294759 ], [ -121.153154089806776, -303.464326379820704 ], [ -123.631334199466437, -294.217436896637082 ], [ -123.112519328415146, -294.072908155620098 ] ], [ [ -133.445830069793374, -246.82699073664844 ], [ -121.275906908871548, -293.205192723311484 ], [ -120.920735671328657, -293.462078814394772 ], [ -100.10930532837483, -287.660250998102129 ], [ -103.297318919128884, -274.140591453760862 ], [ -133.445830069793374, -246.82699073664844 ] ], [ [ -101.41962142822922, -273.39283999428153 ], [ -98.167072586154973, -287.160169773735106 ], [ -98.041087635650911, -287.939184735529125 ], [ -97.055163348130009, -288.431914402171969 ], [ -92.297489054879406, -313.630190347321332 ], [ -91.916827899218333, -313.822101182304323 ], [ -77.983090624136821, -311.178757160902023 ], [ -86.702944596199814, -263.087838966399431 ], [ -91.676446952920742, -248.752225612290204 ], [ -105.515257966904755, -205.005822443403304 ], [ -117.876688485101113, -201.443121631629765 ], [ -108.220888722396921, -240.281580172479153 ], [ -101.41962142822922, -273.39283999428153 ] ], [ [ -384.560136714311739, -330.71728385053575 ], [ -382.450053739432406, -329.815433661453426 ], [ -382.748166724586554, -328.354289188981056 ], [ -380.639231340324841, -327.738178830593824 ], [ -374.015112152754227, -324.567671250551939 ], [ -340.808231566043105, -311.474230668507516 ], [ -340.178486266917389, -311.330228424631059 ], [ -340.135613966176606, -311.204118548892438 ], [ -318.179148515164343, -301.34533875156194 ], [ -325.189434131352755, -275.553120777010918 ], [ -348.259776096745554, -280.443512795493007 ], [ -390.597941375615846, -288.647179286926985 ], [ -390.766396103726947, -287.939181395806372 ], [ -393.626560182708999, -288.571713508106768 ], [ -401.266165888218893, -292.252552456222475 ], [ -402.093570215, -292.888907801359892 ], [ -402.747959679823907, -293.758875781670213 ], [ -403.323101375206534, -294.869798799045384 ], [ -402.87076390789116, -295.462827514857054 ], [ -400.417083662932782, -300.19816710613668 ], [ -398.678084781377038, -302.845241870731115 ], [ -393.377421330669677, -311.870184933766723 ], [ -390.054476638671986, -318.540450347587466 ], [ -384.560136714311739, -330.71728385053575 ] ], [ [ -406.844216750710984, -290.252473003230989 ], [ -405.821303199414615, -289.583025678060949 ], [ -394.843252808967009, -285.12504437379539 ], [ -343.943316622204293, -273.831756283529103 ], [ -343.820675245491657, -273.906481607817113 ], [ -324.65443785565185, -268.917635097168386 ], [ -331.12249290442378, -243.789116838946939 ], [ -341.502856269247786, -214.636810127645731 ], [ -341.630438459871584, -214.576123658567667 ], [ -342.3130267092547, -214.818156006745994 ], [ -348.613849534112887, -197.093164143152535 ], [ -360.561142290822318, -201.161624289117754 ], [ -360.523570468227263, -201.269549890421331 ], [ -361.465844959911919, -201.60343649610877 ], [ -361.509031927576871, -201.479381306096911 ], [ -385.249056063958051, -209.437648839317262 ], [ -385.484595613424972, -208.773544358089566 ], [ -385.612201949761584, -208.712735674344003 ], [ -407.547381791971929, -216.485578117892146 ], [ -417.045377173917586, -219.99120922293514 ], [ -417.102868610725636, -220.124138693325222 ], [ -428.866508717355828, -225.124039148911834 ], [ -428.71538590250384, -225.580661376938224 ], [ -445.661418186724404, -232.287850615568459 ], [ -436.48993245242491, -247.999361272901297 ], [ -436.524668864514751, -248.138093869201839 ], [ -425.982037103984112, -265.276756772771478 ], [ -425.836064768214783, -265.304324449039996 ], [ -406.844216750710984, -290.252473003230989 ] ], [ [ -327.704859489855153, -225.207229093648493 ], [ -323.470874137696228, -238.679761908948421 ], [ -324.090910498984158, -238.863488801755011 ], [ -324.158355207113345, -238.987727265805006 ], [ -312.910627316779937, -276.956626347266138 ], [ -303.952165199558294, -306.78219332639128 ], [ -303.837121320124425, -306.851487952284515 ], [ -302.340050592307307, -306.556708279065788 ], [ -289.328784683348204, -349.818358927033842 ], [ -289.209370687067349, -349.886687112040818 ], [ -273.478634407703794, -346.044545494951308 ], [ -273.932566992389184, -332.663204377517104 ], [ -274.037326774618123, -332.568107110448182 ], [ -275.180013349772707, -309.347702323459089 ], [ -275.085672439867267, -309.234887697733939 ], [ -275.977896684784355, -301.264749851077795 ], [ -276.085328655875855, -301.177464230917394 ], [ -278.195878246215216, -275.494176970794797 ], [ -299.21529339200606, -275.738249902613461 ], [ -305.321816778588982, -255.08822491299361 ], [ -305.44602414617475, -255.020760929211974 ], [ -306.751659156247115, -255.407022171653807 ], [ -312.620039932209693, -235.596507149748504 ], [ -312.506013342390361, -235.587923270650208 ], [ -312.517191785400428, -235.684489955194294 ], [ -312.416712931757502, -235.746150022372603 ], [ -304.49201216293477, -235.109062006697059 ], [ -304.402008387629394, -234.977856768295169 ], [ -279.967888900331673, -233.2651571566239 ], [ -281.211574930612187, -215.481846216134727 ], [ -281.712430509058322, -215.517093317583203 ], [ -281.764095316273597, -214.919277331791818 ], [ -282.133948164702815, -214.898143659345806 ], [ -282.991173803942729, -209.676455796696246 ], [ -284.891136741180162, -204.21379659883678 ], [ -284.829531749483067, -204.08661552798003 ], [ -292.141861682477611, -183.007792337797582 ], [ -292.275813652851866, -182.948445561341941 ], [ -294.478994166367556, -177.811838638037443 ], [ -319.706120600387294, -186.13083446957171 ], [ -319.832114778471805, -186.067122099921107 ], [ -338.548459576422829, -192.212931580841541 ], [ -327.829798941125773, -225.143079791218042 ], [ -327.704859489855153, -225.207229093648493 ] ], [ [ -50.061521046178314, -529.3677778551355 ], [ -50.038803204452051, -527.304765919223428 ], [ -49.978859470355019, -523.57639376912266 ], [ -52.227951178543663, -524.614414347335696 ], [ -52.331816398904266, -524.386220187880099 ], [ -52.717707411258743, -524.575714736245573 ], [ -50.061521046178314, -529.3677778551355 ] ], [ [ -55.593413143869839, -518.148546672426164 ], [ -55.323664931991516, -518.027364959940314 ], [ -55.432361263956409, -517.790849314071238 ], [ -53.174554391940546, -516.752618266269565 ], [ -57.344858726233724, -513.057023273780942 ], [ -57.583058690552207, -513.20647628698498 ], [ -55.593413143869839, -518.148546672426164 ] ], [ [ -253.657492214355443, -497.614164652302861 ], [ -254.039205388944538, -496.282895622774959 ], [ -253.624864069324758, -496.151284669525921 ], [ -253.586530926140767, -496.040240542963147 ], [ -257.306846552923162, -483.82586163841188 ], [ -257.400729868530107, -483.755038010887802 ], [ -285.39568929511006, -492.315695405937731 ], [ -285.462037116421925, -492.440524633973837 ], [ -285.084493749096509, -493.674939038231969 ], [ -301.475284376747368, -498.677769134752452 ], [ -333.932934200849559, -508.320869449526072 ], [ -314.377040130688329, -550.55253622867167 ], [ -289.937655546105816, -544.376741599291563 ], [ -289.892228759052159, -544.271658753976226 ], [ -292.12906133157594, -533.329432432539761 ], [ -288.059966578468448, -532.478337773121893 ], [ -288.801469522790285, -528.646124859340489 ], [ -285.233481540717548, -527.916569145396352 ], [ -285.153952808948816, -527.8276871079579 ], [ -285.178663444703488, -527.699296332895756 ], [ -280.452450528124245, -526.80590754840523 ], [ -275.945978928355544, -550.665219184942544 ], [ -288.985113179223845, -553.246145249344409 ], [ -289.027534466962607, -553.366282198578119 ], [ -287.762531884691271, -556.815858102403581 ], [ -295.943555332587493, -559.815864725038409 ], [ -299.800974545501958, -549.42107162065804 ], [ -312.626283726987822, -554.110221228562295 ], [ -312.658394726991901, -554.223264995031059 ], [ -306.764924923296348, -570.229897853918374 ], [ -272.839542587449614, -566.628075372427702 ], [ -257.477097023216629, -563.726303152740002 ], [ -237.150220165724022, -561.292112128809094 ], [ -236.255461388602271, -561.060639698058367 ], [ -235.344898113333329, -560.205015511251986 ], [ -234.964659112445588, -559.201840685680509 ], [ -234.89481953575887, -558.045094231143594 ], [ -242.231717348469829, -531.655686101876199 ], [ -242.322036785344608, -531.58267738763243 ], [ -242.752937624434708, -531.687752083875239 ], [ -244.899119716328642, -523.297456528991461 ], [ -248.895446281983823, -511.996350012719631 ], [ -249.016422335089374, -511.933351453393698 ], [ -249.829893556510797, -512.159080052748322 ], [ -253.542907640336125, -498.729414129629731 ], [ -253.640842376104047, -498.656874900683761 ], [ -253.657492214355443, -497.614164652302861 ] ], [ [ -238.728730022206946, -511.895070507191122 ], [ -238.58815413810953, -512.355857101269066 ], [ -239.095108429946777, -512.58960519451648 ], [ -239.148543508119474, -512.710593520663679 ], [ -232.837721785277608, -532.538435639813542 ], [ -217.251446156533348, -527.64711073320359 ], [ -214.370746587506801, -538.625789099372923 ], [ -214.261132978397654, -538.668450647965074 ], [ -212.433850648085354, -538.186630045995116 ], [ -211.695024533857577, -540.989096499979496 ], [ -220.534344052981396, -543.07788628898561 ], [ -220.873717147085699, -541.642132092267275 ], [ -216.709104967159874, -540.657034266740084 ], [ -216.632483415141905, -540.567909568548203 ], [ -218.093405344727216, -534.377449965104461 ], [ -219.11722862769966, -532.82253962289542 ], [ -220.922593913237506, -532.401146587915719 ], [ -223.072706514554739, -532.752241242676973 ], [ -232.346324529456979, -534.99156216531992 ], [ -228.009904390610245, -553.37930897064507 ], [ -227.889638786453361, -553.45355077367276 ], [ -226.836979838335537, -553.204770204611123 ], [ -225.402344588583219, -559.264755592681468 ], [ -225.313242989011997, -559.341357277706265 ], [ -203.121093272142389, -554.093220744282007 ], [ -202.927203674775228, -554.84177225176245 ], [ -202.805208684842, -554.913437803275883 ], [ -162.573567944160459, -544.420379810035229 ], [ -123.911077299204408, -530.106067923828959 ], [ -158.416033683964997, -479.883976985700428 ], [ -158.55182137351585, -479.856865839101374 ], [ -173.671353534722584, -456.076520578935742 ], [ -190.029822233855157, -460.900882314890623 ], [ -190.164875470507468, -460.836901869624853 ], [ -198.463251881405085, -464.13524463865906 ], [ -183.258870928879332, -491.330877153202891 ], [ -197.030571448218325, -498.880235311575234 ], [ -201.52550500011057, -492.214871988631785 ], [ -204.646240173235128, -494.214671869762242 ], [ -204.7959130926738, -494.18889569118619 ], [ -208.675096586257496, -489.576409270986915 ], [ -208.653261557517908, -489.44897111132741 ], [ -219.695874265486054, -471.163292705081403 ], [ -248.427007838998179, -480.76237725559622 ], [ -248.463267289387659, -480.872798720374703 ], [ -238.728730022206946, -511.895070507191122 ] ], [ [ -296.317009852769843, -486.285672418773174 ], [ -293.112174665999191, -485.568790493533015 ], [ -293.056352778088694, -485.722743419930339 ], [ -292.944087550322365, -485.758440100587904 ], [ -275.815114761986479, -480.039551581256092 ], [ -275.751609315064343, -479.915178527124226 ], [ -271.914688482584097, -478.723643342964351 ], [ -271.787546437910351, -478.788811947219074 ], [ -260.635089714183778, -475.022521793842316 ], [ -267.020919572356433, -455.792986183427274 ], [ -266.507245287060869, -455.621674675494432 ], [ -266.443799714770648, -455.495948752388358 ], [ -280.608620227521897, -411.928214580751956 ], [ -344.094372831907094, -420.223507072776556 ], [ -342.005310013310009, -436.471678378991783 ], [ -339.450905678562776, -463.501212391071022 ], [ -337.298682561413443, -480.232999291270971 ], [ -335.010436723845487, -499.266646991483867 ], [ -334.902924045927648, -499.296248488128185 ], [ -296.382057413276925, -486.40211670845747 ], [ -296.317009852769843, -486.285672418773174 ] ], [ [ -208.018812061967765, -348.927703178487718 ], [ -209.150800325780438, -347.485773879103363 ], [ -209.115394251584803, -347.381906957365572 ], [ -211.526132968388993, -338.439233344048262 ], [ -211.648671849758102, -338.368732519447803 ], [ -257.102471329082618, -350.661558574065566 ], [ -257.172642112513131, -350.784307891502976 ], [ -256.984058460740926, -351.475914393551648 ], [ -284.377137972829587, -358.925391379743814 ], [ -285.091541278752629, -360.524299088865519 ], [ -274.134587064139851, -400.850908612832427 ], [ -274.034182710656751, -400.896751604042947 ], [ -240.019722965898836, -395.528856953606009 ], [ -239.911200240472681, -396.171419314108789 ], [ -239.795709656575127, -396.253295172005892 ], [ -196.710308612926383, -388.790131878107786 ], [ -196.663292633562378, -388.674402724951506 ], [ -206.393884003789935, -355.943670054897666 ], [ -207.852116989657588, -348.994909572415054 ], [ -208.018812061967765, -348.927703178487718 ] ], [ [ -309.330314817256294, -365.144099488854408 ], [ -319.747969741882116, -367.594654335640371 ], [ -319.861934918810221, -367.518979120068252 ], [ -327.534786594860634, -368.811759702861309 ], [ -327.614187029972527, -368.942122024483979 ], [ -330.539804874437323, -369.910708676092327 ], [ -333.422814196053878, -370.759889025241137 ], [ -359.231053419382079, -379.144938705489039 ], [ -354.432224626982133, -394.108539733104408 ], [ -354.306258882954353, -394.172847460024059 ], [ -353.083179678476881, -393.775950479321182 ], [ -346.421719090685656, -411.943432201631367 ], [ -326.11167561831644, -408.439232714474201 ], [ -309.511973665847108, -406.229988105595112 ], [ -313.144903428641555, -395.955357760190964 ], [ -313.079244776619817, -395.845652525313199 ], [ -313.474946774544151, -393.496675447560847 ], [ -305.983064340174678, -391.246323244646192 ], [ -304.099717789078568, -397.448403896763921 ], [ -300.010355360438552, -396.26266244892031 ], [ -297.477671202375859, -404.549349746666849 ], [ -285.253548327857061, -402.487911879085004 ], [ -284.579745315051696, -401.881904625333846 ], [ -284.333188183238235, -401.275407943874598 ], [ -284.418402056417108, -400.603540659882128 ], [ -296.155746301210456, -361.192140479572117 ], [ -296.266583683302088, -361.153096220456064 ], [ -309.262281828216146, -365.025577805936337 ], [ -309.330314817256294, -365.144099488854408 ] ], [ [ -199.52101760725418, -454.578453371301293 ], [ -193.290483669352398, -452.817636087536812 ], [ -193.165304760970685, -452.886122554540634 ], [ -179.036771393926756, -448.609027669765055 ], [ -178.96579031017427, -448.515371947549284 ], [ -185.512233664061569, -426.876645667478442 ], [ -185.612880528726237, -426.806636455468833 ], [ -185.693797966518105, -425.195690092630684 ], [ -185.602612577296895, -425.066625655628741 ], [ -188.974542668516733, -412.915865030139685 ], [ -189.066251412277779, -412.842736965976655 ], [ -189.531859417509622, -412.965181664563715 ], [ -192.26450158327134, -403.049442012794316 ], [ -193.562304849623615, -400.085547775961459 ], [ -193.226042811444131, -399.175236105918884 ], [ -193.193893284087608, -398.53618878684938 ], [ -193.371168171306635, -397.935867458581924 ], [ -193.743426204529896, -397.384263129904866 ], [ -194.22306065524208, -396.938890893012285 ], [ -195.111153858919351, -396.797484422102571 ], [ -195.822085039346348, -396.925858331844211 ], [ -196.540688519173273, -397.363823249936104 ], [ -196.95617068737738, -397.861903419718146 ], [ -212.679530219669687, -400.410028276965022 ], [ -212.728314624970153, -400.5244942586869 ], [ -211.553646933774871, -404.715794424526393 ], [ -208.027257602529062, -403.786960257217288 ], [ -207.231717760636457, -406.675296866334975 ], [ -207.139874700298606, -406.748614550568163 ], [ -203.508189960795789, -405.753301821649075 ], [ -202.400785701063796, -409.771328481845558 ], [ -220.137772344982295, -414.679605758748949 ], [ -223.649334773925148, -401.957398038357496 ], [ -223.741116901794157, -401.884135005064309 ], [ -230.88719405619122, -403.842018397524953 ], [ -231.062113809110087, -403.207797667942941 ], [ -231.174184522114956, -403.135651363059878 ], [ -271.239979783336821, -409.531285794451833 ], [ -258.723488204557725, -450.054597738198936 ], [ -252.251867961642347, -472.436395519413054 ], [ -214.580216257740176, -459.654039082117379 ], [ -199.585291106126533, -454.700400098226964 ], [ -199.52101760725418, -454.578453371301293 ] ], [ [ -248.529671446498469, -607.022221132181585 ], [ -263.648805201861251, -573.908781126141548 ], [ -281.67766260429562, -582.106942404061556 ], [ -266.56086298396076, -615.320143488235772 ], [ -248.579106343173407, -607.15462726354599 ], [ -248.529671446498469, -607.022221132181585 ] ], [ [ -321.549430704444603, -551.683431223034859 ], [ -342.749642428874722, -512.029907348565757 ], [ -342.857181956298518, -512.007317771203816 ], [ -357.030049796796447, -517.589924331754446 ], [ -357.052877708842061, -517.712718646042049 ], [ -338.421321632420586, -552.566103601828218 ], [ -343.027891996875042, -554.4231993900612 ], [ -341.079159656097545, -559.413300374522805 ], [ -340.965399811528187, -559.442760484293103 ], [ -321.60099669437659, -551.823574295267463 ], [ -321.549430704444603, -551.683431223034859 ] ], [ [ -84.500112336419988, -515.651302747428417 ], [ -93.677870655019433, -490.568534946069121 ], [ -109.079669645987451, -496.164850378409028 ], [ -99.914677072963968, -521.332639370113611 ], [ -84.559780743111332, -515.779507016763091 ], [ -84.500112336419988, -515.651302747428417 ] ], [ [ -66.910873936458302, -493.069874142296612 ], [ -72.433677134527898, -494.539590859785676 ], [ -71.302804806191489, -499.010264540091157 ], [ -72.458967537910212, -499.315966419875622 ], [ -72.533217037844224, -499.406914036720991 ], [ -71.006517504760268, -505.23994049616158 ], [ -70.884307109738074, -505.31120315566659 ], [ -69.895674933362898, -505.050138912163675 ], [ -68.24811999774829, -511.354185025207698 ], [ -68.126843019990702, -511.425810015760362 ], [ -67.531842613590925, -511.275008008815348 ], [ -66.688492913097434, -514.5158984772861 ], [ -66.597414577157906, -514.590528750792146 ], [ -61.971930898778737, -513.373993682675064 ], [ -61.897672358936688, -513.283072769641876 ], [ -62.7756495087433, -509.915754004381597 ], [ -62.171991495804832, -509.754592655226588 ], [ -62.101108869344898, -509.632544107735157 ], [ -63.74366140170423, -503.397360747680068 ], [ -62.824509455969746, -503.154141536913812 ], [ -62.75338699936583, -503.032137892208993 ], [ -64.282710328609028, -497.201923209242523 ], [ -64.404529028117395, -497.130530027672648 ], [ -65.652604726141362, -497.454607965424657 ], [ -66.788820390896944, -493.141099823638797 ], [ -66.910873936458302, -493.069874142296612 ] ], [ [ -97.253184451014022, -487.386829057708383 ], [ -101.148299470172788, -476.344594348222017 ], [ -112.159516213947427, -480.202091028913856 ], [ -108.275434656803554, -491.312625870108604 ], [ -97.314684317203501, -487.514152253046632 ], [ -97.253184451014022, -487.386829057708383 ] ], [ [ -109.769566650957131, -525.490865031257272 ], [ -122.24307526154189, -493.560141703113914 ], [ -122.372624204568638, -493.503426496870816 ], [ -123.360138902304243, -493.889944765716791 ], [ -132.049895656471563, -471.675528313964605 ], [ -150.392023604776114, -423.829640714451671 ], [ -150.052291978927315, -423.679665070027113 ], [ -150.025947317635655, -423.565187055617571 ], [ -163.186871377451098, -392.595360599458218 ], [ -163.299796297234934, -392.536702391691506 ], [ -181.74835435089517, -396.48997210059315 ], [ -181.796003442364963, -396.597394759766757 ], [ -178.295481701034078, -412.931317979469895 ], [ -178.188060960170333, -412.97896877489984 ], [ -168.643348693973167, -410.936271194368601 ], [ -161.264352115367728, -428.342133831232786 ], [ -161.133299240160341, -428.395146319642663 ], [ -160.356313746073283, -428.06574491597712 ], [ -156.331929564215898, -438.177930952049792 ], [ -162.072398082927975, -440.460621885024011 ], [ -163.509704757389045, -436.847144759260118 ], [ -163.609100487721662, -436.784338182769716 ], [ -170.590141868964565, -439.563288521021605 ], [ -170.638072141115117, -439.708815577439964 ], [ -163.758931712553021, -450.793488129973412 ], [ -160.2535129764874, -449.454308021813631 ], [ -151.75745400800588, -470.787611815147102 ], [ -147.410394259548411, -477.584157076664269 ], [ -134.924514448188347, -498.536955118179321 ], [ -117.875019781708033, -528.665103272534907 ], [ -117.751695128768915, -528.709054013714194 ], [ -109.826380319527743, -525.620381445623934 ], [ -109.769566650957131, -525.490865031257272 ] ] ], [ [ [ -277.856629471760243, -145.675999999977648 ], [ -276.642991050533965, -152.118555933237076 ], [ -276.70533303585762, -152.69457211624831 ], [ -276.858106361760292, -152.944413189776242 ], [ -289.277933639254115, -161.149989733472466 ], [ -298.53611790053219, -165.40459608566016 ], [ -316.425043262745021, -172.028100606054068 ], [ -330.774901590597437, -176.468261803500354 ], [ -332.36055639121696, -176.611457111313939 ], [ -333.686904816651804, -175.931462635286152 ], [ -333.970401020096688, -175.697551073506474 ], [ -334.1502008673815, -175.37699416372925 ], [ -341.916928683527658, -152.42451645527035 ], [ -344.247361476735023, -145.675999999977648 ], [ -342.12495163929816, -145.676000000908971 ], [ -340.322459865068595, -150.916661155410111 ], [ -323.916423126858717, -146.964431064203382 ], [ -324.277613744239716, -145.675999999977648 ], [ -322.201222185602091, -145.675999999977648 ], [ -321.966399736624226, -146.513653378002346 ], [ -318.168130804000612, -145.675999999977648 ], [ -308.88455250910738, -145.675999999977648 ], [ -321.452636751213504, -148.447709529660642 ], [ -316.075153916808631, -169.766590975224972 ], [ -300.054732775482989, -163.83491372037679 ], [ -304.238559312632788, -145.675999999977648 ], [ -302.186862074710007, -145.675999999977648 ], [ -298.184563578477537, -163.047034146264195 ], [ -290.311997059416171, -159.43718434497714 ], [ -278.731126268176013, -151.833740086294711 ], [ -279.89111154474449, -145.676000000908971 ], [ -277.856629471760243, -145.675999999977648 ] ], [ [ -332.380563994289332, -174.369134308770299 ], [ -331.956422008721347, -174.603590650483966 ], [ -331.273615734018676, -174.529746007174253 ], [ -317.973338228959619, -170.415794882923365 ], [ -323.401286075888493, -148.896846449933946 ], [ -339.673494494132683, -152.816837177611887 ], [ -332.380563994289332, -174.369134308770299 ] ] ], [ [ [ -269.656709983024484, -513.642642755992711 ], [ -268.410062059858319, -513.292817278765142 ], [ -268.396614893159494, -513.351318432018161 ], [ -269.656709983024484, -513.642642755992711 ] ] ], [ [ [ -185.374518478722166, -531.870568766258657 ], [ -186.133081752010185, -528.962829935364425 ], [ -184.025457393912802, -528.412265790626407 ], [ -183.26708360491466, -531.3209661943838 ], [ -185.374518478722166, -531.870568766258657 ] ] ], [ [ [ -176.306801429980624, -526.782984232529998 ], [ -175.662140407510378, -529.2519093407318 ], [ -177.261309814657579, -529.670279901474714 ], [ -177.906180565429167, -527.200908116996288 ], [ -176.306801429980624, -526.782984232529998 ] ] ], [ [ [ -299.711549404259131, -275.858978661708534 ], [ -301.080750486316902, -276.265656185336411 ], [ -301.164149027947133, -275.988313023932278 ], [ -299.711549404259131, -275.858978661708534 ] ] ] ] } },
{ "type": "Feature", "properties": { }, "geometry": { "type": "MultiPolygon", "coordinates": [ [ [ [ -15.853223324493229, -888.189291653223336 ], [ -12.820922402184806, -890.93149408698082 ], [ -10.50884866508386, -891.030937505885959 ], [ -7.363849824298086, -888.102632290683687 ], [ -5.909325438242377, -889.476570673286915 ], [ -3.335055879713764, -889.46366360783577 ], [ -1.382792898104526, -891.606569442898035 ], [ 5.632299999982934, -885.558162148110569 ], [ 5.63230000007934, -888.206477974541485 ], [ -0.027967177935352, -893.093334467150271 ], [ 1.430253995729799, -894.693169545382261 ], [ -0.05442402398694, -895.916590557433665 ], [ -0.066268771714022, -898.663867132738233 ], [ -3.655493359779939, -902.39583832770586 ], [ -1.758120573385895, -904.54762171395123 ], [ 0.774374035507208, -906.110867843031883 ], [ 5.632299999968382, -906.49111245945096 ], [ 5.632299999992028, -908.496594917029142 ], [ 2.345024758164072, -908.239298311062157 ], [ -5.676009055294344, -914.9814144494012 ], [ -5.666804329757724, -915.717708019539714 ], [ -9.906261583475498, -946.521168131381273 ], [ -1.168670334182025, -938.85572942532599 ], [ 2.399906968423238, -935.509451211430132 ], [ 1.148213068518089, -934.097556956112385 ], [ 4.559384248354036, -930.968020714819431 ], [ 5.632299999930183, -932.156096348538995 ], [ 5.63229999998839, -1041.39749553706497 ], [ -11.707361908976964, -1030.667835095897317 ], [ -11.868462726262806, -1030.737115470692515 ], [ -28.437663512157087, -1027.996341305784881 ], [ -102.486473058506817, -1145.675999999977648 ], [ -130.085450711227168, -1145.676000001840293 ], [ -115.159752231420498, -1122.567343916743994 ], [ -97.378913224449207, -1094.452735888771713 ], [ -86.153668654744251, -1077.183742112480104 ], [ -86.157918177159445, -1077.068782486952841 ], [ -89.363745403219582, -1072.863469358533621 ], [ -83.707716369595801, -1069.902644164860249 ], [ -81.219941939931232, -1067.75246449559927 ], [ -78.336260688654875, -1061.897551413625479 ], [ -78.454317704770801, -1057.379302807152271 ], [ -79.778291584685576, -1054.98853354062885 ], [ -79.654680355290111, -1052.002097344957292 ], [ -71.756451374856624, -1014.360500112175941 ], [ -72.001072680612197, -1009.316246588714421 ], [ -74.034076233738233, -1003.091254400089383 ], [ -76.758655443989483, -997.785944915376604 ], [ -78.911783111221666, -996.258669892325997 ], [ -82.992645992218968, -990.928368352353573 ], [ -82.973318546775772, -990.789167904295027 ], [ -99.622736994859224, -969.096448152326047 ], [ -105.933014501111757, -975.602695178240538 ], [ -110.083802695578925, -971.603649263270199 ], [ -110.200193898497673, -971.587429023347795 ], [ -127.927843980753096, -989.968517507426441 ], [ -129.234335114806527, -988.259807489812374 ], [ -128.732518323578915, -987.876220988109708 ], [ -128.713812027792301, -987.736084595322609 ], [ -131.058021552960781, -984.669913943856955 ], [ -129.669321471166768, -983.608532809652388 ], [ -129.65060718937093, -983.468396765179932 ], [ -141.64118176568627, -967.783341587521136 ], [ -138.121845002389819, -965.073182720690966 ], [ -138.088595642966538, -964.960638135671616 ], [ -143.997551428701627, -957.239189587533474 ], [ -134.214764592010397, -951.31840993091464 ], [ -131.801525626409784, -950.632860298268497 ], [ -130.083832564649128, -950.70971255749464 ], [ -111.096749030692081, -967.179493660107255 ], [ -104.940691281783074, -960.89461240824312 ], [ -128.798446471075295, -939.760986673645675 ], [ -146.989868039898283, -953.333177471533418 ], [ -150.497628127277494, -948.742469332180917 ], [ -150.637775280345522, -948.723747752606869 ], [ -183.327548850482344, -973.722164690494537 ], [ -183.324629001899666, -973.839690878987312 ], [ -171.303121479375477, -989.54081510938704 ], [ -180.112850264833469, -996.267057898454368 ], [ -180.146488151074664, -996.379739919677377 ], [ -180.058629174876842, -996.502633706666529 ], [ -180.172238477545761, -999.253068229183555 ], [ -158.425823933108404, -1041.9234474375844 ], [ -150.519451347825452, -1035.121108563616872 ], [ -148.409271289248863, -1037.88649785425514 ], [ -159.88003448413474, -1046.757714601233602 ], [ -155.10055642075713, -1052.969145933166146 ], [ -142.171026338617594, -1043.131750288419425 ], [ -142.152323524736858, -1042.991433464922011 ], [ -142.539674649378867, -1042.48631302267313 ], [ -137.030173981564076, -1038.258665266446769 ], [ -130.652953168391832, -1046.59255953039974 ], [ -130.512782190653525, -1046.611174273304641 ], [ -103.271248467146506, -1025.741877828724682 ], [ -103.2741678080165, -1025.624440524727106 ], [ -112.119527672031836, -1014.058827306143939 ], [ -88.147535199866979, -1000.353319924324751 ], [ -86.517153283453808, -1002.752886571921408 ], [ -89.179586534852206, -1010.148705350235105 ], [ -85.184789938357426, -1015.020523959770799 ], [ -85.211395988413642, -1017.180754433386028 ], [ -85.806297620538317, -1020.636426768265665 ], [ -89.496815135142242, -1026.185063315555453 ], [ -102.619847278327143, -1036.795279279351234 ], [ -124.095391562434088, -1051.3646394982934 ], [ -135.05642159024319, -1059.770074179396033 ], [ -139.72232928131416, -1063.143669329583645 ], [ -137.426929135255705, -1066.858743605203927 ], [ -133.931322720354729, -1075.730871587991714 ], [ -128.494622750107737, -1092.434938045218587 ], [ -141.421618980026324, -1112.530154193751514 ], [ -139.137389213517963, -1116.494892938993871 ], [ -137.597515607863897, -1115.178188274614513 ], [ -131.795657010925424, -1118.727195935323834 ], [ -131.656322044271292, -1118.69090720359236 ], [ -128.093385987274814, -1120.693247464485466 ], [ -132.040452651208398, -1127.198041008785367 ], [ -134.003520728949297, -1125.904742098413408 ], [ -134.14199949884096, -1125.933230311609805 ], [ -141.126265248807613, -1136.536375492811203 ], [ -148.510765747556434, -1123.312897481955588 ], [ -144.370185628669788, -1121.00901420135051 ], [ -144.331526402698728, -1120.872894559055567 ], [ -154.207812697448389, -1103.199688377790153 ], [ -154.343725248438204, -1103.161124279722571 ], [ -155.57003083618838, -1103.844254171475768 ], [ -162.339465749157171, -1091.709917795844376 ], [ -158.465653527920949, -1088.803255124948919 ], [ -156.64644406001571, -1091.228933544829488 ], [ -156.5066731347124, -1091.249063869938254 ], [ -145.781670526606831, -1083.243338492698967 ], [ -145.761058085237892, -1083.103837885893881 ], [ -146.305919086373251, -1082.36615670286119 ], [ -144.839481742310454, -1081.267258023843169 ], [ -144.304317186168191, -1081.974996828474104 ], [ -144.164466654839998, -1081.994574702344835 ], [ -138.330299533827201, -1077.603546069003642 ], [ -138.310408538400225, -1077.463738968595862 ], [ -142.336747486198874, -1072.089179976843297 ], [ -142.476675092735604, -1072.069100316613913 ], [ -144.943616537606431, -1073.916552101261914 ], [ -147.744755360679846, -1070.176132195629179 ], [ -147.856977577728685, -1070.141418944112957 ], [ -153.402742067330109, -1074.281980320811272 ], [ -153.422615817069527, -1074.422333981841803 ], [ -152.888112007187374, -1075.129198962822556 ], [ -158.524933487558883, -1079.333277647383511 ], [ -158.965739652892807, -1078.749733695760369 ], [ -159.105514774495532, -1078.730038157664239 ], [ -163.455358485449324, -1082.001080278307199 ], [ -163.453670682085431, -1082.118457638658583 ], [ -161.153158019622424, -1085.195997735485435 ], [ -164.55636490211873, -1087.739650483243167 ], [ -166.628435575952608, -1084.02182714920491 ], [ -166.735092432778401, -1083.972415775991976 ], [ -176.669001493439282, -1089.531166915781796 ], [ -170.226451807378908, -1101.14338437281549 ], [ -170.090417438739678, -1101.181876281276345 ], [ -169.169846517675978, -1100.667350554838777 ], [ -168.191735307640556, -1102.418168248608708 ], [ -169.112340876266899, -1102.932713336311281 ], [ -169.150832501762125, -1103.068741392344236 ], [ -152.936143445744165, -1132.08375974278897 ], [ -153.201851766340042, -1132.23777471948415 ], [ -153.215791165455812, -1132.354466970078647 ], [ -146.448009812538658, -1144.469031318090856 ], [ -145.073835209097524, -1145.675999999977648 ], [ -159.619546992444157, -1145.676000001840293 ], [ -162.875853971405377, -1139.818828285671771 ], [ -170.86455127008594, -1143.999935816042125 ], [ -170.999317028119549, -1143.963417932391167 ], [ -174.046358628949747, -1145.675999999977648 ], [ -198.002205692080679, -1145.675999999977648 ], [ -208.488866546311328, -1118.164383083581924 ], [ -208.617949921495892, -1118.106607117690146 ], [ -211.765023473271867, -1119.308849316090345 ], [ -215.533794594191932, -1109.493289579637349 ], [ -219.262113993654566, -1110.878988749347627 ], [ -220.631182340233863, -1107.34901764895767 ], [ -223.435619152513027, -1108.371964439749718 ], [ -228.62628363550175, -1094.76933516189456 ], [ -227.63751483676424, -1094.392086441628635 ], [ -227.573309742103447, -1094.293671926483512 ], [ -229.698174239256332, -1088.790962250903249 ], [ -229.054949162782577, -1087.385360093787313 ], [ -223.897272769718256, -1085.656833915039897 ], [ -201.048694580746087, -1071.106875473633409 ], [ -232.502224496894996, -1015.033661359921098 ], [ -262.046696731840711, -1038.312650997191668 ], [ -262.189917983310806, -1038.298211262561381 ], [ -276.802825161332294, -1050.672974448651075 ], [ -276.813124325150056, -1050.81550024356693 ], [ -296.470597520547017, -1068.200105480849743 ], [ -296.598732140371794, -1068.193304331041873 ], [ -308.805772774005163, -1077.618230262771249 ], [ -294.720460040469334, -1095.950501507148147 ], [ -294.564407445530378, -1095.956396308727562 ], [ -291.575567681531538, -1098.557283293455839 ], [ -274.289555795598062, -1087.035236584022641 ], [ -267.846029174916112, -1098.058052058331668 ], [ -278.382691928898566, -1104.186756081879139 ], [ -278.413989849299469, -1104.33170613180846 ], [ -284.277124415013532, -1108.540173534303904 ], [ -266.566117376474722, -1131.367072938941419 ], [ -255.442725555183642, -1122.508598607964814 ], [ -253.754121997073526, -1121.893695211037993 ], [ -252.19187977238289, -1122.313822326250374 ], [ -236.632887383701018, -1141.35201031062752 ], [ -226.246733120860881, -1134.500892510637641 ], [ -243.866528464646763, -1096.327983294613659 ], [ -242.92379392608018, -1094.434154037386179 ], [ -243.039159286312497, -1094.063612040132284 ], [ -243.025714413804963, -1093.751139303669333 ], [ -242.916368194526513, -1093.458114766515791 ], [ -242.461125747240658, -1093.040431975387037 ], [ -242.15979182166484, -1092.95665942505002 ], [ -241.639673869492981, -1093.047590022906661 ], [ -235.5621973138459, -1091.095409291796386 ], [ -233.514212926391338, -1096.46103594917804 ], [ -234.719883322921305, -1096.921610771678388 ], [ -234.777621980461845, -1097.050594633445144 ], [ -222.879591789476763, -1128.268116327933967 ], [ -222.750537943027666, -1128.325893702916801 ], [ -220.666391451719392, -1127.530381086282432 ], [ -213.750925416657992, -1145.675999999046326 ], [ -239.703396005261311, -1145.675999999977648 ], [ -248.925378570060275, -1133.891319708898664 ], [ -247.827154459881058, -1133.031944288872182 ], [ -247.810032722160031, -1132.891611581668258 ], [ -253.879148438212724, -1125.202600374817848 ], [ -265.543397052186265, -1134.34775760024786 ], [ -256.691180494261062, -1145.675999999977648 ], [ -280.369793998033856, -1145.675999999977648 ], [ -294.956962741833195, -1126.30945466645062 ], [ -294.93819448630893, -1126.16823654808104 ], [ -320.052457388779658, -1093.867094969376922 ], [ -320.246924589111586, -1093.891688475385308 ], [ -323.501642777499001, -1092.856058416888118 ], [ -343.974890182111267, -1109.356649406254292 ], [ -340.153820268147683, -1114.328402290120721 ], [ -339.947124290165448, -1114.91062336973846 ], [ -339.98770155127022, -1115.220741841010749 ], [ -340.337235453504036, -1115.730183368548751 ], [ -340.919456535251811, -1115.936879342421889 ], [ -341.229575004679646, -1115.896302081644535 ], [ -341.739016529629225, -1115.546768181025982 ], [ -345.743655676893468, -1110.336157439276576 ], [ -346.835914345121637, -1110.724484968930483 ], [ -388.634790057318241, -1145.31031474750489 ], [ -388.319323438432548, -1145.675999999977648 ], [ -413.498420000016267, -1145.675999999046326 ], [ -405.53836986193528, -1139.438664380460978 ], [ -422.855858816774344, -1117.209754078648984 ], [ -427.676873183228963, -1120.516371472738683 ], [ -445.661386811856573, -1097.987439705058932 ], [ -440.774957682087916, -1094.113373947329819 ], [ -436.832952118567846, -1100.278422037139535 ], [ -436.856531368148353, -1100.42597930599004 ], [ -426.413254278826571, -1113.287658059038222 ], [ -399.817900710489994, -1091.834116904065013 ], [ -390.260777566041725, -1103.660595823079348 ], [ -406.99790924348963, -1117.183982181362808 ], [ -406.90988350002408, -1116.762028069235384 ], [ -407.018780953099849, -1115.930612476542592 ], [ -407.415171671664211, -1115.153798147104681 ], [ -408.054374990360884, -1114.559177094139159 ], [ -408.891605380604233, -1114.211150359362364 ], [ -409.763926134908615, -1114.178163669072092 ], [ -410.563692754420117, -1114.429569898173213 ], [ -411.25972831350191, -1114.955169383436441 ], [ -411.747377306290218, -1115.719049073755741 ], [ -411.931643620648174, -1116.572182521224022 ], [ -411.812354864507142, -1117.436664742417634 ], [ -411.405262938073065, -1118.207974564284086 ], [ -410.758946450334406, -1118.793632579036057 ], [ -409.984826876056104, -1119.115456470288336 ], [ -409.426561108028181, -1119.146476037800312 ], [ -410.816000643759253, -1120.269195637665689 ], [ -410.830922478902721, -1120.409783499315381 ], [ -399.470073739323198, -1134.468982713297009 ], [ -399.356592554131566, -1134.499522005207837 ], [ -369.255751061975388, -1110.159312549047172 ], [ -390.710858945125437, -1083.555440993979573 ], [ -389.441699534525469, -1082.5281100589782 ], [ -388.219689109822866, -1084.036941396072507 ], [ -388.079193716626833, -1084.051792876794934 ], [ -384.36752023871486, -1081.047625852748752 ], [ -384.373564392431945, -1080.93022720143199 ], [ -385.19718549213394, -1079.911702523007989 ], [ -383.799805097203716, -1078.784826449118555 ], [ -382.486755269814239, -1080.40882421657443 ], [ -382.346186856460918, -1080.423723553307354 ], [ -350.933022594686918, -1055.013304767198861 ], [ -362.757442239206284, -1040.317044594325125 ], [ -362.840320794268337, -1040.280046265572309 ], [ -362.957902444411957, -1040.350513726472855 ], [ -367.178629798159818, -1035.785656313411891 ], [ -371.934543310069785, -1038.084521722048521 ], [ -398.044837590952739, -1058.73065484687686 ], [ -407.886336550234773, -1064.30028469953686 ], [ -409.66662251811249, -1060.209995587356389 ], [ -423.927928693419744, -1034.376360987313092 ], [ -417.317523548108511, -1029.074438669718802 ], [ -416.92629558358567, -1027.151667010039091 ], [ -416.994797218414533, -1027.049794776365161 ], [ -427.923285333477907, -1038.361103313975036 ], [ -455.236828811443047, -1063.519719420932233 ], [ -456.406191240295811, -1068.224786295555532 ], [ -456.533378142341462, -1072.530402678065002 ], [ -454.89684767260951, -1069.236661642789841 ], [ -451.759381297639266, -1075.607220787554979 ], [ -451.625575988100536, -1075.652754010632634 ], [ -422.811255803711902, -1061.469656124711037 ], [ -419.851275107086622, -1065.0625333590433 ], [ -447.124778075283757, -1086.538763768970966 ], [ -447.148832787128413, -1086.665975417941809 ], [ -448.470515473882188, -1087.4148875400424 ], [ -450.797970647976399, -1087.771056914702058 ], [ -452.572902412428448, -1087.631604785099626 ], [ -454.325940380143948, -1087.002809843048453 ], [ -456.96354327732297, -1084.002905496396124 ], [ -479.227985861924026, -1095.404918128624558 ], [ -454.016152104619323, -1145.675999999977648 ], [ -470.14884358991003, -1145.675999999977648 ], [ -476.233202443230766, -1134.034216676838696 ], [ -481.92194044122698, -1136.592441872693598 ], [ -482.058689152805528, -1136.544463776051998 ], [ -494.367700000029799, -1142.831040439195931 ], [ -494.367699999953402, -1123.804320603609085 ], [ -483.150648015796833, -1118.190840419381857 ], [ -483.105996889289599, -1118.056719738058746 ], [ -494.367699999989782, -1095.548413931392133 ], [ -494.367699999967954, -1065.453940229490399 ], [ -482.219234121259433, -1089.797487365081906 ], [ -481.186547550469186, -1091.094513393007219 ], [ -478.7756251635019, -1090.662025745026767 ], [ -470.192684663697946, -1086.473030477762222 ], [ -470.945014527924286, -1085.041836225427687 ], [ -463.543969478332656, -1081.392590074799955 ], [ -463.494985639319566, -1081.270108639262617 ], [ -458.945809262431794, -1079.551348046399653 ], [ -458.962659330014503, -1079.497038790024817 ], [ -471.274858716120434, -1055.140633297152817 ], [ -481.742474451524686, -1034.226376520469785 ], [ -481.898763175538988, -1034.325344207696617 ], [ -486.756883280182592, -1025.042024909518659 ], [ -487.829256109331254, -1018.369689986109734 ], [ -491.589285070875121, -1018.091389238834381 ], [ -494.367700000022523, -1019.528709664009511 ], [ -494.367700000022523, -990.115823140367866 ], [ -481.558147546287728, -981.336852195672691 ], [ -481.419620960614338, -981.363101935945451 ], [ -471.291715778092112, -974.491420852020383 ], [ -471.265994589839465, -974.351283820345998 ], [ -460.769458159042188, -966.987665788270533 ], [ -465.534564890340334, -959.885334676131606 ], [ -466.010523714538067, -959.46400541625917 ], [ -467.796622259704236, -956.894756180234253 ], [ -474.456517679949684, -946.652691935189068 ], [ -484.307387269191167, -932.042321195825934 ], [ -485.961535149288466, -930.775693774223328 ], [ -488.372480799580444, -930.537646876648068 ], [ -494.367700000066179, -933.433856891468167 ], [ -494.36770000001161, -918.736338310874999 ], [ -492.249219748026007, -917.681855472736061 ], [ -488.465770499498831, -925.298476349562407 ], [ -488.361627558499094, -925.352896006777883 ], [ -483.813708343039252, -923.09493173006922 ], [ -483.793700332398657, -922.979601085186005 ], [ -484.483432433376947, -921.565067001618445 ], [ -480.856500331354255, -919.765693639405072 ], [ -478.800822850271288, -920.567124756984413 ], [ -476.288964855086306, -919.435850428417325 ], [ -475.859048803407859, -917.169959140010178 ], [ -482.688858048675684, -903.408866356126964 ], [ -481.830558093182844, -902.98146097920835 ], [ -481.742925774366086, -902.770093524828553 ], [ -478.406455633192309, -901.033403327688575 ], [ -482.534782589644237, -897.833848724141717 ], [ -487.556812323122358, -896.407893681898713 ], [ -488.053789715448147, -896.083724628202617 ], [ -488.208286735420188, -895.826475377194583 ], [ -494.367699999906108, -880.586300841532648 ], [ -494.367699999953402, -875.233408518135548 ], [ -486.543837994258865, -894.617169303819537 ], [ -481.802410540332858, -895.963450148701668 ], [ -481.463085604327716, -896.134959319606423 ], [ -476.942260079793414, -899.638709944672883 ], [ -476.316769058363207, -899.865150270983577 ], [ -475.644852640389217, -899.466290322132409 ], [ -471.641724800230804, -901.625062273815274 ], [ -468.415056032094071, -902.904888136312366 ], [ -467.832021256102962, -903.006496272981167 ], [ -462.69542870116311, -903.587212075479329 ], [ -456.64195701465178, -903.897137457504869 ], [ -447.513564235630838, -903.876993928104639 ], [ -426.814667680018829, -891.23416724614799 ], [ -423.763332546322999, -888.788990365341306 ], [ -419.876187961473988, -883.989636016078293 ], [ -410.585960182839699, -878.693339054472744 ], [ -410.458988200136446, -878.735502350144088 ], [ -398.311734688357319, -873.267106481827796 ], [ -396.908211132400538, -876.382683996111155 ], [ -396.766790871768535, -876.428627851419151 ], [ -395.423012602799645, -878.754054958000779 ], [ -404.239786007872681, -884.750176628120244 ], [ -404.279555135266492, -884.860765410587192 ], [ -383.89694239142591, -914.759562387131155 ], [ -373.737809195750742, -907.872365968301892 ], [ -373.711312565836124, -907.73362903855741 ], [ -354.347105425249538, -894.605563411489129 ], [ -354.522895508107467, -894.044678893871605 ], [ -354.473245541337747, -893.735883017070591 ], [ -354.108929110811005, -893.236905769445002 ], [ -353.520899459788779, -893.047364519909024 ], [ -353.212103579624454, -893.097014487721026 ], [ -352.933763929351699, -893.239657588303089 ], [ -352.683193554103127, -893.502733388915658 ], [ -351.177169512226101, -892.527005253359675 ], [ -351.036930177737304, -892.555226020514965 ], [ -320.382152527321523, -871.6521170521155 ], [ -320.342495609829712, -871.541562512516975 ], [ -320.466187104186247, -871.351089450530708 ], [ -320.186927754937642, -871.158501960337162 ], [ -317.529694269449465, -868.575613779947162 ], [ -308.961794741881022, -869.954976008273661 ], [ -319.548235439815471, -853.446065217256546 ], [ -328.627321348696569, -833.386929964646697 ], [ -334.931443875555487, -818.995722685009241 ], [ -335.601438217239775, -816.419456140138209 ], [ -336.307609415645857, -816.141626876778901 ], [ -340.370565786821317, -815.260084155015647 ], [ -340.320699895895814, -815.083613105118275 ], [ -348.919526519384817, -813.278500137850642 ], [ -349.027132543096741, -813.157418053597212 ], [ -355.233714935291573, -813.538564383052289 ], [ -355.274812379477225, -812.857831168919802 ], [ -355.380958768817436, -812.764092233963311 ], [ -370.310347403887135, -813.716195506975055 ], [ -380.282978153461954, -815.539445588365197 ], [ -380.363384789345218, -815.653417432680726 ], [ -397.205513351253103, -818.330106627196074 ], [ -422.239717589103748, -824.094569249078631 ], [ -451.144447630309514, -832.497709129936993 ], [ -494.367699999924298, -853.977541841566563 ], [ -494.367700000077093, -839.304006295278668 ], [ -472.402184068678253, -828.600672050379217 ], [ -462.057778620301178, -824.695621983148158 ], [ -439.726962179656766, -816.999014060944319 ], [ -433.205562373548673, -815.788802590221167 ], [ -431.196500847772768, -814.554996318183839 ], [ -432.235219197793413, -811.265833089128137 ], [ -435.216585666816172, -802.916551063768566 ], [ -436.154460802694302, -797.711193391121924 ], [ -436.616539473519879, -793.67424993775785 ], [ -436.194835695567235, -786.881530628539622 ], [ -435.066419015422071, -780.332621863111854 ], [ -435.263182511595005, -774.373068505898118 ], [ -435.445171805420614, -772.182229691185057 ], [ -435.41257907562067, -771.83353197388351 ], [ -435.261713459736711, -771.517475096508861 ], [ -435.011091645139459, -771.27285070810467 ], [ -428.260460970612257, -766.682076524011791 ], [ -428.424071485578679, -766.479712374508381 ], [ -439.408808855610914, -761.774829881265759 ], [ -439.84271500172872, -761.416785983368754 ], [ -440.347816205214258, -759.974586903117597 ], [ -442.314205688731818, -762.883890164084733 ], [ -444.42179401503563, -767.777051960118115 ], [ -447.238969489089868, -780.407471186481416 ], [ -449.234334962466164, -793.602114094421268 ], [ -450.331366567346777, -797.500627687200904 ], [ -451.607389093713209, -800.646485996432602 ], [ -452.394700842813108, -802.317441118881106 ], [ -453.79479164037366, -803.953916635364294 ], [ -459.503083737179622, -808.113357369787991 ], [ -478.585619139734263, -819.854862779378891 ], [ -494.367699999942488, -828.370850474573672 ], [ -494.367700000015247, -826.100191476754844 ], [ -479.609163045117384, -818.137181354686618 ], [ -460.582568281703061, -806.430096274241805 ], [ -455.236625633055155, -802.563759181648493 ], [ -454.008779980440522, -801.128609869629145 ], [ -453.44100807099494, -799.849403068423271 ], [ -452.240651828416958, -796.904742946848273 ], [ -451.175823271378249, -793.120669082738459 ], [ -449.197949046762005, -780.006363254971802 ], [ -446.295156357633459, -767.072360553778708 ], [ -444.023326620923399, -761.842246892862022 ], [ -439.529919705748398, -755.213201927952468 ], [ -441.164523547822682, -755.532622619532049 ], [ -447.306249371182275, -755.615068255923688 ], [ -456.780199069160517, -754.768151268362999 ], [ -460.990299136688918, -755.431586233898997 ], [ -460.672205339064021, -756.04142005648464 ], [ -470.49562385990248, -765.14318239223212 ], [ -472.675882015837487, -768.292770377360284 ], [ -474.427993314779087, -772.474180284887552 ], [ -476.780556494859411, -774.353228532709181 ], [ -480.058259896295567, -774.633860679343343 ], [ -492.589275986772918, -771.743673992343247 ], [ -494.349668170239966, -771.816011070273817 ], [ -494.367699999924298, -771.887140470556915 ], [ -494.367699999953402, -757.826727513223886 ], [ -493.494507531022464, -755.83373492769897 ], [ -484.909210095445815, -724.977304420433939 ], [ -485.29367416716741, -714.783409137278795 ], [ -486.229512459942271, -712.440024586394429 ], [ -493.257084327176926, -708.032909355126321 ], [ -494.367700000037075, -707.585062582977116 ], [ -494.367700000084369, -700.546235950663686 ], [ -492.741659679972145, -700.66468355897814 ], [ -492.406404910065248, -699.017200118862092 ], [ -484.339401184619419, -673.155786145478487 ], [ -494.367700000047989, -658.725594638846815 ], [ -494.367700000073455, -655.221077792346478 ], [ -481.979398377154212, -673.049141365103424 ], [ -469.177143682050882, -690.476000635884702 ], [ -466.897326197731672, -692.846943910233676 ], [ -450.48950836410404, -692.34447808098048 ], [ -443.492944281648306, -689.850026743486524 ], [ -443.174396742948375, -689.792119910940528 ], [ -425.47516982749039, -689.488287720829248 ], [ -418.2764677479081, -690.858837672509253 ], [ -406.155877701979989, -689.70500429160893 ], [ -391.853136152984007, -685.139717706479132 ], [ -391.420313051445191, -685.100720885209739 ], [ -388.841594127055941, -685.435902921482921 ], [ -388.630638171873215, -685.692124534398317 ], [ -387.904907577756603, -686.165897104889154 ], [ -387.108944983980109, -686.404768727719784 ], [ -386.303785491350936, -686.427103049121797 ], [ -385.616207844852397, -686.267741218209267 ], [ -385.011904034510735, -685.976106339134276 ], [ -384.333036078185614, -685.356238615699112 ], [ -382.691766820689736, -684.513791947625577 ], [ -380.906489995673837, -682.000205720774829 ], [ -379.044287401078691, -679.094190569594502 ], [ -378.733401793504527, -678.786442311480641 ], [ -364.643263034868141, -669.966938021592796 ], [ -361.340621374049078, -668.435598668642342 ], [ -358.368203587870084, -667.824770496226847 ], [ -354.229369454229527, -667.682499367743731 ], [ -344.231672937225085, -669.89397163875401 ], [ -330.052689005984575, -673.503247011452913 ], [ -325.593439736856453, -675.307800519280136 ], [ -322.384607301182768, -677.592127063311636 ], [ -322.094592639665279, -677.920031036250293 ], [ -321.171894490564227, -679.595388733781874 ], [ -320.369176117999814, -682.398035174235702 ], [ -320.34049365636929, -685.114618606865406 ], [ -320.700862287538257, -688.614848610013723 ], [ -325.229613402116229, -704.914079084992409 ], [ -326.023492367250583, -706.14819076936692 ], [ -312.735474383442124, -723.621393602341413 ], [ -311.39486296373434, -721.154435943812132 ], [ -312.812645477672049, -702.508495021611452 ], [ -297.259333530482763, -672.120354696176946 ], [ -296.520157316414043, -668.450870363973081 ], [ -297.186607886760612, -666.806530426256359 ], [ -300.319763861351021, -664.309645162895322 ], [ -304.293323675115971, -661.810240578837693 ], [ -312.234316588595902, -657.685135116800666 ], [ -319.644635635137092, -654.328595427796245 ], [ -334.305225172463906, -649.594277181662619 ], [ -345.512518442708824, -645.675999999977648 ], [ -334.164023195848131, -645.675999999977648 ], [ -334.043959282844298, -647.567590033635497 ], [ -318.871204416172986, -652.484072498977184 ], [ -311.336533179672188, -655.898525567725301 ], [ -304.006766900798539, -659.706117305904627 ], [ -301.653733607734466, -657.199854305945337 ], [ -293.773460563637855, -649.164944242686033 ], [ -290.66834879727503, -645.675999999977648 ], [ -287.9918958656217, -645.675999999977648 ], [ -292.29606229338242, -650.512217752635479 ], [ -300.218677998800558, -658.591975124552846 ], [ -302.236828605866322, -660.741847601719201 ], [ -299.117320397419462, -662.711364506743848 ], [ -295.735594201054482, -665.406341208145022 ], [ -295.432151474025886, -665.81262235250324 ], [ -294.554405840521213, -667.97829264588654 ], [ -294.500888991709871, -668.551189813762903 ], [ -295.417346596730567, -672.909999246709049 ], [ -310.813877068681904, -702.909769377671182 ], [ -309.378575241180442, -721.293889436870813 ], [ -309.496857553935115, -721.849014178849757 ], [ -310.552228729118724, -723.791080276481807 ], [ -307.436969626411155, -722.860793585889041 ], [ -304.200347960037107, -722.49854748044163 ], [ -297.314045584344058, -722.766827247105539 ], [ -289.969961180659084, -723.316733070649207 ], [ -287.166571982432288, -724.397680977359414 ], [ -285.237187883809383, -725.915946325287223 ], [ -283.590311161453428, -727.697360758669674 ], [ -277.244865677337657, -736.684401378966868 ], [ -274.030152582330629, -737.410364560782909 ], [ -272.570649859744663, -737.954352140426636 ], [ -266.406563328457196, -740.608766476623714 ], [ -263.123158556660201, -742.499516994692385 ], [ -258.73086752432755, -745.576929491013288 ], [ -256.65604009026174, -747.249271824024618 ], [ -253.096259275314878, -751.283527475781739 ], [ -250.021277212810674, -756.068149740807712 ], [ -247.362922654690919, -761.10416263807565 ], [ -244.690882667760889, -766.443146316334605 ], [ -243.295452812131771, -770.254839998669922 ], [ -241.37313719875965, -771.181633179076016 ], [ -228.222706837314036, -776.991362768225372 ], [ -223.840614874325183, -779.976645834743977 ], [ -217.920094006958607, -785.59310984890908 ], [ -217.701294695201796, -785.896051780320704 ], [ -216.966094488778253, -787.467957849614322 ], [ -216.87863931280117, -787.775993146002293 ], [ -216.89306665251388, -788.095877504907548 ], [ -219.355321660405025, -799.86553146969527 ], [ -223.531212964035149, -813.770980932749808 ], [ -222.688680364284664, -814.514885055832565 ], [ -213.107976175606382, -800.069476488977671 ], [ -200.576977540169537, -779.044068841263652 ], [ -200.433907174072374, -778.997595495544374 ], [ -193.499044641452201, -762.796403931453824 ], [ -221.884872664593786, -707.42087369877845 ], [ -258.940432388371846, -645.675999999046326 ], [ -250.03582441547951, -645.676000001840293 ], [ -227.600472000547597, -680.953537524677813 ], [ -218.965863625873681, -693.809018105268478 ], [ -218.84843186456601, -693.81338981166482 ], [ -202.422681321308119, -682.78856710344553 ], [ -202.386591945403779, -682.668832919560373 ], [ -193.924878035339134, -679.283395233564079 ], [ -193.780746683743928, -679.332338236272335 ], [ -173.495680628037007, -667.529567518271506 ], [ -173.448238636627138, -667.422040777280927 ], [ -186.100562205991082, -645.676000001840293 ], [ -162.849631031731406, -645.675999999977648 ], [ -157.161186347992043, -655.784685486927629 ], [ -157.044259371075896, -655.798029675148427 ], [ -143.100667311917277, -647.89329063333571 ], [ -139.429857801478647, -645.675999999977648 ], [ -112.587516824167324, -645.675999999977648 ], [ -124.02845850632184, -653.556156170554459 ], [ -131.481427058421104, -658.390337537974119 ], [ -134.981216709504224, -660.770085727795959 ], [ -129.707845432150862, -667.855613559484482 ], [ -129.100450423256916, -667.851503106765449 ], [ -95.275883017469823, -658.932606963440776 ], [ -94.253013526864379, -658.739285292103887 ], [ -86.460959911206373, -653.084438200108707 ], [ -91.747029474456212, -645.675999999046326 ], [ -89.290423338454275, -645.675999999977648 ], [ -84.832915390048584, -651.923948167823255 ], [ -75.997328166477018, -645.738503213040531 ], [ -74.594205185654573, -647.040562579408288 ], [ -74.101118875471002, -646.454607776366174 ], [ -73.681994979891897, -645.675999999977648 ], [ -71.411414428548596, -645.675999999977648 ], [ -72.389572003288777, -647.493126392364502 ], [ -73.162052245030281, -648.443761153146625 ], [ -69.573725103826291, -652.154794835485518 ], [ -68.189294015182895, -651.699479340575635 ], [ -37.121689781735768, -647.161928689107299 ], [ -35.071127011884528, -646.16253727208823 ], [ -35.484800206253567, -645.675999999977648 ], [ -32.675257723236427, -645.676000001840293 ], [ -32.58393778305981, -646.009301877580583 ], [ -24.788413018437495, -654.675724126398563 ], [ -23.091454582234292, -658.377960093319416 ], [ -18.818794341610555, -658.36900351755321 ], [ -14.024820880225889, -654.487206203863025 ], [ -21.506347861175527, -645.675999999977648 ], [ 5.632299999904717, -645.675999999977648 ], [ 5.632299999941097, -676.821826324798167 ], [ -11.848103739570433, -656.863630435429513 ], [ -12.193022321233002, -656.868754011578858 ], [ -12.805609511107832, -656.072536979801953 ], [ -17.834806110497084, -660.144814237952232 ], [ -18.129224140138831, -660.309892405755818 ], [ -20.791221038025469, -660.372458623722196 ], [ -18.417900083999484, -662.212795631960034 ], [ 5.632299999915631, -690.586007499136031 ], [ 5.632300000057512, -693.678044397383928 ], [ -19.873010939794767, -663.58816630858928 ], [ -22.668709568555641, -661.454670772887766 ], [ -21.682306417171276, -701.360218027606606 ], [ -21.355058664990793, -706.51311656832695 ], [ -19.078091534238411, -704.742296816781163 ], [ -2.432839571831209, -727.011188567616045 ], [ -2.602674452638894, -727.795121743343771 ], [ 5.632299999941097, -729.069186537526548 ], [ 5.632300000004761, -731.109581163153052 ], [ -4.164268827626074, -729.599841818213463 ], [ -19.635192310104685, -741.426672207191586 ], [ -15.460755610261913, -745.640413863584399 ], [ 5.632299999913812, -774.738318156450987 ], [ 5.632300000019313, -778.379311548545957 ], [ -15.916258998762714, -799.60301928780973 ], [ -12.0524570364596, -801.523602499626577 ], [ -3.030181260679456, -794.038646785542369 ], [ 5.632299999939278, -785.883487161248922 ], [ 5.632300000077521, -826.556236962787807 ], [ -1.77713845762446, -833.105226600542665 ], [ 5.632300000041141, -841.485796649940312 ], [ 5.63230000004296, -873.625516212545335 ], [ 1.460977730526793, -868.778505529277027 ], [ -1.108412812032839, -868.503441384993494 ], [ -11.735740921330944, -856.784835831262171 ], [ -15.853223324493229, -888.189291653223336 ] ], [ [ -7.750460294842924, -916.187423909083009 ], [ -17.098002338760125, -906.028497493825853 ], [ -17.44532291356154, -906.237421510741115 ], [ -20.378969993627834, -907.259923794306815 ], [ -20.71844831285307, -907.315563399344683 ], [ -53.018195348675363, -907.005153151229024 ], [ -54.876531326368422, -907.537112510763109 ], [ -17.032151248839, -953.009433284401894 ], [ -16.097900741269768, -952.588600687682629 ], [ -12.242119167416604, -948.837697834707797 ], [ -7.750460294842924, -916.187423909083009 ] ], [ [ -18.48223818408951, -904.481554690748453 ], [ -27.092478576521899, -894.606360382400453 ], [ -59.050641711133721, -891.925640440545976 ], [ -49.999694218435252, -905.006361965090036 ], [ -20.872113819339575, -905.314529221504927 ], [ -18.48223818408951, -904.481554690748453 ] ], [ [ -25.186760465658153, -892.759446179494262 ], [ -18.045105465829693, -886.206802790053189 ], [ -17.655816154347121, -886.558940356597304 ], [ -13.497452380992399, -854.84217129368335 ], [ -19.432023038016268, -848.297866407781839 ], [ -21.849657549191761, -850.334107299335301 ], [ -29.464836014665707, -857.718470576219261 ], [ -46.728591871713434, -872.086015682667494 ], [ -62.400301936488177, -886.654877298511565 ], [ -63.46001835228526, -888.572052374482155 ], [ -60.916669878752145, -889.626176252029836 ], [ -58.575415750907268, -889.975065099075437 ], [ -25.186760465658153, -892.759446179494262 ] ], [ [ -22.500313448934321, -740.926687359809875 ], [ -27.026127078801437, -735.673870598897338 ], [ -36.54615229348201, -747.456780160777271 ], [ -35.46397082729527, -748.200223942287266 ], [ -32.510569951660727, -752.931388351134956 ], [ -31.03141988272364, -757.400463266298175 ], [ -30.338027802275974, -762.926099879667163 ], [ -32.098451997337179, -768.568097244948149 ], [ -34.588229708722793, -774.475658156909049 ], [ -37.67179666879565, -779.788278177380562 ], [ -39.734684978104269, -783.110226096585393 ], [ -26.497158496471457, -798.613299964927137 ], [ -25.039680880521701, -797.43869477044791 ], [ -21.740133757110016, -797.73526450060308 ], [ -22.500313448934321, -740.926687359809875 ] ], [ [ -28.292720052349978, -734.049955085851252 ], [ -34.464340231130336, -725.313129652291536 ], [ -92.519281777764263, -716.322215535677969 ], [ -96.863041531652925, -716.209766570478678 ], [ -69.614760792765082, -748.118210434913635 ], [ -62.897986589528955, -744.173938918858767 ], [ -58.237174170206345, -742.12198508810252 ], [ -54.604015830027492, -741.635111706331372 ], [ -50.339785227859466, -741.44665124360472 ], [ -45.138306365046446, -742.585970439948142 ], [ -41.075320307949369, -744.345793064683676 ], [ -38.200338693277445, -746.320486183278263 ], [ -28.292720052349978, -734.049955085851252 ] ], [ [ -36.099510689640738, -723.036698367446661 ], [ -36.804559337255341, -722.071100967004895 ], [ -36.929832353305756, -720.595723643898964 ], [ -60.376004835836284, -689.162898866459727 ], [ -90.129115878035009, -714.669226470403373 ], [ -36.099510689640738, -723.036698367446661 ] ], [ [ -36.297359630099891, -718.138452646322548 ], [ -23.264159135353111, -707.998154091648757 ], [ -23.680563667337992, -701.428166953846812 ], [ -24.70516736308673, -660.416907981038094 ], [ -27.572343702950093, -660.528443114832044 ], [ -58.859585500138564, -687.851701787672937 ], [ -36.297359630099891, -718.138452646322548 ] ], [ [ -79.203542536668465, -663.706167037598789 ], [ -87.602860832956139, -670.897139295004308 ], [ -88.244743510405897, -670.430017359554768 ], [ -100.676788414959447, -707.101793608628213 ], [ -101.000106541907371, -707.562294960953295 ], [ -101.245228703344765, -707.706158383749425 ], [ -103.381942391892153, -708.579705204814672 ], [ -98.610612296175532, -714.164417516440153 ], [ -92.788102865881228, -714.315270639024675 ], [ -61.573217209661379, -687.55581343639642 ], [ -78.013931278153905, -665.514468990266323 ], [ -79.203542536668465, -663.706167037598789 ] ], [ [ -89.747747738940234, -668.945493902079761 ], [ -95.67369063674596, -661.105159606784582 ], [ -128.324273637083024, -669.714492227882147 ], [ -108.468424707976737, -696.389958081766963 ], [ -111.781009527023343, -698.747395327314734 ], [ -104.749531719951847, -706.978852310217917 ], [ -102.423867307972614, -706.028072105720639 ], [ -90.03813904897288, -669.492919565178454 ], [ -89.747747738940234, -668.945493902079761 ] ], [ [ -68.179323808670233, -653.791038476862013 ], [ -67.153222098104379, -655.170146397314966 ], [ -77.618076482827746, -662.478172547183931 ], [ -76.393450783634762, -664.34305867832154 ], [ -60.057726839488168, -686.243647550232708 ], [ -28.621536967637439, -658.790311982855201 ], [ -28.333265639661477, -658.614315535873175 ], [ -28.002839337375917, -658.544361501932144 ], [ -25.25248260304943, -658.437370733357966 ], [ -26.380968781670163, -655.894825045950711 ], [ -33.724835889255701, -647.730518599040806 ], [ -36.678957724587235, -649.11779326479882 ], [ -67.808986975051084, -653.664465029723942 ], [ -68.179323808670233, -653.791038476862013 ] ], [ [ -474.742645793901829, -1024.273721845820546 ], [ -471.017829478389103, -1022.324556047096848 ], [ -470.489328596011546, -1022.212723983451724 ], [ -470.222216155745627, -1022.267389317974448 ], [ -428.878513980800562, -1036.474643072113395 ], [ -418.116967923129778, -1025.380950497463346 ], [ -434.693295619150376, -1000.766722403466702 ], [ -415.110477699612602, -987.395705052651465 ], [ -405.9002407732969, -1000.844941125251353 ], [ -394.983307662800144, -993.435573846101761 ], [ -394.943776216094193, -993.324911440722644 ], [ -413.994492957112016, -965.437368479557335 ], [ -414.111985657780679, -965.433962010778487 ], [ -417.330487413086303, -967.633447130210698 ], [ -418.396393872642875, -966.07372033316642 ], [ -418.507070232715705, -966.034200749360025 ], [ -422.883058349068961, -969.019151620566845 ], [ -422.909184564252428, -969.158085509203374 ], [ -421.843350302455292, -970.717706650495529 ], [ -424.95928097651813, -972.84721033833921 ], [ -424.962778605799031, -972.964712153188884 ], [ -424.117541985475327, -974.203405615873635 ], [ -425.402755187251387, -975.082432434894145 ], [ -430.402766509296271, -967.718030098825693 ], [ -485.782762175445896, -1005.282587374560535 ], [ -486.809993710596245, -1006.547489678487182 ], [ -484.418748004167355, -1009.899116187356412 ], [ -484.443482240289086, -1010.036537709645927 ], [ -481.506135157682365, -1014.347829812206328 ], [ -482.63568848306204, -1015.12084947898984 ], [ -482.661781520355362, -1015.259725209325552 ], [ -480.44368506084902, -1018.498804053291678 ], [ -480.326227321513215, -1018.502234985120595 ], [ -479.192788545644362, -1017.728368786163628 ], [ -477.222310280771126, -1020.608516009524465 ], [ -477.085888115505441, -1020.635781534947455 ], [ -474.742645793901829, -1024.273721845820546 ] ], [ [ -29.967460107372972, -978.86021239310503 ], [ -61.646010910520999, -978.397335113957524 ], [ -63.409325554697716, -978.861022677272558 ], [ -65.831986056553433, -981.023480532690883 ], [ -61.42000502423798, -989.766497454605997 ], [ -63.300711378087726, -999.819015359506011 ], [ -66.140599924998241, -1009.16818371322006 ], [ -65.680028016218785, -1013.411566376686096 ], [ -72.447654422392588, -1047.701512004248798 ], [ -71.405852347661494, -1049.689399942755699 ], [ -70.225725192374739, -1049.602646111510694 ], [ -30.602296415019737, -986.692404041066766 ], [ -29.279847746598534, -983.74959909543395 ], [ -29.967460107372972, -978.86021239310503 ] ], [ [ -480.045017615981124, -1033.150903294794261 ], [ -458.542366637329906, -1075.896606486290693 ], [ -458.47301274659003, -1075.806662357412279 ], [ -458.595910845398976, -1074.640943906269968 ], [ -458.401461394691069, -1068.058310233056545 ], [ -456.989960687957137, -1062.466366911306977 ], [ -430.510619509857861, -1038.028494599275291 ], [ -470.476197873280398, -1024.297644725069404 ], [ -473.654157226656025, -1025.960701809264719 ], [ -472.517278537705351, -1027.720464811660349 ], [ -477.377032626742221, -1031.445625618100166 ], [ -480.045017615981124, -1033.150903294794261 ] ], [ [ -333.365514010385596, -817.097220368683338 ], [ -333.067214077287645, -818.268646764568985 ], [ -326.803383954813398, -832.568056534044445 ], [ -317.75688947663366, -852.555185080505908 ], [ -306.345655288503622, -870.376923818141222 ], [ -305.191822014103309, -870.562888685613871 ], [ -302.705528890037385, -870.489783449098468 ], [ -301.257290167226529, -869.951082908548415 ], [ -301.357696450635558, -870.173214932903647 ], [ -300.48131501745047, -869.674013085663319 ], [ -287.63789577226089, -895.294446188956499 ], [ -275.528025618203174, -892.674122729338706 ], [ -275.450310556787372, -892.589151010848582 ], [ -271.559806877885421, -893.088602459058166 ], [ -271.448835573919496, -893.202238284982741 ], [ -263.049528421272043, -892.42427699547261 ], [ -262.959269389812107, -892.316162331029773 ], [ -255.133169712014933, -891.641562357544899 ], [ -255.034309522683543, -891.733026584610343 ], [ -251.125326637911712, -891.723799204453826 ], [ -251.02561003050505, -891.599921829067171 ], [ -227.420954153209095, -886.92662735376507 ], [ -228.271049738910733, -881.324934498406947 ], [ -223.282811629665957, -880.40970796905458 ], [ -222.341916413006402, -886.175728163681924 ], [ -222.25836409407566, -886.258446208201349 ], [ -218.096051998896655, -885.580536645837128 ], [ -218.013528344112274, -885.474341536872089 ], [ -212.828697125478357, -885.077862073667347 ], [ -199.503126848869215, -882.172530884854496 ], [ -199.342360225437005, -882.236044066958129 ], [ -197.099780251077391, -885.275216257199645 ], [ -196.780975185891293, -885.210569257847965 ], [ -196.848945577150516, -885.452689358964562 ], [ -193.699679746747279, -884.374790944159031 ], [ -193.245334122779241, -884.843413827940822 ], [ -186.530441112325207, -881.701585089787841 ], [ -182.405022385273696, -879.404530952684581 ], [ -173.768172994245106, -871.686928374692798 ], [ -161.142756447590727, -859.772603779099882 ], [ -160.278288926623645, -858.743045362643898 ], [ -160.173551741130723, -858.72310233861208 ], [ -147.094820164795237, -846.262687673792243 ], [ -147.106125685906591, -846.105899224057794 ], [ -145.813490182417809, -844.347565862350166 ], [ -144.400805918901824, -842.993226263672113 ], [ -144.269186297491615, -842.997041559778154 ], [ -134.727983696664523, -834.90639491006732 ], [ -180.018718504461503, -781.045456712134182 ], [ -191.577910130796226, -790.737375957891345 ], [ -178.015175290365733, -806.948672254569829 ], [ -177.874367783688285, -806.961088849231601 ], [ -176.039329237461061, -805.423878374509513 ], [ -174.037317938347769, -807.826119587756693 ], [ -184.676514004208002, -816.737603971734643 ], [ -177.144071495635217, -825.825949874706566 ], [ -184.393995078418811, -832.587288510985672 ], [ -189.925939610497153, -826.294998064637184 ], [ -187.657338403321774, -824.300437406636775 ], [ -187.631545696651301, -824.185788416303694 ], [ -194.465269476020694, -816.405172748491168 ], [ -190.989362856696971, -810.119800196960568 ], [ -189.979562696431458, -811.268283106386662 ], [ -189.840058002848309, -811.27870649471879 ], [ -184.429608977583484, -802.588223209604621 ], [ -199.698482107973177, -792.90643635392189 ], [ -199.807696472815223, -792.949824529699981 ], [ -217.048545595764153, -820.196826869621873 ], [ -213.95593017234205, -823.750580550171435 ], [ -210.972323346290068, -821.182244333438575 ], [ -206.049099439231213, -826.781903374008834 ], [ -209.295783147827024, -829.636294528841972 ], [ -209.321575530710106, -829.75094854272902 ], [ -197.081126892631801, -843.679994904436171 ], [ -201.847535436989347, -844.933456288650632 ], [ -205.341154773517701, -840.959636138752103 ], [ -218.034752433031827, -844.208214684389532 ], [ -232.189833588148758, -841.91259422339499 ], [ -232.168646067582813, -841.998598095029593 ], [ -237.251973632601221, -841.091634450480342 ], [ -262.769784306030488, -836.95324713550508 ], [ -264.231619916987256, -836.053215561434627 ], [ -265.479614513502383, -835.791413493454456 ], [ -267.704079064684265, -833.915271420963109 ], [ -268.642014502131133, -833.338310399092734 ], [ -268.613384898593722, -833.14835116174072 ], [ -269.163127949565023, -832.684673009440303 ], [ -270.11771663014224, -832.542898146435618 ], [ -269.112061734165763, -827.36727684084326 ], [ -269.523068923615938, -827.240391263738275 ], [ -269.60487920743617, -827.111702650785446 ], [ -281.862925247747626, -825.277413830161095 ], [ -281.977743337733045, -825.369177653454244 ], [ -290.087987297845757, -824.793390237726271 ], [ -290.17228396712926, -824.687469352036715 ], [ -324.709236458846135, -819.615916466340423 ], [ -324.824874398760585, -819.677692960947752 ], [ -332.369295060214426, -816.908128463663161 ], [ -333.064940660198772, -816.747610813938081 ], [ -333.365514010385596, -817.097220368683338 ] ], [ [ -206.505476436297613, -897.312733787111938 ], [ -206.117355699774635, -919.995189007371664 ], [ -206.245469849671281, -920.501066688448191 ], [ -208.34904318961344, -924.243216227740049 ], [ -204.536240625280698, -933.822315291501582 ], [ -191.114703711860784, -951.634829047136009 ], [ -188.390897942759693, -949.915136909112334 ], [ -184.168725133611588, -945.387164291925728 ], [ -179.929267651530608, -938.660020093433559 ], [ -175.414020106240059, -928.308825547806919 ], [ -171.373970895985622, -904.799718258902431 ], [ -170.054542556305023, -894.616689375601709 ], [ -170.739875083727384, -891.260661731474102 ], [ -176.937237341408036, -878.694289195351303 ], [ -181.638776954860077, -882.63091283198446 ], [ -185.368619958524505, -884.585428765974939 ], [ -192.005564156210312, -887.550626612268388 ], [ -195.144448260092759, -888.377656253986061 ], [ -206.220890436534319, -897.301440763287246 ], [ -206.505476436297613, -897.312733787111938 ] ], [ [ -175.382005574212599, -877.32792213652283 ], [ -168.889686954667923, -890.49208159185946 ], [ -168.062319058675712, -894.379904463887215 ], [ -168.050392779667163, -894.708369423635304 ], [ -169.400039717776963, -905.117973034270108 ], [ -173.533038231344108, -928.997185225598514 ], [ -178.126945151969267, -939.528706172481179 ], [ -182.642161858277177, -946.681676817126572 ], [ -187.214250386472486, -951.536701278761029 ], [ -190.778026372589011, -953.786713963374496 ], [ -208.94575603566409, -968.344398863613605 ], [ -216.577368171505441, -976.078300530090928 ], [ -219.335551956510244, -980.112458144314587 ], [ -218.464499035255358, -981.519283044151962 ], [ -216.860988329406609, -983.04430247657001 ], [ -180.815723380437703, -955.485614566132426 ], [ -170.21024606739411, -947.65639066323638 ], [ -117.322237337406477, -907.614860163070261 ], [ -91.003597990387789, -888.367969998158514 ], [ -110.842759469434895, -864.433864600025117 ], [ -131.377834511136825, -839.822514000348747 ], [ -131.510990696293447, -839.805547586642206 ], [ -133.215024953808097, -837.357943926006556 ], [ -141.818683435349158, -845.5199532257393 ], [ -147.528857731980679, -851.245903968811035 ], [ -151.690865628610482, -855.159184709191322 ], [ -156.5140901548275, -859.859318424016237 ], [ -161.988126439866392, -864.81181890424341 ], [ -171.668784943516584, -873.941178721375763 ], [ -175.382005574212599, -877.32792213652283 ] ], [ [ -84.623864197339572, -956.418578714132309 ], [ -83.859408140097003, -951.801889722235501 ], [ -81.133954038225056, -916.016845027916133 ], [ -80.907311330956873, -915.159164887852967 ], [ -86.449901335130562, -908.433885696344078 ], [ -88.347799815559483, -908.358977244235575 ], [ -122.385164718351007, -934.414223033934832 ], [ -103.548598763865812, -941.701237444765866 ], [ -84.623864197339572, -956.418578714132309 ] ], [ [ -56.273586255691043, -905.857571768574417 ], [ -53.434556369218626, -905.044721563346684 ], [ -52.432139470311085, -905.004648296162486 ], [ -61.840376844433194, -891.407559958286583 ], [ -64.206289318080962, -890.426983684301376 ], [ -64.466797898861842, -890.393338818103075 ], [ -66.330742351112349, -893.76381251681596 ], [ -56.273586255691043, -905.857571768574417 ] ], [ [ -220.482746543772009, -978.248127135448158 ], [ -218.063506400938422, -974.737886884249747 ], [ -210.327910162910484, -966.898607362061739 ], [ -192.74154427283429, -952.798078461550176 ], [ -206.213781502525308, -934.918277388438582 ], [ -210.061606783765455, -925.346912940964103 ], [ -213.10822054475102, -926.091426308266819 ], [ -229.676316269355084, -933.825935613363981 ], [ -252.970216617155529, -944.390576394274831 ], [ -259.553797382970515, -947.475440109148622 ], [ -258.969535676311352, -948.606580635532737 ], [ -230.426319245514605, -990.330238286405802 ], [ -228.323170574982214, -990.514395446516573 ], [ -223.850260811788758, -986.710597857832909 ], [ -225.973675944565912, -983.629312054254115 ], [ -228.613592661202347, -979.430915697477758 ], [ -230.275036021308551, -976.616217801347375 ], [ -244.983599467428576, -953.622218149714172 ], [ -213.919266736755162, -928.485641563311219 ], [ -213.728741085247748, -928.736376277171075 ], [ -213.669193337123943, -928.689049104228616 ], [ -212.586574160040982, -929.98830951564014 ], [ -195.594758997998724, -952.562891359440982 ], [ -218.539652313573242, -970.518067821860313 ], [ -221.501146690918176, -973.348136099055409 ], [ -221.7292483789588, -976.209818640723825 ], [ -220.482746543772009, -978.248127135448158 ] ], [ [ -81.8266903520489, -951.439267545007169 ], [ -78.455581669315507, -953.874798804521561 ], [ -76.905041031832297, -954.090674116276205 ], [ -60.933114299190493, -974.858466915786266 ], [ -61.371289801894818, -976.190249414183199 ], [ -61.228578045409449, -976.403866263106465 ], [ -30.822632480720131, -976.853679645806551 ], [ -32.776364431543698, -973.878065160475671 ], [ -34.787341143353842, -971.535409897565842 ], [ -75.581218119579717, -921.818740851245821 ], [ -79.22200348988008, -917.234630942344666 ], [ -81.8266903520489, -951.439267545007169 ] ], [ [ -81.340494486985335, -954.256844860501587 ], [ -82.143329224549234, -953.676916529424489 ], [ -82.392129283114627, -955.179562040604651 ], [ -81.340494486985335, -954.256844860501587 ] ], [ [ -259.39082470363428, -945.191285726614296 ], [ -253.801666986466444, -942.57233760971576 ], [ -230.517072943763196, -932.011983646079898 ], [ -213.86439554086428, -924.237988948822021 ], [ -210.113144279039261, -923.30135899130255 ], [ -208.120748512152204, -919.756988669745624 ], [ -208.484373163501004, -897.740885388106108 ], [ -215.317354736813286, -896.193898054771125 ], [ -234.464339667436434, -897.253326302394271 ], [ -234.574369625373947, -897.11112513858825 ], [ -247.913328844590069, -898.032318358309567 ], [ -248.006067030428312, -898.137869731523097 ], [ -272.716150434522206, -899.582176957279444 ], [ -272.849014430928946, -899.490988980978727 ], [ -282.068632407224868, -904.848698461428285 ], [ -282.080572730445056, -904.965620973147452 ], [ -270.400182365521687, -925.056077934801579 ], [ -270.266523890612007, -925.093416727147996 ], [ -259.39082470363428, -945.191285726614296 ] ], [ [ -461.964560971568062, -753.561380461789668 ], [ -456.724160351006503, -752.765802910551429 ], [ -447.281492598895056, -753.615239596925676 ], [ -441.286809102586631, -753.534767839126289 ], [ -437.605075788205795, -752.773762710392475 ], [ -432.224626532899492, -750.540589631535113 ], [ -429.786271629693147, -748.451230380684137 ], [ -433.922108520602706, -744.349176682531834 ], [ -436.962202832559342, -740.695931098423898 ], [ -443.561114954090954, -732.458762867376208 ], [ -451.256828405881606, -729.698690093122423 ], [ -479.317114701725586, -713.588153659366071 ], [ -481.283026423718184, -712.725219442509115 ], [ -480.967704166056137, -723.212375895120203 ], [ -481.812757356748989, -729.79892426263541 ], [ -491.763240488633528, -764.777025477960706 ], [ -487.481894340768122, -767.270092430524528 ], [ -480.289895346611956, -768.002142012119293 ], [ -476.987641547400926, -767.329349634237587 ], [ -462.625828696380268, -752.291603408753872 ], [ -461.964560971568062, -753.561380461789668 ] ], [ [ -436.651680146687795, -754.542740002274513 ], [ -437.931474169838111, -756.417792955413461 ], [ -418.371160101132773, -753.762376117520034 ], [ -415.961598095253066, -753.580983879044652 ], [ -387.467630749802993, -752.491429548710585 ], [ -348.746856733228924, -750.272823821753263 ], [ -336.182319914765685, -748.90635337959975 ], [ -331.542551342545266, -747.331823518499732 ], [ -331.839242357649709, -744.326564142480493 ], [ -331.27534084767467, -707.322439705021679 ], [ -331.227210197845125, -707.030861141160131 ], [ -330.892977916042582, -706.55128351226449 ], [ -329.501226422200489, -705.966712246648967 ], [ -334.736205348681324, -702.742095950059593 ], [ -346.056530585698056, -696.325990615412593 ], [ -357.172336651699879, -689.7696428084746 ], [ -362.924323878401992, -687.472704082727432 ], [ -363.033981269611104, -691.198116407729685 ], [ -363.183319518117059, -706.940829270519316 ], [ -363.379802316683708, -707.526576126925647 ], [ -363.883053603462031, -707.884965600445867 ], [ -364.500848491827128, -707.879105091094971 ], [ -364.778162011056338, -707.734477093443274 ], [ -364.997210333080147, -707.511233107186854 ], [ -365.182545774587197, -706.921864257194102 ], [ -365.033113003953986, -691.16918461676687 ], [ -364.91820308151182, -687.258572077378631 ], [ -369.303750552744532, -688.198325214907527 ], [ -377.762487346415583, -691.179420550353825 ], [ -384.374928387134787, -693.171640375629067 ], [ -393.943791533974945, -695.673852435313165 ], [ -404.457384385919795, -697.962475112639368 ], [ -412.783747760096958, -699.190858508460224 ], [ -420.077742298757585, -700.435078185983002 ], [ -419.345126155776597, -713.838008931837976 ], [ -418.495238661724215, -732.349184535443783 ], [ -418.713696611421256, -737.726022202521563 ], [ -419.555147797111204, -740.659754734486341 ], [ -419.743114218008486, -741.011980066075921 ], [ -421.913011203205315, -743.626005314290524 ], [ -427.611783154587101, -749.217879825271666 ], [ -431.044303261614914, -752.162106265313923 ], [ -436.651680146687795, -754.542740002274513 ] ], [ [ -415.3482848865915, -755.55766677390784 ], [ -414.251270086604563, -756.327035434544086 ], [ -407.25461683384674, -758.292171539738774 ], [ -394.007678181327719, -760.75048394408077 ], [ -391.459563555270506, -760.837484866380692 ], [ -388.441768433915058, -760.826030910015106 ], [ -382.999943299035294, -761.62094265408814 ], [ -334.839553095329393, -774.645114132203162 ], [ -320.504855121536821, -761.132647828198969 ], [ -310.315981119667413, -750.455801236443222 ], [ -306.721508255448498, -741.320262084715068 ], [ -313.51728078983615, -744.269430436193943 ], [ -330.17124253284419, -748.977765089832246 ], [ -335.856984183636087, -750.88207633793354 ], [ -348.606985707989224, -752.267404872924089 ], [ -387.362763088158317, -754.488016236573458 ], [ -415.3482848865915, -755.55766677390784 ] ], [ [ -333.108398254422355, -775.760823442600667 ], [ -332.191166964517834, -776.692561320960522 ], [ -332.058388901245053, -777.238647876307368 ], [ -333.393741977370155, -805.21988592017442 ], [ -332.264317835579277, -805.871005727909505 ], [ -304.671959106950453, -812.083802099339664 ], [ -304.554782999468443, -812.014028514735401 ], [ -299.594893838073403, -813.45956486556679 ], [ -299.520749232508024, -813.585101340897381 ], [ -289.346735918339618, -815.881512564606965 ], [ -289.22728681937042, -815.806197663769126 ], [ -273.74131341714201, -819.3811319693923 ], [ -249.813135554035398, -824.017246969975531 ], [ -249.716370994678073, -824.136448691599071 ], [ -233.569303535925428, -824.573705470189452 ], [ -226.937977028483147, -823.223323400132358 ], [ -226.858031077923442, -823.128019146621227 ], [ -226.780359515214514, -820.19281358178705 ], [ -223.838469850245019, -816.166826983913779 ], [ -225.518302520009456, -814.629888311028481 ], [ -225.634075757014216, -814.370833632536232 ], [ -225.630182191776839, -813.809095990844071 ], [ -221.282501777899597, -799.33159976452589 ], [ -218.918265539930871, -788.013204215094447 ], [ -219.431734380288617, -786.915374293923378 ], [ -221.124548739440797, -785.315185531973839 ], [ -234.599944636440341, -793.986434668302536 ], [ -235.054994713933411, -794.141745722852647 ], [ -237.568339561505127, -794.358511310070753 ], [ -244.359395984556613, -793.287189334630966 ], [ -254.82312246681613, -789.912076289765537 ], [ -265.289474058052292, -786.321742690168321 ], [ -269.517020753070028, -784.46104927174747 ], [ -273.390285708084775, -782.222447000443935 ], [ -277.147704116672685, -779.425605688244104 ], [ -280.143113462032488, -775.94704539142549 ], [ -304.652437743958217, -741.522149663418531 ], [ -308.52732208694033, -751.370323162525892 ], [ -308.734340924276694, -751.694375330582261 ], [ -319.11421129631708, -762.569336622022092 ], [ -333.108398254422355, -775.760823442600667 ] ], [ [ -303.961747885630757, -739.044837495312095 ], [ -278.592783189220427, -774.683865295723081 ], [ -275.86310962582138, -777.889410030096769 ], [ -272.243608899081664, -780.583592078648508 ], [ -268.566233588822797, -782.701444070786238 ], [ -264.601173664506859, -784.444175861775875 ], [ -254.183118832652326, -788.017941956408322 ], [ -243.818545642825484, -791.360895589925349 ], [ -237.617439678318988, -792.356007994152606 ], [ -235.473555144906641, -792.171106829307973 ], [ -222.617697384810526, -783.898522752337158 ], [ -225.158533705267473, -781.48235778696835 ], [ -229.269190603834431, -778.697331450879574 ], [ -242.194735150029373, -773.004415798932314 ], [ -244.346802466216104, -771.967509372159839 ], [ -247.067556314552348, -771.827479616738856 ], [ -252.029647672365172, -770.929023193195462 ], [ -255.893436901731548, -769.752796447835863 ], [ -261.206566872617259, -767.731083704158664 ], [ -264.41764539799442, -765.623123940080404 ], [ -266.418452768839416, -763.619701170362532 ], [ -269.910817854361085, -758.85741829033941 ], [ -271.304805077570563, -756.739235837943852 ], [ -273.432127093348754, -753.203793703578413 ], [ -275.974646644877794, -747.436702040955424 ], [ -277.925308294272327, -742.175177332013845 ], [ -278.778062563376807, -737.979478189721704 ], [ -285.108584097115454, -728.999715886078775 ], [ -286.537901476822299, -727.436508384533226 ], [ -288.283453948213719, -726.062903290614486 ], [ -290.298374979234723, -725.293464842252433 ], [ -297.431867956569477, -724.762713498435915 ], [ -304.201019879115847, -724.499350089579821 ], [ -307.117724641790119, -724.836519506759942 ], [ -310.946994491001533, -726.000793226063251 ], [ -304.933328122502644, -734.104150509461761 ], [ -304.751354200108835, -734.527754822745919 ], [ -303.961747885630757, -739.044837495312095 ] ], [ [ -17.809845622585271, -798.661801045760512 ], [ 4.544721103991833, -776.644488546065986 ], [ -17.033789715456805, -746.87689811643213 ], [ -20.491907855279351, -743.400388637557626 ], [ -19.738141823125261, -797.914835564792156 ], [ -19.219219917789815, -797.961284495890141 ], [ -17.809845622585271, -798.661801045760512 ] ], [ [ -438.708091138259988, -758.540878138504922 ], [ -438.202610081263629, -760.116471881046891 ], [ -427.40899867259759, -764.739493066444993 ], [ -427.025211128149749, -765.029910404235125 ], [ -426.022978121904089, -766.269537519663572 ], [ -425.861023522857067, -766.556005720980465 ], [ -425.800861088102465, -766.879539029672742 ], [ -425.84901046484265, -767.205076984129846 ], [ -426.000253829317444, -767.497341870330274 ], [ -426.238201329537333, -767.72466170694679 ], [ -433.40442704742054, -772.59806177392602 ], [ -433.265777945567606, -774.28217423055321 ], [ -433.064806975833562, -780.369163427501917 ], [ -433.41444193780444, -782.509958470240235 ], [ -433.618180375115116, -782.606399754993618 ], [ -433.541873905394823, -783.245730225928128 ], [ -434.203099767406457, -787.063542358577251 ], [ -434.619990709206832, -793.536428891122341 ], [ -434.181080958109305, -797.388568033464253 ], [ -433.263721836776313, -802.480058579705656 ], [ -430.346871704690784, -810.608732594177127 ], [ -429.381164888300191, -813.663926937617362 ], [ -428.447609524353538, -813.313707017339766 ], [ -428.333627643640284, -813.376643445342779 ], [ -406.745459722149462, -808.613757092505693 ], [ -406.671984391310616, -808.48280056938529 ], [ -400.996864018243286, -806.49158105161041 ], [ -400.36789380431037, -810.2453105552122 ], [ -400.252743135441051, -810.327375454828143 ], [ -386.49739024507835, -808.016885007731616 ], [ -386.416438890106292, -807.895295480266213 ], [ -370.534018286007267, -804.14830313809216 ], [ -370.435352031498041, -804.225538639351726 ], [ -363.702609430763914, -804.061466608196497 ], [ -363.605177209690737, -803.955767888575792 ], [ -353.126783977802916, -803.351103603839874 ], [ -349.007456994439053, -803.270602539181709 ], [ -348.912874632531384, -803.368527405895293 ], [ -336.861505094038876, -803.917729690670967 ], [ -336.76287266800864, -803.850554897449911 ], [ -335.319322592808021, -804.352097001858056 ], [ -334.076679186167894, -777.600710363127291 ], [ -335.067238384193843, -776.654675737023354 ], [ -383.463721622332741, -763.566656903363764 ], [ -388.653153776433101, -762.815584428608418 ], [ -391.506948018219191, -762.836348167620599 ], [ -394.298937424997348, -762.729884631931782 ], [ -407.751746739855662, -760.229222906753421 ], [ -414.956012637945605, -758.205775061622262 ], [ -415.259696566028651, -758.061797862872481 ], [ -418.490151436419183, -755.796185098588467 ], [ -438.708091138259988, -758.540878138504922 ] ], [ [ -488.225133672900483, -702.986932061612606 ], [ -487.645586071308571, -702.78902727086097 ], [ -469.690741377524319, -700.722006642259657 ], [ -465.822500138454416, -699.796799671836197 ], [ -468.155609618816015, -694.422887577675283 ], [ -470.749224492616122, -691.713016299530864 ], [ -482.881959363445276, -675.197529965080321 ], [ -490.482169095821519, -699.562483341433108 ], [ -490.732097501206226, -700.811330391094089 ], [ -488.547227966371793, -700.970850915648043 ], [ -488.225133672900483, -702.986932061612606 ] ], [ [ -465.806286490473212, -694.813785951584578 ], [ -463.794039046499165, -699.448648140765727 ], [ -446.184458812820594, -698.306772676296532 ], [ -421.203272666965859, -698.598876968957484 ], [ -413.086664717318854, -697.214591036550701 ], [ -404.782861327972569, -695.989535907283425 ], [ -394.389641545143604, -693.724773293361068 ], [ -384.898734031596177, -691.242072301916778 ], [ -378.361553519829613, -689.271825435571373 ], [ -369.908171275114, -686.291485778056085 ], [ -367.198939471711128, -685.702594586648047 ], [ -369.8158479420199, -684.60074545815587 ], [ -377.830604549488271, -680.905820393003523 ], [ -379.262670427224293, -683.138489968143404 ], [ -381.363680369040594, -686.047337671741843 ], [ -384.16712917831137, -687.518392136320472 ], [ -384.648692676079008, -687.628392034210265 ], [ -388.111086029848593, -687.541524263098836 ], [ -391.45726289808772, -687.112052702344954 ], [ -405.859487879190056, -691.685144168324769 ], [ -418.230280026384207, -692.862795832566917 ], [ -425.545305104058571, -691.48910253494978 ], [ -442.976055518260182, -691.788325959816575 ], [ -450.271231022705251, -694.33804721198976 ], [ -465.806286490473212, -694.813785951584578 ] ], [ [ -442.155768887010709, -731.015248108655214 ], [ -435.40768022003067, -739.43862771987915 ], [ -432.4161384535455, -743.033260472118855 ], [ -428.30871485712305, -747.100671603344381 ], [ -423.350293768105985, -742.235260464251041 ], [ -421.413363807287169, -739.894377688877285 ], [ -420.706152996199307, -737.518766338936985 ], [ -420.49445107475367, -732.39731761161238 ], [ -421.342138402766068, -713.934063890948892 ], [ -422.071687415807901, -700.587940405122936 ], [ -446.169228328328245, -700.306396082043648 ], [ -462.60703257242676, -701.375017554499209 ], [ -442.155768887010709, -731.015248108655214 ] ], [ [ -483.204089105734965, -710.063775627873838 ], [ -481.220958770545622, -710.56901660002768 ], [ -478.368303457731599, -711.827495016157627 ], [ -450.33904801861172, -727.920215445570648 ], [ -445.54003746168928, -729.630836055614054 ], [ -464.864687580118698, -701.623418456874788 ], [ -469.402350979713447, -702.701327725313604 ], [ -487.278761458508598, -704.759318752214313 ], [ -487.858014293518863, -704.998767026700079 ], [ -484.477974286104654, -708.92002391628921 ], [ -483.204089105734965, -710.063775627873838 ] ], [ [ -329.593162311786728, -746.736651689745486 ], [ -314.126302375636442, -742.363929240964353 ], [ -306.027625650847767, -738.83748959377408 ], [ -306.680013650688124, -735.105388612486422 ], [ -313.394585040845413, -726.057568624615669 ], [ -327.601493993739496, -707.376061630435288 ], [ -329.28653112133361, -708.02712245285511 ], [ -329.839274950929394, -744.29905854165554 ], [ -329.593162311786728, -746.736651689745486 ] ], [ [ -363.502215153019279, -685.089102944359183 ], [ -356.222585476913082, -688.008646469563246 ], [ -345.063182082707499, -694.590882930904627 ], [ -333.734519607487528, -701.011713648214936 ], [ -327.539236353693923, -704.827073571272194 ], [ -327.110081791670382, -704.213746871799231 ], [ -322.650173662745146, -688.162286099977791 ], [ -322.339653795897902, -685.060163643211126 ], [ -322.332789096926717, -682.798402642831206 ], [ -322.979808175947255, -680.457070208154619 ], [ -323.737655702940174, -679.08103440888226 ], [ -326.45842228607944, -677.11432439647615 ], [ -330.612512604537187, -675.423814621753991 ], [ -344.678902756315438, -671.842689278535545 ], [ -354.534985587628398, -669.662541706115007 ], [ -358.059966422748403, -669.801682446151972 ], [ -360.609422808822274, -670.30034186411649 ], [ -363.745225606942768, -671.754322866909206 ], [ -376.105844575124138, -679.499410551041365 ], [ -368.994079535852507, -682.778042742982507 ], [ -363.502215153019279, -685.089102944359183 ] ], [ [ -190.865425924816009, -744.560067135840654 ], [ -189.476830395336947, -741.072725508362055 ], [ -184.549104660087323, -718.071908316574991 ], [ -182.159983460369403, -712.208407720550895 ], [ -187.692816927907188, -711.952893958427012 ], [ -188.019980879049399, -711.881650177761912 ], [ -205.068360494646186, -705.019272949546576 ], [ -213.120001507459165, -701.857380239292979 ], [ -214.041147274481773, -701.59600505977869 ], [ -213.474106637344448, -703.35950592905283 ], [ -190.865425924816009, -744.560067135840654 ] ], [ [ -179.600183184536945, -710.8732241820544 ], [ -175.505298797683281, -714.16005939245224 ], [ -153.285653924407598, -733.730054860934615 ], [ -153.160003772502023, -733.619319703429937 ], [ -156.388620846099002, -727.873114679940045 ], [ -169.523254261965121, -683.614379814825952 ], [ -174.914682090449787, -686.721991796046495 ], [ -179.600183184536945, -710.8732241820544 ] ], [ [ -167.74239239016606, -682.587883224710822 ], [ -154.504394002444315, -727.194899331778288 ], [ -151.627224737312645, -732.269106387160718 ], [ -133.172569478027071, -716.013415214605629 ], [ -134.556827697018889, -714.645585397258401 ], [ -135.381384846317815, -710.485982093960047 ], [ -135.900553951980328, -708.728099734522402 ], [ -162.160704723286472, -679.796391892246902 ], [ -162.586224916121864, -679.615816377103329 ], [ -167.74239239016606, -682.587883224710822 ] ], [ [ -187.457058535197575, -741.189010463654995 ], [ -181.904527578397392, -750.480509365908802 ], [ -180.426294896438776, -753.607130566611886 ], [ -180.465676892805277, -754.892086002975702 ], [ -176.304121143131852, -754.004763421602547 ], [ -175.948934209091021, -753.69191808719188 ], [ -176.049464231422462, -753.562251170165837 ], [ -175.71225264693021, -753.367900825105608 ], [ -166.590094080907875, -745.448739171028137 ], [ -154.797964572955607, -735.062341710552573 ], [ -176.809528681238589, -715.67557124979794 ], [ -180.279259062694109, -712.891672636382282 ], [ -182.612877472614855, -718.57814933359623 ], [ -187.457058535197575, -741.189010463654995 ] ], [ [ -182.462823156956802, -754.797560648061335 ], [ -182.418925428477451, -754.006320559419692 ], [ -183.684850736530279, -751.391364869661629 ], [ -188.336575636016278, -743.613592849113047 ], [ -189.617398987349588, -746.83147354517132 ], [ -185.818503216751196, -753.739180080592632 ], [ -182.462823156956802, -754.797560648061335 ] ], [ [ -214.597243510381304, -699.360263114795089 ], [ -212.434695319156162, -699.978548270650208 ], [ -187.430950964540898, -709.963540369644761 ], [ -181.513311348426214, -710.236825006082654 ], [ -177.20763867480855, -688.043574032373726 ], [ -188.968241456555916, -694.821601280011237 ], [ -194.633990262704174, -685.518154590390623 ], [ -211.405164254432748, -695.787032568827271 ], [ -212.841676050460592, -697.656032219529152 ], [ -214.597243510381304, -699.360263114795089 ] ], [ [ -113.805545574390635, -779.587515914812684 ], [ -113.607192224815662, -779.863578031770885 ], [ -121.303592707599819, -786.399873429909348 ], [ -119.173712644947955, -790.173065855167806 ], [ -122.46590794794065, -793.650304049253464 ], [ -138.956006306223571, -764.94686974491924 ], [ -145.798089311609147, -752.693328927271068 ], [ -150.66826296923864, -752.057643024250865 ], [ -151.352511913863054, -756.837466564029455 ], [ -164.79038108991881, -768.906032430008054 ], [ -165.514051275715246, -774.236032674089074 ], [ -153.472391680474175, -786.857327053323388 ], [ -153.355539890006185, -786.841127483174205 ], [ -148.372672414383487, -782.019735149107873 ], [ -148.379996089124688, -781.86964971665293 ], [ -149.728604536308922, -780.797717496752739 ], [ -148.381163673206174, -780.091152642853558 ], [ -146.653096644486141, -783.384705864824355 ], [ -146.980914219553597, -783.561625502072275 ], [ -146.997989480893011, -783.677991947159171 ], [ -144.537076612219607, -788.368108903057873 ], [ -144.402163156053575, -788.410210635513067 ], [ -143.563322717685878, -787.970718282274902 ], [ -136.913989783170109, -800.642698572948575 ], [ -137.192422427266138, -802.372715496458113 ], [ -134.822780961076205, -806.888636877760291 ], [ -134.665065790288281, -806.913742260076106 ], [ -129.549928881733649, -812.20262872800231 ], [ -105.11669230490952, -840.826306998729706 ], [ -104.999552649020188, -840.81712003890425 ], [ -80.277913273381273, -819.716836110688746 ], [ -76.418698337000023, -824.235528492368758 ], [ -95.472307070405805, -840.631152563728392 ], [ -95.756601346989555, -840.264787682332098 ], [ -95.87760982033069, -840.271404492668808 ], [ -101.440684851244441, -845.067883308976889 ], [ -84.786982083125622, -864.143678060732782 ], [ -76.9649166174313, -859.56895593367517 ], [ -72.225834023103744, -868.535265336744487 ], [ -72.094570622821266, -868.578867278061807 ], [ -48.226776128507481, -846.399267585016787 ], [ -48.219178190471212, -846.260710205882788 ], [ -50.224036154208079, -843.939210182987154 ], [ -33.505812186593175, -829.493900876492262 ], [ -33.479034291240168, -829.379475073888898 ], [ -54.132600765433381, -805.469028844498098 ], [ -54.035661696170791, -805.359980894252658 ], [ -54.056943327284898, -805.272146799601614 ], [ -86.895057322673892, -766.815593438223004 ], [ -87.035941131474829, -766.804442293941975 ], [ -87.703979116537084, -767.374088291078806 ], [ -109.960809660033192, -739.982430743984878 ], [ -110.101198625274264, -739.967697512358427 ], [ -112.692150442113416, -742.060027570463717 ], [ -118.756926075582669, -731.634018924087286 ], [ -118.854110097347075, -731.584899757988751 ], [ -139.890710946230683, -748.775567471981049 ], [ -134.263057008869509, -759.616914126090705 ], [ -134.130674139334587, -759.626889586448669 ], [ -131.642542775804031, -757.731511884368956 ], [ -115.575098341585544, -777.307415209710598 ], [ -113.805545574390635, -779.587515914812684 ] ], [ [ -14.945039433325292, -955.001734095625579 ], [ -14.496826837133995, -955.271952323615551 ], [ -13.883020239627513, -955.419493979774415 ], [ -12.507708749195444, -955.320922427810729 ], [ -11.547075567996217, -954.87358040548861 ], [ -9.924066363246311, -953.935532102361321 ], [ -3.178569294330373, -947.873152975924313 ], [ -2.456743615286541, -946.72467240691185 ], [ -3.421734462701352, -946.151148464530706 ], [ -4.407435491779324, -945.816855787299573 ], [ -8.302402401264771, -948.554502822458744 ], [ -9.282248701874778, -949.431268088519573 ], [ -14.945039433325292, -955.001734095625579 ] ], [ [ -332.273743437413941, -1079.759723716415465 ], [ -331.872338043262062, -1079.414091754704714 ], [ -348.626071326489182, -1058.008787468075752 ], [ -364.975851267197868, -1071.674741948023438 ], [ -363.508088464121101, -1073.535591807216406 ], [ -372.304186395804209, -1080.40882019046694 ], [ -373.62461190000613, -1078.922804510220885 ], [ -379.861668719497175, -1083.775123940780759 ], [ -376.92375293146506, -1087.219748297706246 ], [ -367.805008516183079, -1087.806850624270737 ], [ -350.591528390010353, -1073.601159028708935 ], [ -345.724439950803571, -1079.351556336507201 ], [ -360.495677349061225, -1091.530112456530333 ], [ -363.296103121365377, -1103.195569088682532 ], [ -362.330079096380359, -1104.327506000176072 ], [ -332.207370716387231, -1079.836801428347826 ], [ -332.273743437413941, -1079.759723716415465 ] ], [ [ -417.974717911760308, -894.630651948973536 ], [ -398.471924438244969, -924.243132094852626 ], [ -390.903326414803814, -919.018102976493537 ], [ -395.25261687168495, -912.899614430963993 ], [ -398.338849914385719, -914.782861340790987 ], [ -409.370254385683438, -898.548950777389109 ], [ -405.800533516876385, -895.476539524272084 ], [ -411.738701709824454, -885.95477104280144 ], [ -417.954085312909228, -890.009535635821521 ], [ -418.704506854113788, -891.797158381901681 ], [ -418.130263265231406, -894.39454195369035 ], [ -417.974717911760308, -894.630651948973536 ] ], [ [ -174.16827791857213, -1119.220381238497794 ], [ -196.172257758413252, -1079.980744334869087 ], [ -197.755114886278534, -1077.38226340804249 ], [ -204.157302852891007, -1081.094448800198734 ], [ -204.816223193836777, -1083.866694401949644 ], [ -215.489580961922911, -1089.826005173847079 ], [ -215.503352882669788, -1089.942689059302211 ], [ -190.646720244600147, -1134.296918156556785 ], [ -190.529986726436618, -1134.310681799426675 ], [ -179.947676281268286, -1128.375937383621931 ], [ -179.89849073444384, -1128.270362050272524 ], [ -176.113477726283236, -1127.56088977586478 ], [ -170.749957751868351, -1125.436307189054787 ], [ -174.16827791857213, -1119.220381238497794 ] ], [ [ -202.40138139159717, -1044.442865555174649 ], [ -181.312907162669944, -1082.226612676866353 ], [ -167.134088941131267, -1072.844409381039441 ], [ -166.132929215224067, -1071.938577844761312 ], [ -165.108761315368611, -1068.28196679148823 ], [ -182.023061204925398, -1037.26530371978879 ], [ -173.371078673144439, -1031.354265908710659 ], [ -171.693392824807233, -1029.238888090476394 ], [ -171.503000395001436, -1025.117691657505929 ], [ -193.423922630443485, -983.440161908976734 ], [ -194.249548197874901, -982.88288009352982 ], [ -199.219349250766754, -985.830276635475457 ], [ -199.371016785567917, -985.802096809260547 ], [ -224.138782501273454, -1006.599252262152731 ], [ -214.614384963970224, -1023.033601516857743 ], [ -214.921972116397228, -1023.217745541594923 ], [ -214.93395746189708, -1023.334693796001375 ], [ -206.710742871155162, -1037.401412034407258 ], [ -202.812210438332841, -1035.152504691854119 ], [ -201.598592371148698, -1037.234197319485247 ], [ -201.46182106604283, -1037.270173940807581 ], [ -196.567280469396792, -1034.406305559910834 ], [ -196.555404657208783, -1034.289564153179526 ], [ -197.703806866493323, -1032.31087049189955 ], [ -192.518919642991023, -1029.284793075174093 ], [ -192.471608391544578, -1029.177295446395874 ], [ -200.783357860316755, -1014.924244219437242 ], [ -200.900401887351109, -1014.912632605992258 ], [ -205.335367421334013, -1017.511536894366145 ], [ -209.728199728349864, -1009.969875004142523 ], [ -207.515966654606018, -1008.336699922569096 ], [ -206.034911152561108, -1009.250630716793239 ], [ -205.928347799115727, -1009.249641343951225 ], [ -203.751224705807545, -1007.843619528226554 ], [ -203.695392698718933, -1006.816786829382181 ], [ -201.928746557954582, -1005.639731040224433 ], [ -201.413138783416798, -1003.776000179350376 ], [ -202.981710611527888, -1001.103602338582277 ], [ -202.177718939568877, -1000.628729894757271 ], [ -196.103635538036542, -1010.991730393841863 ], [ -187.528059630139978, -1006.024236044846475 ], [ -176.447235037474456, -1026.347433081828058 ], [ -203.194394122210724, -1043.02247457113117 ], [ -202.40138139159717, -1044.442865555174649 ] ], [ [ -406.282020065742472, -929.719899707473814 ], [ -402.895576896755301, -927.167264855466783 ], [ -417.30815313239691, -905.318483571521938 ], [ -422.979294600443609, -897.880024458281696 ], [ -426.885571404340226, -896.844686480239034 ], [ -430.347320102317099, -897.280191443860531 ], [ -440.078940254179543, -903.659266949631274 ], [ -479.232210591651892, -926.863909563980997 ], [ -478.751577350247317, -929.317012716084719 ], [ -456.191467683560404, -963.418141344562173 ], [ -449.018529929007855, -958.797477409243584 ], [ -448.86656441310879, -959.013315332122147 ], [ -448.749120371334357, -959.01724686101079 ], [ -438.591165778509094, -952.144909217953682 ], [ -438.551126504402419, -952.034426084719598 ], [ -438.628976178317316, -951.910616717301309 ], [ -416.532777151996925, -936.706112280488014 ], [ -416.391720700017686, -936.736427186056972 ], [ -406.274813537906084, -929.909284258261323 ], [ -406.282020065742472, -929.719899707473814 ] ], [ [ -278.229212582891705, -964.931406209245324 ], [ -277.92795354574082, -965.468998226337135 ], [ -274.33087270336182, -963.08226172067225 ], [ -287.60953290384532, -944.383251450955868 ], [ -289.354898140229125, -943.973280788399279 ], [ -296.16540293550861, -933.832303228788078 ], [ -296.282683670320694, -933.828064606525004 ], [ -298.170490980452087, -935.095360778272152 ], [ -321.215821666550255, -901.09243440721184 ], [ -321.354917699629368, -901.065944940783083 ], [ -322.593521631662952, -901.911120226606727 ], [ -323.121094559033736, -901.171559425070882 ], [ -323.881352950405926, -901.633722435683012 ], [ -324.730998241215275, -900.454598762094975 ], [ -398.482388643273225, -950.421019375324249 ], [ -397.542311902443544, -951.844335667788982 ], [ -398.315557442792851, -952.417760701850057 ], [ -397.754691293283031, -953.281724912114441 ], [ -398.724509078931078, -953.938138625584543 ], [ -398.75139121502616, -954.076765730045736 ], [ -376.076279491504465, -987.735974735580385 ], [ -375.937671857784153, -987.762804163619876 ], [ -374.90579072251785, -987.067654005251825 ], [ -374.595659365078973, -987.522151268087327 ], [ -367.628891875776389, -997.81106579490006 ], [ -368.569878725451417, -998.448709070682526 ], [ -368.59655858736005, -998.587538853287697 ], [ -355.830685872067988, -1017.430706460960209 ], [ -355.691929848731888, -1017.457453544251621 ], [ -354.609040199036826, -1016.725275143049657 ], [ -354.167123654298848, -1017.384232426062226 ], [ -354.367149879341014, -1017.524441941641271 ], [ -354.37095518310889, -1017.642430706880987 ], [ -347.436146436179115, -1027.758684551343322 ], [ -322.044529332186357, -1010.454525312408805 ], [ -322.041151232137054, -1010.337035816162825 ], [ -328.145605370180419, -1001.408534866757691 ], [ -303.410809671391689, -984.662707971408963 ], [ -294.035296613808896, -998.289702391251922 ], [ -314.812468333671859, -1011.838304718025029 ], [ -320.483632674282489, -1014.889742009341717 ], [ -319.239955369856034, -1017.218880584463477 ], [ -323.057422761256021, -1019.27554630022496 ], [ -343.244492741870999, -1032.913909696042538 ], [ -338.506752881286957, -1039.520086483098567 ], [ -334.850714081032493, -1044.945433617569506 ], [ -334.87204566276705, -1045.091908989474177 ], [ -316.478450400391011, -1067.589205074124038 ], [ -296.301603115747639, -1051.177399149164557 ], [ -296.325160085902098, -1050.990497084334493 ], [ -276.521622610987833, -1034.27811729721725 ], [ -264.108993078170897, -1024.986001850105822 ], [ -253.833608614697368, -1016.137617719359696 ], [ -249.401677645733798, -1012.536410738714039 ], [ -254.122085166236502, -1007.130797891877592 ], [ -247.46930590521697, -1002.626295658759773 ], [ -267.225681168951269, -973.805999865755439 ], [ -277.176553633071308, -980.746639587916434 ], [ -283.389448690411882, -971.10642987024039 ], [ -278.962842739569169, -968.103297236375511 ], [ -278.958945001431857, -967.985849658027291 ], [ -279.635004592313635, -966.987223499454558 ], [ -278.802777784776481, -966.401354083791375 ], [ -279.273899243988126, -965.630889544263482 ], [ -278.229212582891705, -964.931406209245324 ] ], [ [ -11.661851907943856, -1028.336648508906364 ], [ -5.459485959514495, -1031.506053388118744 ], [ 1.022273600576227, -1027.983551759272814 ], [ 4.501801832970159, -1024.466817519627512 ], [ 3.53921993890981, -1020.261013697832823 ], [ 1.301395272859736, -1017.719284784048796 ], [ -12.006182220595292, -1023.508078712038696 ], [ -11.661851907943856, -1028.336648508906364 ] ], [ [ -267.831933656612819, -961.949097393080592 ], [ -261.998460730528677, -969.785075814463198 ], [ -254.017441781823436, -964.288309375755489 ], [ -259.476205786841092, -956.128872223198414 ], [ -267.831933656612819, -961.949097393080592 ] ], [ [ -252.830912150422591, -966.172600421123207 ], [ -260.997051447489866, -971.781163237057626 ], [ -255.329015914576303, -979.959969935007393 ], [ -247.086268356699293, -974.204736068844795 ], [ -252.830912150422591, -966.172600421123207 ] ], [ [ -248.272775146349886, -990.21220925822854 ], [ -243.177719781127962, -998.270317363552749 ], [ -234.86890478708483, -992.290890239179134 ], [ -245.824894470908475, -976.652744151651859 ], [ -253.844809384163455, -982.347901807166636 ], [ -248.272775146349886, -990.21220925822854 ] ], [ [ -405.906815742369872, -1043.759190933778882 ], [ -399.294344078587528, -1040.896733310073614 ], [ -395.173457344482813, -1050.301978106610477 ], [ -388.565203427484448, -1047.434004123322666 ], [ -389.789604231338672, -1044.506659869104624 ], [ -388.534808410562619, -1043.966140582226217 ], [ -388.482674238379332, -1043.834487422369421 ], [ -391.41859701512476, -1037.0786685757339 ], [ -384.652814946677609, -1034.143138744868338 ], [ -384.593090949367252, -1034.041931731626391 ], [ -390.947107726658942, -1019.431871587410569 ], [ -391.622156993236786, -1019.679477829486132 ], [ -393.211548810397289, -1019.442419650964439 ], [ -395.409675898130445, -1020.478980409912765 ], [ -396.316280100434597, -1021.705477423034608 ], [ -398.048249835415845, -1022.452984807081521 ], [ -399.336422346632389, -1022.208942889235914 ], [ -401.479180791024191, -1023.133744142018259 ], [ -401.823503333247572, -1024.098892263136804 ], [ -405.409834958200008, -1025.648622060194612 ], [ -406.259693679441625, -1024.012937775813043 ], [ -408.459149391515894, -1023.394362020306289 ], [ -410.603249054447588, -1024.405094719491899 ], [ -411.369167550985367, -1026.430303786881268 ], [ -410.721389660726345, -1027.945520825684071 ], [ -412.434821441916938, -1028.687603738158941 ], [ -412.494611569525659, -1028.788776003755629 ], [ -406.038259265327724, -1043.707183677703142 ], [ -405.906815742369872, -1043.759190933778882 ] ], [ [ -178.893081564019667, -684.914499409496784 ], [ -177.577693994266156, -680.010548481717706 ], [ -182.254165715774434, -678.713533027097583 ], [ -189.597876215289944, -684.222042561508715 ], [ -190.871842022461351, -688.951224099844694 ], [ -186.340469918048257, -690.210408546961844 ], [ -178.893081564019667, -684.914499409496784 ] ] ], [ [ [ -431.537918819265542, -1145.675999999977648 ], [ -439.039011950628264, -1130.65463400632143 ], [ -432.516536975233976, -1127.594634567387402 ], [ -423.953555976904681, -1123.807011148892343 ], [ -414.547236239161066, -1137.871831297874451 ], [ -418.003579160844311, -1140.288880800828338 ], [ -415.465332824789584, -1143.362390976399183 ], [ -418.267777079212465, -1145.675999999977648 ], [ -431.537918819265542, -1145.675999999977648 ] ] ], [ [ [ -386.537083752804392, -645.675999999977648 ], [ -405.084254552484708, -656.060932331718504 ], [ -405.354966843928196, -656.164366814307868 ], [ -405.926983062925501, -656.123443942517042 ], [ -410.392363951754305, -654.430972418747842 ], [ -410.709278373904453, -654.407383495941758 ], [ -413.3880949025679, -657.819614327512681 ], [ -420.443388143516131, -667.421840338036418 ], [ -419.23111824582702, -683.469599149189889 ], [ -424.742328394027936, -683.706337624229491 ], [ -424.775827863597442, -683.068420195952058 ], [ -445.094896274671555, -684.090586522594094 ], [ -445.277123518708322, -677.361012210138142 ], [ -442.655847057374558, -677.192103587090969 ], [ -442.919724051904268, -673.092608550563455 ], [ -442.759413458499694, -671.477714101783931 ], [ -442.019708817742867, -669.683607630431652 ], [ -440.985547128440885, -667.95070717856288 ], [ -439.855937759248263, -666.902524784207344 ], [ -437.882072658345351, -665.928139292635024 ], [ -423.028244521845409, -660.022398984059691 ], [ -424.218569550690518, -657.015199060551822 ], [ -419.518493860616218, -655.025039792060852 ], [ -421.237440909966608, -653.186973145231605 ], [ -425.112685077938295, -653.023595709353685 ], [ -432.264121902540865, -655.455440262332559 ], [ -442.192494891178285, -659.254021541215479 ], [ -447.620506025390569, -661.142566620372236 ], [ -450.166390411535758, -663.920562418177724 ], [ -452.675004543400064, -664.830032085999846 ], [ -455.063200695398336, -659.280967198312283 ], [ -449.252622027264806, -656.938826262019575 ], [ -447.93986228857284, -654.413861439563334 ], [ -449.102067056903252, -651.558922328986228 ], [ -445.72420120805873, -650.261742553673685 ], [ -444.011179705788891, -654.689913916401565 ], [ -443.912798987561473, -654.753680339083076 ], [ -437.010415351718621, -652.122762505896389 ], [ -436.95191251655524, -651.997506112791598 ], [ -424.040730925489697, -647.627975724637508 ], [ -420.981706323620529, -647.694794834591448 ], [ -417.206532904938285, -648.395051078870893 ], [ -413.338278202923902, -649.45270427968353 ], [ -411.34198818357072, -647.395609306171536 ], [ -410.506927596567039, -646.100487124174833 ], [ -410.18696079388792, -645.675999999977648 ], [ -405.043014812546971, -645.675999999977648 ], [ -409.465390742689124, -652.644167399033904 ], [ -405.654233647086585, -654.088688927702606 ], [ -390.629429105751115, -645.676000001840293 ], [ -386.537083752804392, -645.675999999977648 ] ] ], [ [ [ 5.632299999993847, -1119.49360266700387 ], [ -31.577814758107706, -1096.350132743827999 ], [ -20.206703648367693, -1078.564194738864899 ], [ -9.758270553471448, -1085.215595216490328 ], [ -6.327397764580382, -1079.905708057805896 ], [ 5.632300000026589, -1087.537827681750059 ], [ 5.632299999993847, -1119.49360266700387 ] ] ], [ [ [ 5.632300000073883, -1067.556476978585124 ], [ 2.737193695798851, -1065.704673931933939 ], [ 5.632299999997485, -1061.024264700710773 ], [ 5.632300000073883, -1067.556476978585124 ] ] ], [ [ [ -116.725977185480588, -801.177981990389526 ], [ -120.879847698988669, -796.771026922389865 ], [ -108.848965179349761, -785.564017695374787 ], [ -104.463218026037794, -790.707217819988728 ], [ -116.725977185480588, -801.177981990389526 ] ] ], [ [ [ -147.956997753037285, -728.629630524665117 ], [ -148.710757286014996, -729.28636016137898 ], [ -150.02402129348593, -727.778949906118214 ], [ -149.270361627175589, -727.122215798124671 ], [ -147.956997753037285, -728.629630524665117 ] ] ] ] } },
{ "type": "Feature", "properties": { }, "geometry": { "type": "MultiPolygon", "coordinates": [ [ [ [ 11.219755419331705, 354.324000000022352 ], [ 11.333011541310043, 354.023637492209673 ], [ 8.11821962803333, 344.548140611499548 ], [ 7.593591893830308, 342.014027669094503 ], [ 5.632299999944735, 343.641217436641455 ], [ 5.632300000073883, 354.324000000022352 ], [ 11.219755419331705, 354.324000000022352 ] ] ], [ [ [ 5.632300000041141, 330.066770335659385 ], [ 10.36884425829885, 326.748789633624256 ], [ 43.942945912296636, 297.114989434368908 ], [ 43.955841263888942, 296.970280574634671 ], [ 49.828206058549767, 291.713824371807277 ], [ 53.146032291044321, 292.130749800242484 ], [ 53.226791054870773, 292.193842564709485 ], [ 70.846457028408622, 337.707993268035352 ], [ 70.779103172078976, 337.841257293708622 ], [ 71.673202464586211, 341.199629018083215 ], [ 71.791809203919911, 341.258935390040278 ], [ 75.270339484826764, 350.210294306278229 ], [ 75.221264874764529, 350.335078939795494 ], [ 77.207407335390599, 354.324000001884997 ], [ 90.85043138266883, 354.324000000022352 ], [ 89.798161117703785, 351.558260526508093 ], [ 102.083402583211864, 346.8242741022259 ], [ 102.219494538358049, 346.900460864417255 ], [ 103.435161779561895, 346.440730066969991 ], [ 103.89870532718669, 346.081537916325033 ], [ 108.429210955882809, 339.652511999942362 ], [ 108.495424393313442, 340.410883147269487 ], [ 108.580132450304518, 340.29351834114641 ], [ 115.217604830200798, 354.324000001884997 ], [ 118.635593326822345, 354.324000000022352 ], [ 111.243332764215666, 338.230280813761055 ], [ 112.350845782497345, 335.065277022309601 ], [ 127.629448649069673, 325.4157749786973 ], [ 145.946521472807945, 319.713012768886983 ], [ 143.128579677342714, 318.428060222417116 ], [ 142.974482432811783, 318.11541426833719 ], [ 142.467528163286261, 317.76228157710284 ], [ 142.157704496970837, 317.719509432092309 ], [ 141.762172949051092, 317.804992774501443 ], [ 141.370203988000867, 317.626258949749172 ], [ 126.308627656262615, 322.733066370710731 ], [ 110.518764591695799, 332.585561886429787 ], [ 108.115313848007645, 336.057312614284456 ], [ 108.159579777753606, 336.56430945917964 ], [ 102.764954235688492, 344.21956698410213 ], [ 102.900468142897807, 344.598791190423071 ], [ 102.867417110141105, 344.711561766453087 ], [ 93.298181064539676, 348.136741319671273 ], [ 89.032319061983799, 349.741700852289796 ], [ 88.863386666669612, 349.615557295270264 ], [ 77.827886071258035, 318.768716971389949 ], [ 77.884986124076022, 318.642735468223691 ], [ 76.577064786766641, 315.381866046227515 ], [ 76.448624886206744, 315.330009426921606 ], [ 71.218858446127342, 303.514067335054278 ], [ 71.282254889987598, 303.376686160452664 ], [ 69.894631301865957, 298.576161947101355 ], [ 69.774174656671676, 298.517750294879079 ], [ 62.848810187308118, 280.963672525249422 ], [ 69.454798165608736, 275.877484337426722 ], [ 69.589296035455845, 275.890463820658624 ], [ 77.994604640225589, 268.319856603629887 ], [ 78.011207736644792, 268.179565712809563 ], [ 90.13922054685645, 258.607987661845982 ], [ 90.275182253184539, 258.620428874157369 ], [ 104.960698770724775, 245.52203160058707 ], [ 104.970590735518272, 245.379295469261706 ], [ 117.682949132929934, 234.576779486611485 ], [ 117.827058713548467, 234.591990450397134 ], [ 158.952212007159687, 203.003922536037862 ], [ 165.466207874922475, 198.572325970977545 ], [ 169.573457991144096, 195.394839293323457 ], [ 190.051483942501363, 182.04404831212014 ], [ 190.09761180665555, 181.89651552028954 ], [ 210.987196920528731, 173.058666258119047 ], [ 211.120627294951191, 173.117488129064441 ], [ 227.753986242067185, 167.264908686280251 ], [ 232.53374179174898, 165.42555105406791 ], [ 233.338884104212411, 165.527556108310819 ], [ 235.317233406758533, 167.897058145143092 ], [ 235.901191811184617, 168.871589158661664 ], [ 253.572269763551958, 193.907944421283901 ], [ 257.426891685219744, 199.76945146266371 ], [ 262.044806592852183, 205.917017784900963 ], [ 263.662090200487, 208.613630024716258 ], [ 259.48624914003085, 210.871899623423815 ], [ 272.600896240617658, 229.661227586679161 ], [ 272.597231530782665, 229.780115939676762 ], [ 275.599071272417859, 233.277069590054452 ], [ 310.391113800380481, 282.637885121628642 ], [ 310.529735645606706, 282.660821917466819 ], [ 326.182558021968362, 304.321224614977837 ], [ 326.158477730874438, 304.461940513923764 ], [ 333.039465003716032, 314.390476965345442 ], [ 333.179163996579518, 314.416562683880329 ], [ 339.857176152858301, 324.304553437046707 ], [ 327.889895608768711, 332.466488297097385 ], [ 327.750099383327324, 332.438412132672966 ], [ 315.09633367610877, 340.702949441038072 ], [ 315.068381482355107, 340.840596926398575 ], [ 305.422677638507594, 347.296134599484503 ], [ 305.2839891987187, 347.268641601316631 ], [ 303.241860858155633, 348.635362778790295 ], [ 303.214297664542755, 348.773850075900555 ], [ 294.921580260923292, 354.324000001884997 ], [ 327.607662375739892, 354.324000000022352 ], [ 350.437071623806332, 338.632195930927992 ], [ 362.157726950048527, 354.324000000022352 ], [ 376.120000661701852, 354.324000000022352 ], [ 369.937711167758607, 345.74461916461587 ], [ 369.797318198354333, 345.720764425583184 ], [ 359.925520810829767, 331.564971091225743 ], [ 369.433185846613924, 324.880286209285259 ], [ 369.589593979266283, 324.929713139310479 ], [ 372.230838331734049, 324.062995219603181 ], [ 372.267561692800882, 323.950528976507485 ], [ 390.501171169746158, 310.925684493966401 ], [ 390.641811212475659, 310.950584590435028 ], [ 393.36533597853122, 309.088001671247184 ], [ 393.391972242276097, 308.948680804111063 ], [ 395.890643627242753, 307.264182489365339 ], [ 395.358970672850774, 306.481897264719009 ], [ 395.385749260332886, 306.342829939909279 ], [ 406.913668659510222, 298.567263706587255 ], [ 407.031076014776772, 298.571336150169373 ], [ 407.280227585788452, 298.931509530171752 ], [ 408.656842952126681, 297.995556646957994 ], [ 408.593988178188738, 297.867928892374039 ], [ 408.638060674829831, 297.788603711873293 ], [ 423.328403250909105, 287.896248925477266 ], [ 423.466724368876385, 287.922880049794912 ], [ 482.18595014598759, 247.853044454008341 ], [ 482.210795186238101, 247.715079478919506 ], [ 492.749135646334253, 240.298996989615262 ], [ 492.886928765909033, 240.321660832501948 ], [ 501.53197855034341, 234.313128774054348 ], [ 501.34979818539432, 234.051802060566843 ], [ 501.38662893777655, 233.940164465457201 ], [ 505.632300000039322, 230.888371681794524 ], [ 505.632300000013856, 197.840515637770295 ], [ 499.545090642455762, 191.635138042271137 ], [ 499.548096752261699, 191.493436228483915 ], [ 473.407880881859455, 164.075438160449266 ], [ 473.262371071949019, 164.067418892867863 ], [ 465.030452136577878, 154.304595838300884 ], [ 465.058572843076035, 154.190486875362694 ], [ 471.084227750736318, 149.106716024689376 ], [ 471.235953506176884, 149.131551210768521 ], [ 497.023012108742478, 133.89213945902884 ], [ 495.67516893636639, 131.611904988065362 ], [ 479.201570516937863, 141.144762789830565 ], [ 469.258630795242425, 146.592927005141973 ], [ 462.161132913059191, 151.673621125519276 ], [ 460.395642242383474, 149.832349731586874 ], [ 475.185958563499298, 135.19639824423939 ], [ 473.246328091101532, 133.376927553676069 ], [ 481.65809354024168, 125.509634816087782 ], [ 473.81902883883231, 117.125653580762446 ], [ 468.477250091873429, 122.213818913325667 ], [ 468.361618772747534, 122.192650719545782 ], [ 465.669244476774111, 119.36668093688786 ], [ 460.802508825208861, 124.008125999011099 ], [ 460.686911940052596, 123.987114569172263 ], [ 457.994960582558633, 121.170868364162743 ], [ 453.156683501198131, 125.781191545538604 ], [ 453.041002473706612, 125.759983030147851 ], [ 451.357144913106822, 123.990417994558811 ], [ 450.369133487422005, 124.952073281630874 ], [ 454.121581541116029, 128.872237233445048 ], [ 454.137376511487673, 128.988770103082061 ], [ 447.103275155976007, 135.71173885744065 ], [ 446.986777883663308, 135.727416852489114 ], [ 439.0981266104518, 127.464624689891934 ], [ 439.103894575719096, 127.321022725664079 ], [ 435.663748656563257, 123.615632383152843 ], [ 435.66627935408178, 123.475461673922837 ], [ 423.542162441253822, 111.113697460852563 ], [ 415.5076612343546, 102.277050976641476 ], [ 415.366195233544204, 102.270058199763298 ], [ 410.093438120193241, 96.46258570253849 ], [ 409.957191614235853, 96.579525365494192 ], [ 409.842026816220823, 96.555288471281528 ], [ 403.626480818864366, 89.603984480723739 ], [ 410.174681407872413, 83.670170188881457 ], [ 410.327290720853853, 83.690085284411907 ], [ 423.288331695635861, 75.471591423265636 ], [ 426.196583639895834, 72.71188972890377 ], [ 426.211615649339365, 72.561126712709665 ], [ 466.273958715662957, 43.888954778201878 ], [ 466.407654407907103, 43.906212442554533 ], [ 474.351059597369385, 37.17060630954802 ], [ 474.368974729166439, 37.024741491302848 ], [ 483.167645435314626, 30.709760728292167 ], [ 483.618580141972416, 30.379767451435328 ], [ 483.640956378874762, 30.239523557014763 ], [ 502.339038160896962, 16.815643585287035 ], [ 502.479218189138919, 16.83949023578316 ], [ 505.632299999990209, 14.63069661706686 ], [ 505.632299999973839, -23.40800113696605 ], [ 504.941622948201257, -24.040392031893134 ], [ 504.939678130071115, -24.185796033591032 ], [ 494.54795804782043, -34.839007805101573 ], [ 494.407369072605434, -34.837058614008129 ], [ 479.894445724718025, -48.421073518693447 ], [ 468.124196595934336, -59.812494453042746 ], [ 468.117009717900146, -59.946888932026923 ], [ 464.625060320871853, -62.794861567206681 ], [ 464.478276630881737, -62.78597673587501 ], [ 454.863033141591586, -71.976097702980042 ], [ 454.859029000137525, -72.11628398951143 ], [ 447.019186066851034, -79.403097838163376 ], [ 446.876738489369018, -79.399036548100412 ], [ 432.751346661094431, -92.954367880709469 ], [ 432.74241790412816, -93.087051355279982 ], [ 431.038184429355169, -94.407707001082599 ], [ 430.890608649189744, -94.396132348105311 ], [ 419.19255206878006, -105.318264518864453 ], [ 419.193374404203496, -105.465629182755947 ], [ 417.406141673838647, -107.435751918703318 ], [ 438.862777511400054, -128.178787134587765 ], [ 439.246544339761385, -129.603964000009 ], [ 442.987330485986604, -132.599340601824224 ], [ 460.445355387661039, -145.676000000908971 ], [ 448.585241258935639, -145.675999999977648 ], [ 435.918295870611473, -136.376524186693132 ], [ 426.705943373995979, -127.862011643126607 ], [ 411.26243096399412, -113.220855147577822 ], [ 410.240935524374436, -114.223802832886577 ], [ 410.10059025170267, -114.221515008248389 ], [ 399.990924322206411, -123.905854475684464 ], [ 399.982440032497834, -124.039353026077151 ], [ 396.411829573888099, -126.859096556901932 ], [ 396.263869346501451, -126.84914365876466 ], [ 386.154203605221483, -136.533483241684735 ], [ 386.148052401062159, -136.670335001312196 ], [ 381.455141756125158, -140.700165449641645 ], [ 379.731387147559872, -142.332345222122967 ], [ 379.590915717109965, -142.327692059800029 ], [ 375.982540603265079, -145.675999999977648 ], [ 353.246430270597557, -145.675999999977648 ], [ 363.367579238529288, -136.397074613720179 ], [ 363.3720378707294, -136.254288177005947 ], [ 378.549453437792181, -121.691816215403378 ], [ 378.688246451616578, -121.697120442986488 ], [ 387.243038862665344, -113.977550587616861 ], [ 387.250711085367584, -113.837047563865781 ], [ 393.585797577732592, -108.211186240427196 ], [ 437.581833289914357, -66.901196021586657 ], [ 443.045961206824359, -62.539631323888898 ], [ 443.192274088649356, -62.550397753715515 ], [ 457.817427232957925, -48.985405840910971 ], [ 457.820509819175641, -48.841726119630039 ], [ 462.9873709940548, -43.724017701111734 ], [ 463.125946585263591, -43.727381839416921 ], [ 470.067787430594763, -37.302544610574841 ], [ 470.074989814936998, -37.163859764114022 ], [ 474.173377061835708, -33.599431117065251 ], [ 474.318489879005938, -33.605515650473535 ], [ 485.658399817073587, -22.61432462465018 ], [ 485.663795771619334, -22.477524996735156 ], [ 497.246660490596696, -12.43226080108434 ], [ 497.392719876583214, -12.437753185629845 ], [ 504.95415401595892, -5.167674196884036 ], [ 489.706741459893237, 6.82608435023576 ], [ 489.564713378109445, 6.806802612729371 ], [ 467.789088341161914, 22.902450567111373 ], [ 467.767657589436567, 23.042599347420037 ], [ 457.532177627317651, 30.518177005462348 ], [ 457.393486890108761, 30.497377605177462 ], [ 427.044379496990587, 53.308609246276319 ], [ 427.023613507724804, 53.449264434166253 ], [ 414.376343382937193, 62.731869508512318 ], [ 414.247328504270627, 62.721050733700395 ], [ 411.644380282832572, 65.320430694147944 ], [ 411.632769966663545, 65.471861533820629 ], [ 393.367426642853388, 79.102822347544134 ], [ 387.51270174680576, 72.937790577299893 ], [ 387.525614654154197, 72.789198761805892 ], [ 388.151785233509145, 72.320983218029141 ], [ 384.968696189811453, 68.973543644882739 ], [ 384.862991557289206, 69.06583246961236 ], [ 384.747593204441728, 69.043664583936334 ], [ 378.513942013107226, 62.389009969308972 ], [ 378.547380803440319, 62.220680330879986 ], [ 364.758976185230495, 47.720347278751433 ], [ 378.324423293670407, 33.140544154681265 ], [ 378.325527626431722, 32.993118176236749 ], [ 384.188957473754272, 27.666021852754056 ], [ 382.901742346040919, 26.044156576506793 ], [ 383.243696049219579, 25.527908562682569 ], [ 383.216504978883677, 24.910684349015355 ], [ 383.062386853966018, 24.638530529104173 ], [ 382.831711651295336, 24.427321983501315 ], [ 382.236294038631968, 24.262449459172785 ], [ 381.929835253184137, 24.324924348853528 ], [ 381.641670742455972, 24.491788203828037 ], [ 380.136630280378085, 22.678651223890483 ], [ 369.422860028280411, 31.480154005810618 ], [ 369.285824874586979, 31.469621197320521 ], [ 358.236013223204282, 41.48790639359504 ], [ 354.743597819200659, 38.483031270094216 ], [ 354.594415979128826, 38.485787453129888 ], [ 345.015858967408349, 28.259342584758997 ], [ 345.020027355227285, 28.118631827645004 ], [ 330.235329612682108, 12.245854221284389 ], [ 330.09805271435107, 12.370756578631699 ], [ 329.982384673041452, 12.349954912438989 ], [ 314.258982023598946, -4.04479568079114 ], [ 314.242995590357168, -4.1611641459167 ], [ 314.351932412859242, -4.272596892900765 ], [ 308.192504447673855, -10.858952746726573 ], [ 308.070438456916236, -10.747221071273088 ], [ 307.954398233196116, -10.766096289269626 ], [ 296.25383699276972, -22.571699817664921 ], [ 296.258568828143325, -22.717140684835613 ], [ 276.945705716592784, -44.594877778552473 ], [ 276.810530653918249, -44.597401642240584 ], [ 263.923216413160844, -57.131304130889475 ], [ 270.526400307768199, -63.992550652474165 ], [ 270.663101584597825, -63.997925178147852 ], [ 316.347959458998957, -116.643212134949863 ], [ 336.315099632294732, -139.93734026979655 ], [ 336.306595193989779, -140.080930162221193 ], [ 341.46138724291086, -145.675999999977648 ], [ 322.427071521176913, -145.675999998115003 ], [ 299.547206864684995, -119.543912230990827 ], [ 297.347049238514956, -115.713016482070088 ], [ 297.777987747633233, -112.708086544647813 ], [ 282.920548192387287, -95.79520979616791 ], [ 272.360466026226277, -104.747598327696323 ], [ 270.651594900622513, -106.61526489816606 ], [ 268.73943895865159, -109.560854784213006 ], [ 267.146456965296238, -112.7293889997527 ], [ 264.94319729306153, -117.983488789759576 ], [ 263.402234154524194, -120.83938227687031 ], [ 261.47104777885761, -123.744945405051112 ], [ 259.487764165760382, -125.981360191479325 ], [ 256.141263602761683, -129.544073130004108 ], [ 255.894107666543277, -129.735734364017844 ], [ 255.287212825112874, -129.851422227919102 ], [ 254.728224965811023, -129.588291835971177 ], [ 254.430658451143245, -129.046850057318807 ], [ 254.420875870062446, -128.734241056255996 ], [ 254.684006261601098, -128.175253194756806 ], [ 259.84536174396635, -122.578979487530887 ], [ 261.711367294188676, -119.771484054625034 ], [ 263.15563628730888, -117.086222425103188 ], [ 265.324493690761301, -111.905694156885147 ], [ 266.977872707991992, -108.613660492934287 ], [ 269.019710798325832, -105.457217286340892 ], [ 271.019274696383945, -103.263520724140108 ], [ 281.576949212783802, -94.313173288479447 ], [ 273.419806611833337, -84.88287743832916 ], [ 272.032020261742218, -87.675663313828409 ], [ 268.520938675217621, -83.667351739481091 ], [ 268.293354127590646, -83.896202812902629 ], [ 255.542029135949633, -69.516293733380735 ], [ 254.594619521158165, -68.658950942568481 ], [ 253.797494060556346, -68.503272232599556 ], [ 239.097402658009742, -84.053197356872261 ], [ 238.711201547819655, -83.6750597814098 ], [ 238.595139758172081, -83.693645955063403 ], [ 231.747308083797179, -90.566983359865844 ], [ 231.772305245907773, -90.732973760925233 ], [ 230.51617724782227, -93.349242316558957 ], [ 230.400012908317876, -93.370894834399223 ], [ 228.261531763608218, -95.653779653832316 ], [ 228.265626568707376, -95.794413416646421 ], [ 182.924021999862816, -143.395064823329449 ], [ 185.256943151505766, -145.675999999977648 ], [ 159.932752715223614, -145.675999999977648 ], [ 180.537907136036665, -123.815492051653564 ], [ 174.295165584488132, -118.341912616044283 ], [ 174.289303291827309, -118.203931560739875 ], [ 168.920047867084577, -113.098498350009322 ], [ 168.780997419109553, -113.100315358489752 ], [ 158.629477686781684, -102.882133116945624 ], [ 153.019977792037025, -99.123633312061429 ], [ 147.602488729682591, -97.955937917344272 ], [ 142.593691229611068, -98.226014246232808 ], [ 138.138975832373035, -99.988296554423869 ], [ 134.230560436293672, -102.282053131610155 ], [ 133.068458913852737, -103.054848426952958 ], [ 130.608333187903554, -106.163721522316337 ], [ 128.860663986086365, -108.66503894329071 ], [ 117.353740166012358, -125.71619133464992 ], [ 112.116109999797118, -133.875325994566083 ], [ 109.507921207246909, -139.431828627362847 ], [ 99.865291893702306, -132.639211766421795 ], [ 91.982143110846664, -145.676000000908971 ], [ 78.803137812914429, -145.675999999977648 ], [ 79.101552401933077, -142.289969715289772 ], [ 81.341362454202681, -142.567183995619416 ], [ 81.436839481695642, -142.523393699899316 ], [ 91.47635520289441, -127.451368858106434 ], [ 91.471574200932082, -127.333951059728861 ], [ 55.94739915948594, -103.686840996146202 ], [ 37.302900701328326, -131.601538215763867 ], [ 36.201704150667865, -142.948808424174786 ], [ 34.751721733253362, -144.173405320383608 ], [ 35.388505781027561, -145.675999999977648 ], [ 12.063830894570856, -145.675999999977648 ], [ 5.63229999993564, -128.994879327714443 ], [ 5.632300000072064, 92.970612641423941 ], [ 5.984872305676618, 92.919183931313455 ], [ 5.632299999930183, 93.348675670102239 ], [ 5.632299999933821, 113.426281484775245 ], [ 7.528165918825835, 113.569569184444845 ], [ 10.995500376742712, 114.407186896540225 ], [ 12.343259720075366, 114.954003249295056 ], [ 15.702811019149522, 116.756300871260464 ], [ 16.196785379841458, 117.163493453525007 ], [ 20.18628249386893, 121.83500667847693 ], [ 21.038878832503542, 123.309981190599501 ], [ 22.471961665914932, 127.22698263451457 ], [ 26.62526896752388, 157.072523471899331 ], [ 26.650142448404949, 159.372925612144172 ], [ 26.19203529439983, 162.150537240318954 ], [ 24.604456054497859, 165.683447778224945 ], [ 22.697549295882709, 168.115611706860363 ], [ 20.180703647494738, 170.336708692833781 ], [ 17.674875072820214, 171.663424312137067 ], [ 15.219123699607735, 172.42753048427403 ], [ 12.228256969841823, 172.93079137802124 ], [ 9.375592096253968, 172.526275299489498 ], [ 5.632300000004761, 171.269751913845539 ], [ 5.632300000013856, 194.852792132645845 ], [ 18.402058473808211, 212.366775144822896 ], [ 15.018960068011438, 214.493983347900212 ], [ 12.821040133874703, 215.009529402479529 ], [ 5.632300000004761, 212.049491620622575 ], [ 5.632299999982934, 214.211664863862097 ], [ 12.356415819076574, 216.980388796888292 ], [ 12.96531710099589, 217.029268656857312 ], [ 15.638045460907961, 216.402351112104952 ], [ 15.941874003410703, 216.275377215817571 ], [ 19.582755183169866, 213.986072051338851 ], [ 19.906021356544443, 214.429409366101027 ], [ 8.982335248198069, 220.770010751672089 ], [ 5.632300000046598, 219.620527011342347 ], [ 5.632300000048417, 234.891757950186729 ], [ 24.741457377944243, 220.051786608062685 ], [ 38.79146811353894, 255.978827451355755 ], [ 47.488294290516933, 276.495926296338439 ], [ 27.416398835788641, 292.416090405546129 ], [ 27.296064458636465, 292.41831336915493 ], [ 21.671097753283902, 297.384791744872928 ], [ 21.659088658554538, 297.528727304190397 ], [ 15.545559624164525, 302.728503198362887 ], [ 15.409890103497673, 302.722437462769449 ], [ 13.073909149874453, 305.031368426047266 ], [ 13.068531415812686, 305.176984057761729 ], [ 5.632299999968382, 311.687493755482137 ], [ 5.632300000041141, 330.066770335659385 ] ], [ [ 108.944462992474655, 73.221299846656621 ], [ 108.69200210272902, 73.450743013061583 ], [ 108.540465943109666, 73.724342937581241 ], [ 108.519116191046123, 74.341796888038516 ], [ 108.651392461275464, 74.625210215337574 ], [ 109.138374131518503, 75.005412857048213 ], [ 109.445410372529295, 75.064985281787813 ], [ 110.003529404448273, 74.911154046654701 ], [ 110.967292584427923, 76.467001272365451 ], [ 146.419581070829736, 52.065773393958807 ], [ 173.070830330165336, 90.169201302342117 ], [ 166.015223307433189, 94.75817099865526 ], [ 165.988475484198716, 94.894774630665779 ], [ 158.751733210374368, 99.882632159627974 ], [ 158.6102262021559, 99.853478129953146 ], [ 149.77229480594724, 105.394901664927602 ], [ 150.8034747301881, 106.893249516375363 ], [ 148.670867881872255, 108.456018479540944 ], [ 152.813496155824396, 114.197778328321874 ], [ 157.569083377515199, 109.905316959135234 ], [ 156.294100160757807, 108.001071600243449 ], [ 161.030587764047596, 103.536351611837745 ], [ 175.363008805687059, 93.538929544389248 ], [ 210.406445381982849, 142.183154093101621 ], [ 210.547754704666659, 142.208199046552181 ], [ 218.910837871460899, 154.240929635241628 ], [ 209.742867147098877, 158.329549202695489 ], [ 209.61464623469692, 158.286382460035384 ], [ 184.790216230432634, 171.93071601446718 ], [ 184.744822097925862, 172.069498665630817 ], [ 177.947669452547416, 175.252513474784791 ], [ 177.816197624262713, 175.206524377688766 ], [ 174.351393581760931, 176.939056043513119 ], [ 152.656170144768112, 191.97675390355289 ], [ 152.628697889525938, 192.117383345961571 ], [ 143.972101188410306, 197.778174816630781 ], [ 143.833754077477352, 197.749252594076097 ], [ 137.858443076220283, 201.66032415535301 ], [ 137.984243943645197, 201.818412216380239 ], [ 137.955532207644865, 201.932434929534793 ], [ 128.338034920776408, 209.957742651924491 ], [ 128.199020302881763, 209.946595865301788 ], [ 126.192209208256827, 211.702834351919591 ], [ 126.181451800463037, 211.845068003050983 ], [ 117.493624066810298, 219.178352125920355 ], [ 117.351660452410215, 219.165148212574422 ], [ 101.948065188489636, 231.726513962261379 ], [ 101.925494681845521, 231.873289561830461 ], [ 95.246289778469873, 236.305853142403066 ], [ 95.115272716429899, 236.286057624965906 ], [ 89.093514725989735, 241.334405682981014 ], [ 89.071459943210357, 241.482490288093686 ], [ 86.164316291136856, 243.400739463046193 ], [ 86.029706377163166, 243.376607399433851 ], [ 74.084174464700482, 252.281876950524747 ], [ 67.212278222676105, 254.800796480849385 ], [ 59.903498609832241, 253.146502842195332 ], [ 51.987426970032175, 248.187556310556829 ], [ 51.779474567842044, 248.171212377026677 ], [ 51.210341326601338, 243.635578007437289 ], [ 50.592202933532462, 243.706381130963564 ], [ 50.481579311823225, 243.619026091881096 ], [ 49.112908285515005, 232.262746905907989 ], [ 49.199957219394491, 232.151566696353257 ], [ 49.996628660168426, 232.053617702797055 ], [ 49.229245099651962, 225.69323303271085 ], [ 49.304795087586172, 225.585349520668387 ], [ 42.973425049431171, 178.024038187228143 ], [ 40.192233397407108, 151.847323478199542 ], [ 40.082976681947912, 151.764020100235939 ], [ 37.758157839614796, 136.907189295627177 ], [ 37.850641980961882, 136.79153789114207 ], [ 37.646285095632265, 133.530965500511229 ], [ 37.541185893664078, 133.446669978089631 ], [ 33.095136498688589, 103.167321213521063 ], [ 33.179186379742532, 103.085144327022135 ], [ 44.540621124524478, 101.423807688057423 ], [ 44.622760278361966, 101.507858830504119 ], [ 44.930880958538182, 103.609924028627574 ], [ 50.318934077282393, 102.822359442710876 ], [ 50.407077597270472, 102.947350475937128 ], [ 53.66024349698273, 103.767322195693851 ], [ 63.522281785128143, 104.788168475963175 ], [ 63.755741756589487, 104.712581228464842 ], [ 63.865583084869286, 104.818882443010807 ], [ 71.524171283654141, 105.269567088223994 ], [ 80.677972975672674, 101.797991034574807 ], [ 74.6993649539545, 61.839009693823755 ], [ 75.025017705018399, 53.909229674376547 ], [ 77.894571100212488, 45.805590713396668 ], [ 85.319351902015114, 37.52816107776016 ], [ 111.789091533775718, 18.217115777544677 ], [ 111.810294646569673, 18.077908088453114 ], [ 115.255601739325357, 15.529181774705648 ], [ 115.399711109563214, 15.555899766273797 ], [ 118.860916830186397, 13.362523560412228 ], [ 135.341554884606012, 36.296052000485361 ], [ 135.480758895731924, 36.31846169475466 ], [ 143.255206013123825, 47.103201374411583 ], [ 131.362375727801918, 55.748949396423995 ], [ 131.21911927144356, 55.72167242038995 ], [ 124.148935891700603, 60.20691245328635 ], [ 122.654324016313694, 58.702145520597696 ], [ 110.932237310134951, 63.637952356599271 ], [ 110.815448605844722, 63.607280288822949 ], [ 105.525050704845853, 67.774617429822683 ], [ 108.944462992474655, 73.221299846656621 ] ], [ [ 446.893838973659513, 248.905396019108593 ], [ 445.725227937551608, 251.7543890979141 ], [ 443.66435054620888, 253.529565283097327 ], [ 442.787370275635112, 254.122134989127517 ], [ 442.876758489872373, 254.263053115457296 ], [ 442.83667339137719, 254.373541228473186 ], [ 430.318718767255632, 262.833825397305191 ], [ 430.20129857570646, 262.829854997806251 ], [ 430.102813425097338, 262.693005258217454 ], [ 417.540104785497533, 271.436571472324431 ], [ 400.186891599936644, 283.256740669719875 ], [ 400.160611168284959, 283.395594816654921 ], [ 389.826977011416602, 290.444282321259379 ], [ 389.672856839310043, 290.395739848725498 ], [ 389.307657728635604, 290.522867032326758 ], [ 386.991589961407954, 287.234407942742109 ], [ 376.799528566160006, 272.28008177690208 ], [ 363.958342094590989, 252.991853099316359 ], [ 361.473157547505252, 249.3698889631778 ], [ 360.656666837881858, 242.943266496993601 ], [ 360.701639694159894, 242.575213367119431 ], [ 361.869408630731414, 240.421481329016387 ], [ 362.871325930424064, 239.472538525238633 ], [ 383.700801760740433, 227.028504302725196 ], [ 393.621633273991392, 221.331380050629377 ], [ 396.519468797987429, 219.779888030141592 ], [ 402.305479474465756, 216.460993815213442 ], [ 407.82402445844491, 212.69056158978492 ], [ 409.715601371512093, 211.069906421937048 ], [ 411.052686904589791, 210.247806325554848 ], [ 411.440948499781371, 209.805932318791747 ], [ 411.758073530907495, 209.10012227948755 ], [ 412.72056724950744, 208.144230256788433 ], [ 414.278677727737886, 205.663629816845059 ], [ 416.439801738973983, 202.472198997624218 ], [ 417.13521134810253, 201.115812419913709 ], [ 417.672034658016855, 199.299113752320409 ], [ 417.751309211820626, 197.821296489797533 ], [ 413.962170709970451, 191.287519843317568 ], [ 413.811745414011966, 191.083411468192935 ], [ 411.271841596664672, 188.890935111790895 ], [ 410.254404933457408, 188.256510173901916 ], [ 408.766789202278233, 188.168467946350574 ], [ 406.234130911845568, 188.899992085061967 ], [ 405.339531819121476, 188.940018612891436 ], [ 404.58128992406273, 188.271550855599344 ], [ 395.079426283007706, 174.402372173964977 ], [ 382.344957447397974, 154.422011220827699 ], [ 382.097616663480949, 154.156480212695897 ], [ 381.511974013594227, 153.959686296992004 ], [ 362.958751852564092, 153.77383295353502 ], [ 356.217874797630429, 152.025529094040394 ], [ 350.31395299903852, 135.011402869597077 ], [ 349.953650010993442, 134.527864469215274 ], [ 349.681766325586068, 134.389468860812485 ], [ 349.078789172075631, 134.382673536427319 ], [ 344.300052935290296, 135.888293673284352 ], [ 339.554266140628897, 142.226432359777391 ], [ 316.479995618927205, 151.011981975287199 ], [ 316.152165281364432, 151.415540552698076 ], [ 315.285562743878472, 153.360569010488689 ], [ 315.199937220137144, 153.724819271825254 ], [ 315.254242337041433, 154.095036694779992 ], [ 322.307136032977724, 174.430975335650146 ], [ 331.96137234825801, 189.157725452445447 ], [ 332.172054156537342, 189.388881898485124 ], [ 332.750171248393599, 189.606794317252934 ], [ 333.06101640270208, 189.572219506837428 ], [ 333.577119954476075, 189.232598660513759 ], [ 333.795032374604489, 188.654481570236385 ], [ 333.760457561747899, 188.343636416830122 ], [ 324.1552325349694, 173.658086403273046 ], [ 319.261280782793619, 159.546047545969486 ], [ 323.330467484842302, 158.488143718801439 ], [ 334.747786813513812, 159.541495677083731 ], [ 335.180879747500512, 159.485671948641539 ], [ 342.163089353938631, 156.949808045290411 ], [ 346.554154058587301, 154.306245942600071 ], [ 349.398827293385693, 153.506713231094182 ], [ 352.849978026266399, 153.708344266749918 ], [ 346.947597713446157, 158.581906786188483 ], [ 346.658476666189017, 158.975166388787329 ], [ 345.579076811318373, 161.621171009726822 ], [ 345.505290484621582, 161.97565367538482 ], [ 345.562616294175314, 162.333167500793934 ], [ 346.68011276515972, 165.481272958219051 ], [ 348.750526203777554, 168.981479832902551 ], [ 368.640275441997801, 199.304648885503411 ], [ 383.62443336497563, 224.044699634425342 ], [ 356.173976292617226, 240.453161771409214 ], [ 354.481340165661095, 241.702867107465863 ], [ 356.642614427200897, 246.277641400694847 ], [ 357.979151548368463, 248.613818624988198 ], [ 379.384200234002492, 280.473906947299838 ], [ 387.041290096047305, 291.602026279084384 ], [ 386.325563427113593, 292.048933598212898 ], [ 386.296496507786287, 292.184887324459851 ], [ 383.376444695672035, 294.127730458043516 ], [ 383.23955988484704, 294.101743577979505 ], [ 359.769395245952182, 310.583709016442299 ], [ 359.745205145072759, 310.722849447280169 ], [ 350.292359327137092, 317.337757276371121 ], [ 340.755249738233033, 303.828054226003587 ], [ 340.777721434889827, 303.690423033200204 ], [ 340.186077255917553, 302.890997936017811 ], [ 340.045009503606707, 302.868392529897392 ], [ 338.541042384202228, 300.744241058826447 ], [ 338.561602180388945, 300.608065064996481 ], [ 333.210096099071961, 293.732128827832639 ], [ 333.068417869053519, 293.711009004153311 ], [ 323.63809854327701, 280.625052236020565 ], [ 323.66284451357933, 280.483999066054821 ], [ 301.277540878287255, 247.670385239645839 ], [ 278.303984428081094, 215.276276309043169 ], [ 289.104657011423114, 207.528247157111764 ], [ 296.9711014109198, 203.083590165711939 ], [ 296.525337159913761, 202.492075289599597 ], [ 297.429360080330298, 202.049648073501885 ], [ 306.446431493988712, 198.410326472483575 ], [ 309.223131013099191, 198.326374189928174 ], [ 313.387312156457483, 200.081050395034254 ], [ 318.925210017563586, 205.947921924293041 ], [ 319.53168239246952, 206.065805204212666 ], [ 320.091618901869879, 205.80469926353544 ], [ 320.391142830419994, 205.264337693341076 ], [ 320.402056575025199, 204.951766067184508 ], [ 320.140950631734086, 204.391829557716846 ], [ 314.703663304360816, 198.56110864598304 ], [ 314.36073825697531, 198.321662750095129 ], [ 309.798784527914904, 196.399375662207603 ], [ 309.380398423723818, 196.321388590149581 ], [ 306.207599288683923, 196.417316761799157 ], [ 305.863667931980672, 196.489515404216945 ], [ 296.647912132861165, 200.209026704542339 ], [ 295.297216439616022, 200.867185845039785 ], [ 294.365316548770352, 199.637834283523262 ], [ 288.651240609446177, 202.985530603677034 ], [ 285.343535013988003, 198.165254863910377 ], [ 274.675677003449891, 207.003062698058784 ], [ 271.075398625629532, 210.896604322828352 ], [ 267.251240918703843, 205.984360001049936 ], [ 265.566765161674994, 207.366730525158346 ], [ 235.301233879677966, 164.297512504272163 ], [ 239.874820340375663, 162.226378343999386 ], [ 239.926833374998751, 162.09315122384578 ], [ 254.066560366205522, 156.276923925615847 ], [ 254.196644104842562, 156.331582337617874 ], [ 255.185257677345362, 158.73975083231926 ], [ 259.083567905885502, 157.17743474803865 ], [ 257.481143791661452, 152.629090003669262 ], [ 290.036385274188433, 138.289014027453959 ], [ 319.167792076435944, 126.85742868296802 ], [ 324.230793260214341, 124.911876169033349 ], [ 340.378436228798819, 120.462343430146575 ], [ 364.533204110839506, 111.172523455694318 ], [ 364.578900115348006, 111.04857742600143 ], [ 377.360766936579239, 104.326633184216917 ], [ 377.496774637282215, 104.370505649596453 ], [ 390.910202961031246, 97.683930208906531 ], [ 394.576405282143241, 100.822495934553444 ], [ 394.731330207749124, 100.824378313496709 ], [ 406.593359679609421, 113.577383426949382 ], [ 406.587847626560688, 113.718244127929211 ], [ 412.741352717419431, 120.334701954387128 ], [ 414.890102190349353, 121.789980931207538 ], [ 415.052509167828248, 121.784089911729097 ], [ 419.219515238288295, 126.822086322121322 ], [ 419.207818185328506, 126.961465734988451 ], [ 424.617081800943197, 133.226164319552481 ], [ 424.754322067055909, 133.232335244305432 ], [ 437.357851306371231, 146.472358217462897 ], [ 429.303718084162028, 154.186033452861011 ], [ 426.307490719058478, 151.105455406941473 ], [ 424.003604924444517, 153.303201292641461 ], [ 423.887133273377913, 153.318843659944832 ], [ 416.950435943175762, 146.019077556207776 ], [ 415.966473653450521, 146.079755183309317 ], [ 417.253909345341526, 154.941686550155282 ], [ 421.128319221808852, 155.077879762277007 ], [ 421.220904063695343, 155.150241205468774 ], [ 420.737525019723762, 169.095222901552916 ], [ 420.634130953429121, 169.191629742272198 ], [ 412.92168356525508, 168.922252284362912 ], [ 412.871576261226437, 170.352761811576784 ], [ 412.764736438477485, 170.4490468762815 ], [ 412.696403977284717, 171.432216254994273 ], [ 434.474250452216438, 172.363664206117392 ], [ 436.277486865679748, 168.351191502995789 ], [ 432.116413873776764, 166.481043367646635 ], [ 432.066210098138981, 166.348891201429069 ], [ 435.404075007201754, 158.932375303469598 ], [ 435.519105802512058, 158.908334921114147 ], [ 438.271850827326489, 160.145196837373078 ], [ 442.726239414769225, 150.731993661262095 ], [ 450.583027525110083, 158.595868605189025 ], [ 460.465663652377771, 169.020847291685641 ], [ 488.219823766930858, 199.700353031046689 ], [ 488.360164264224295, 199.705941908992827 ], [ 501.603680047244779, 213.917583134025335 ], [ 501.569173020456219, 214.045474346727133 ], [ 491.604516850477012, 220.618345099501312 ], [ 491.466426287552167, 220.592421994544566 ], [ 459.989808268697743, 242.395206511951983 ], [ 459.964400905942966, 242.534410048276186 ], [ 451.895028160213769, 248.101880608126521 ], [ 451.755948275340415, 248.07632904406637 ], [ 450.607619408814571, 246.410226952284575 ], [ 446.893838973659513, 248.905396019108593 ] ], [ [ 22.06999736695434, -119.030743638053536 ], [ 19.989041399621783, -113.392367820255458 ], [ 16.619078868698125, -103.016906878910959 ], [ 14.135562505685812, -93.28545845579356 ], [ 13.267180511800689, -88.089007114991546 ], [ 12.061197892033306, -87.88929034397006 ], [ 12.102637172549294, -88.251399165019393 ], [ 11.711978660476234, -88.296161282807589 ], [ 11.44735050176314, -88.770874172449112 ], [ 12.627964293391415, -94.72865798138082 ], [ 14.965182290612574, -103.950229486450553 ], [ 19.939999817870557, -118.721386707387865 ], [ 22.06999736695434, -119.030743638053536 ] ], [ [ 10.153966755111469, -49.534785000607371 ], [ 11.490229538496351, -38.105471198447049 ], [ 16.531211758925565, -1.511944113299251 ], [ 14.524412858901997, -1.331960815936327 ], [ 12.873985882839406, -13.524216527119279 ], [ 10.59882879680481, -31.319199936464429 ], [ 9.3713838866679, -41.10432038269937 ], [ 8.983941730379229, -45.405264587141573 ], [ 8.675128934861277, -58.635090990923345 ], [ 8.865020490235111, -65.241894549690187 ], [ 9.072235409845234, -68.72685313038528 ], [ 9.508512300930306, -75.179406613111496 ], [ 9.828256527531266, -77.480017223395407 ], [ 9.972358140923461, -78.085959145799279 ], [ 10.315552179810766, -78.963381658308208 ], [ 11.078848143550204, -80.265629734843969 ], [ 9.675625068031877, -62.96353936009109 ], [ 9.7877837988799, -49.620873290114105 ], [ 10.153966755111469, -49.534785000607371 ] ], [ [ 18.524772095022854, -1.690794853493571 ], [ 13.472242144291158, -38.36814889870584 ], [ 12.214913821915616, -49.124027375131845 ], [ 12.854919583127412, -48.99650192540139 ], [ 12.693996081507066, -50.982913910411298 ], [ 13.070952144040348, -68.50129758566618 ], [ 14.21483769858969, -78.71916800364852 ], [ 14.797973076876588, -83.220103512518108 ], [ 14.454585515086364, -83.038695487193763 ], [ 14.833326477999435, -83.279731005430222 ], [ 20.475895345536628, -84.244659763760865 ], [ 20.057089092171736, -82.021814567036927 ], [ 19.397825169255157, -81.944735405035317 ], [ 18.06751363841795, -72.677455031313002 ], [ 17.319360775871246, -62.337198254652321 ], [ 16.063744234952537, -49.47259006742388 ], [ 16.243793201967492, -49.250494358129799 ], [ 38.020873314637356, -54.802657884545624 ], [ 39.491310608769709, -64.34615861158818 ], [ 41.371999527273147, -74.865806403569877 ], [ 42.868197015426631, -84.925325257703662 ], [ 42.662321936306398, -84.927136431448162 ], [ 42.696181636521942, -85.146872282028198 ], [ 41.074249297649658, -85.055613907054067 ], [ 40.18369858152073, -85.74683500546962 ], [ 39.419431526503104, -88.939763844944537 ], [ 43.592998436370181, -91.918334930203855 ], [ 47.782778682872959, -86.652499905787408 ], [ 47.48065428211703, -86.414432596415281 ], [ 51.819724227692859, -80.281607802025974 ], [ 52.464191576256781, -80.768766976892948 ], [ 52.75488982112438, -80.403409151360393 ], [ 94.76174549305324, -19.81177088059485 ], [ 96.868567689247357, -17.234497298486531 ], [ 97.011504151354529, -17.217488166876137 ], [ 101.176645231531438, -11.729110719636083 ], [ 101.148909319981612, -11.582564930431545 ], [ 105.906770498115293, -3.687494851648808 ], [ 106.038763043790823, -3.661435703746974 ], [ 111.968818059940531, 4.540384977124631 ], [ 97.036255478989915, 15.434194821864367 ], [ 96.901183812922682, 15.41563312150538 ], [ 92.931959972724144, 18.656498246826231 ], [ 92.912081413807755, 18.801477883942425 ], [ 79.869645980390487, 28.006420479156077 ], [ 79.77541449893215, 27.937145555391908 ], [ 76.997500244788171, 19.324685172177851 ], [ 77.06324640915409, 19.192333991639316 ], [ 69.546683211023264, -6.805779261514544 ], [ 59.079232830954425, -1.674374832771719 ], [ 52.988753873161841, -5.844798231497407 ], [ 47.124522825180975, -5.182156984694302 ], [ 28.04483559417713, -2.54519051592797 ], [ 18.524772095022854, -1.690794853493571 ] ], [ [ 15.351350761218782, -88.434107056818902 ], [ 16.083296238675757, -92.832240208052099 ], [ 18.548346515568483, -102.491330906748772 ], [ 21.884358137471281, -112.755633061751723 ], [ 24.106958683762059, -118.775398302823305 ], [ 25.183161877757811, -118.280531797558069 ], [ 32.606633515502836, -107.800557808019221 ], [ 24.038736572145353, -103.154407642781734 ], [ 21.049295641587378, -90.573462845757604 ], [ 19.792250651562426, -89.169333108700812 ], [ 15.351350761218782, -88.434107056818902 ] ], [ [ 248.994891057407585, 25.275374182499945 ], [ 248.656121708409046, 24.875569905154407 ], [ 248.380178133085792, 24.728344730101526 ], [ 247.762465287079976, 24.716684415005147 ], [ 247.255871336339624, 25.070333519950509 ], [ 247.10864616004983, 25.346277099102736 ], [ 247.053897951111139, 25.654210114851594 ], [ 247.130956528919342, 26.03389210999012 ], [ 245.017477982040873, 26.86060197185725 ], [ 252.93688535543879, 38.584218454547226 ], [ 267.434149038921532, 55.307010488584638 ], [ 281.994585946868028, 41.907153855077922 ], [ 293.038310649975756, 31.316388090141118 ], [ 311.873748026471731, 13.4924729578197 ], [ 313.480921452020993, 14.909848449751735 ], [ 314.637907407815874, 16.137696444988251 ], [ 314.782792954460092, 16.006084535270929 ], [ 314.898440025537639, 16.027174095623195 ], [ 321.524344723235117, 22.972481528297067 ], [ 321.540002575169638, 23.088933028280735 ], [ 321.376630140444831, 23.251637908630073 ], [ 332.948930992070018, 35.450598957948387 ], [ 337.753868540679832, 40.623060309328139 ], [ 359.44994896236858, 63.360206201672554 ], [ 367.293648408887748, 71.72461898252368 ], [ 367.832100165596785, 72.266801838763058 ], [ 367.981787293892921, 72.267393397167325 ], [ 379.375283607081656, 84.120757670141757 ], [ 379.005672519717336, 87.093135860748589 ], [ 366.954001294850968, 94.410698436200619 ], [ 366.794343172898152, 94.340010404586792 ], [ 363.867870084633978, 94.742135724052787 ], [ 363.423208563679509, 94.988861062563956 ], [ 363.384205061658577, 95.124539208598435 ], [ 341.45387279498209, 107.293112100102007 ], [ 341.311630876540221, 107.242802424356341 ], [ 324.215935285605156, 114.009109914302826 ], [ 324.154469793003955, 114.140785941854119 ], [ 312.990036112274538, 117.870390891097486 ], [ 312.866317294516193, 117.812798783183098 ], [ 302.579068031716815, 121.973794523626566 ], [ 302.516348925037164, 122.085650112479925 ], [ 290.256628006502069, 126.588781056925654 ], [ 290.139257000588259, 126.55083860643208 ], [ 280.446135066045827, 130.309589757584035 ], [ 280.385030471774371, 130.440408087335527 ], [ 267.59015304566492, 134.791367135941982 ], [ 267.465427644825468, 134.73290787730366 ], [ 246.963216282845679, 142.748737717047334 ], [ 246.911082776790863, 142.893304127268493 ], [ 229.634537464626192, 149.416511529125273 ], [ 224.758465785833323, 141.836185025051236 ], [ 224.761080512231274, 141.724549844861031 ], [ 224.92341484796998, 141.644815180450678 ], [ 222.830683167056122, 138.532853327691555 ], [ 218.57959095392107, 131.667138564400375 ], [ 218.447120429855204, 131.642435326240957 ], [ 214.976137792624286, 126.952545860782266 ], [ 215.001550171011331, 126.809368734247983 ], [ 213.650478148409093, 124.750861503183842 ], [ 213.515877354604527, 124.727643676102161 ], [ 205.225819355182466, 113.598978846333921 ], [ 205.243082859533388, 113.462341014295816 ], [ 201.700699595654442, 108.557654932141304 ], [ 201.374794838378875, 108.789254986681044 ], [ 201.262950737984283, 108.753102952614427 ], [ 197.448271705865409, 103.516202996484935 ], [ 197.448099396100588, 103.3987369639799 ], [ 197.826668736262945, 103.116517799906433 ], [ 195.816963340712391, 100.293855036608875 ], [ 194.291467439021289, 97.475176578387618 ], [ 192.045589011586344, 94.580788901075721 ], [ 191.899149388085789, 94.554275219328701 ], [ 188.557240134947278, 89.193172737024724 ], [ 188.573658216431795, 89.068931298330426 ], [ 185.554557454108362, 85.919896268285811 ], [ 177.636670202069581, 74.848485024645925 ], [ 177.357935771573466, 75.037412468343973 ], [ 177.246842756347178, 74.999070656485856 ], [ 165.428166405605225, 58.093391790054739 ], [ 165.415596358088806, 58.003509343601763 ], [ 165.530678289649586, 57.899729457683861 ], [ 164.31871305129971, 56.182614304125309 ], [ 160.712212250053199, 50.571782520972192 ], [ 160.576098520981759, 50.544806665740907 ], [ 151.169650883657596, 36.896411994472146 ], [ 151.195206051323112, 36.757405675947666 ], [ 149.015525016618994, 33.597546978853643 ], [ 172.423732245008068, 12.637107863090932 ], [ 166.194670184477218, 7.38216785993427 ], [ 162.828673138628801, 9.534086927771568 ], [ 161.6991606187039, 9.114314241334796 ], [ 161.135935422402326, 7.708572436124086 ], [ 196.208476283652999, -17.531226521357894 ], [ 210.035112119989208, 1.110814683139324 ], [ 211.049058630424042, 2.995718773454428 ], [ 236.003270008621257, -15.594286492094398 ], [ 223.840323461987282, -32.031264147721231 ], [ 250.045175585104516, -51.765941593796015 ], [ 276.349432909735697, -24.266758957877755 ], [ 276.493524738922133, -24.264108467847109 ], [ 282.673292089046299, -17.60604183934629 ], [ 282.668095171782625, -17.464890989474952 ], [ 292.72812401592455, -6.976190277375281 ], [ 292.869246439409835, -6.973295072093606 ], [ 299.308723447618831, -0.280818215571344 ], [ 299.305921139623024, -0.139395345933735 ], [ 298.51548368935255, 0.619491294957697 ], [ 302.978209352968406, 5.272060436196625 ], [ 303.736622546282888, 4.730540994554758 ], [ 304.791134704233627, 5.934182837605476 ], [ 277.768134528669179, 31.776644378900528 ], [ 277.76417609355849, 31.918741028755903 ], [ 270.412838302547243, 38.795965862460434 ], [ 270.271341660911276, 38.791041944175959 ], [ 266.588266180066057, 42.216217178851366 ], [ 265.198632725147036, 42.468517630361021 ], [ 252.414771729108907, 29.151263321749866 ], [ 252.239185557997189, 27.52645811997354 ], [ 249.715985975892181, 24.970777757465839 ], [ 248.994891057407585, 25.275374182499945 ] ], [ [ 14.777591187019425, 0.65266690030694 ], [ 16.798259571995004, 0.471447446383536 ], [ 28.711887812594796, 91.366368224844337 ], [ 26.54011109304156, 89.581597827374935 ], [ 23.658191746815646, 68.646726620383561 ], [ 22.2633270605711, 57.586772301234305 ], [ 16.325766643805764, 13.577462179586291 ], [ 14.777591187019425, 0.65266690030694 ] ], [ [ 18.791254776519054, 0.29264160990715 ], [ 24.846474582220253, -0.250806174241006 ], [ 27.458887772156231, 23.004696317948401 ], [ 31.359166848949826, 22.618050161749125 ], [ 32.636936932391109, 22.773019708693027 ], [ 33.760736123123934, 24.205714661628008 ], [ 34.33919891637197, 27.674132876098156 ], [ 40.966937981513183, 27.283944241702557 ], [ 37.666136238041872, 0.815566612407565 ], [ 52.982097026349948, -1.141086963936687 ], [ 53.085009480988447, -1.084352379664779 ], [ 58.37084301759387, 41.117837531492114 ], [ 66.738963499175952, 40.072930445894599 ], [ 66.850539581140765, 40.159693756140769 ], [ 74.066497686273578, 97.731942635960877 ], [ 74.009785240337806, 97.834866965189576 ], [ 59.108360165688282, 99.708730335347354 ], [ 59.005422043586805, 99.652015903964639 ], [ 52.141846324140715, 44.909178695641458 ], [ 43.415864992193747, 46.006034404970706 ], [ 43.304209732348681, 45.919291869737208 ], [ 38.5553992870191, 46.5150161171332 ], [ 41.692566719522802, 66.399833095259964 ], [ 46.115376170431773, 67.515812120400369 ], [ 48.759635191549023, 73.029209221713245 ], [ 50.634197369930916, 83.369198401458561 ], [ 49.375908677553525, 87.160955598577857 ], [ 46.113515612707488, 91.583736983127892 ], [ 33.245189413659318, 92.235542958602309 ], [ 30.849203217811009, 92.277233172208071 ], [ 18.791254776519054, 0.29264160990715 ] ], [ [ 355.691883672348922, 153.954575350508094 ], [ 362.816290950731855, 155.771823168732226 ], [ 380.950167275352214, 155.953475784510374 ], [ 393.200729878970378, 175.174588680267334 ], [ 391.218888757171953, 187.908949492499232 ], [ 390.179174086475541, 190.561393393203616 ], [ 388.624843936222533, 192.362170123495162 ], [ 386.711903015688222, 194.038490124046803 ], [ 384.536139815611023, 195.300561159849167 ], [ 380.960845500077994, 196.263984200544655 ], [ 369.978121003867273, 197.698995667509735 ], [ 350.433761690568645, 167.90239524282515 ], [ 348.53109225668959, 164.719062645919621 ], [ 347.574231567879906, 162.023485146462917 ], [ 348.414628418220673, 159.963364470750093 ], [ 355.691883672348922, 153.954575350508094 ] ], [ [ 318.604046915354047, 157.651136208325624 ], [ 317.272674648944303, 153.813208430074155 ], [ 317.808980294264984, 152.609508115798235 ], [ 340.537984891112501, 143.991652445867658 ], [ 340.98759378131399, 143.650959095917642 ], [ 345.484017051501723, 137.565098812803626 ], [ 348.740332244589808, 136.575214608572423 ], [ 354.014202641450538, 151.773636953905225 ], [ 349.348057015766244, 151.501020697876811 ], [ 345.881631710737565, 152.418481541797519 ], [ 341.387574607404531, 155.104371494613588 ], [ 334.708668417475565, 157.530078832060099 ], [ 323.340016170961462, 156.481216846033931 ], [ 322.996649508648261, 156.509150996804237 ], [ 318.604046915354047, 157.651136208325624 ] ], [ [ 371.134914451138684, 199.564212514087558 ], [ 381.286042455800271, 198.237804585136473 ], [ 385.183710158953545, 197.196695132181048 ], [ 387.79918833364718, 195.719125496223569 ], [ 389.994908655615291, 193.819923313334584 ], [ 391.80429033404107, 191.73844360653311 ], [ 391.97825165697941, 191.450083396397531 ], [ 393.118891415766484, 188.540166789665818 ], [ 394.853396687905843, 177.60993602219969 ], [ 401.024700224372282, 186.617915839888155 ], [ 400.473407991301428, 186.879741440527141 ], [ 402.321615702509007, 189.878676391206682 ], [ 403.745531302449308, 192.689458870328963 ], [ 408.698240555610028, 201.833326770924032 ], [ 409.649320089305547, 205.128870221786201 ], [ 409.712375955574316, 206.538178378716111 ], [ 409.869232940172878, 207.317677889019251 ], [ 407.86328521827636, 209.584862005896866 ], [ 407.335386343147547, 210.05337430536747 ], [ 405.774408862031123, 211.146135918796062 ], [ 393.479885309492602, 218.70535983145237 ], [ 385.384371377793286, 223.09121270943433 ], [ 371.134914451138684, 199.564212514087558 ] ], [ [ 10.951389913829189, -80.81053742300719 ], [ 10.441977620030229, -80.009122656658292 ], [ 10.012928564536196, -79.241596565581858 ], [ 10.152366780057491, -80.302473983727396 ], [ 10.951389913829189, -80.81053742300719 ] ], [ [ 11.324107013182584, -88.148945083841681 ], [ 11.492910954440958, -87.918717809952796 ], [ 11.933940464361513, -87.868215875700116 ], [ 11.245897411461556, -87.754272496327758 ], [ 11.324107013182584, -88.148945083841681 ] ], [ [ 28.835837172317042, 173.486540831625462 ], [ 34.026599742461258, 205.503053953871131 ], [ 33.865234617451279, 207.253871796652675 ], [ 33.672321169118732, 207.574813741259277 ], [ 32.828832682791472, 208.24350019544363 ], [ 32.377220452912297, 208.38381623942405 ], [ 31.703270043690281, 208.363537018187344 ], [ 30.76085645159219, 208.037160002626479 ], [ 29.966650835473047, 207.368831094354391 ], [ 22.846964589538402, 196.42947574518621 ], [ 13.030885295596818, 180.64457415509969 ], [ 13.903472965024775, 179.794999165460467 ], [ 17.398625335355973, 178.770668990910053 ], [ 18.608319041122741, 178.521201964467764 ], [ 20.480477204151612, 177.839644125662744 ], [ 24.259271186736441, 175.726292973384261 ], [ 27.825476400301341, 173.051207773387432 ], [ 28.835837172317042, 173.486540831625462 ] ], [ [ 129.385469317228853, -97.621093718335032 ], [ 131.215204412941603, -96.312044623307884 ], [ 141.700074080197737, -92.108084655366838 ], [ 152.206706994764318, -92.338015545159578 ], [ 161.22788740091346, -97.364684347063303 ], [ 164.659517299145591, -100.561101856641471 ], [ 167.894427268300205, -103.721527591347694 ], [ 168.04291218956314, -103.712590507231653 ], [ 168.202018206658977, -103.860791007988155 ], [ 184.881625404826991, -119.546902630478144 ], [ 196.492259141154136, -107.283477674238384 ], [ 196.63277886565993, -107.28045167401433 ], [ 207.581752730759035, -95.946552136912942 ], [ 207.578480076181222, -95.804399312473834 ], [ 225.204646145886727, -77.131944727152586 ], [ 157.842637052050122, -28.54803560487926 ], [ 122.711998957431206, -3.891023576259613 ], [ 57.531217222585838, -95.31678522285074 ], [ 103.871965737398568, -128.232460910454392 ], [ 107.065053178621383, -129.283924109302461 ], [ 129.385469317228853, -97.621093718335032 ] ], [ [ 234.053976822917321, -66.855115072801709 ], [ 241.240542365745569, -56.749796596355736 ], [ 241.216991537188733, -56.610380626283586 ], [ 143.575865495622566, 12.791091887280345 ], [ 143.436459889200705, 12.767511465586722 ], [ 136.24944736125326, 2.652205127291381 ], [ 136.273029227986626, 2.512820699252188 ], [ 233.914602257349543, -66.878663933835924 ], [ 234.053976822917321, -66.855115072801709 ] ] ], [ [ [ 465.123681452341771, -145.675999999977648 ], [ 465.923870904422074, -144.297462050803006 ], [ 466.057191729818442, -144.266584908589721 ], [ 470.127226132533906, -138.095814763568342 ], [ 470.806114976840036, -138.492367970757186 ], [ 470.941857392943348, -138.458139066584408 ], [ 472.099473563579522, -136.529259510338306 ], [ 472.057456903992716, -136.422691776417196 ], [ 471.410949026398157, -135.994362090714276 ], [ 475.227151695420616, -130.087393520399928 ], [ 484.575977309847076, -136.272081512026489 ], [ 477.759384945344209, -145.675999999977648 ], [ 465.123681452341771, -145.675999999977648 ] ] ], [ [ [ 5.632299999979296, -143.22520315553993 ], [ 9.228192837073948, -144.919356293976307 ], [ 12.055446049444072, -145.675999999977648 ], [ 6.143189366184743, -145.675999999977648 ], [ 5.632299999968382, -145.435301832854748 ], [ 5.632299999979296, -143.22520315553993 ] ] ], [ [ [ 253.327984666719203, 354.324000000022352 ], [ 248.336761240578198, 346.148321927525103 ], [ 246.539562998628753, 343.102701806463301 ], [ 240.472976138269587, 332.264821459539235 ], [ 244.118106753636312, 330.372159796766937 ], [ 234.730372337689914, 315.147219126112759 ], [ 232.848382092577594, 316.015041311271489 ], [ 210.491627551640704, 278.620058118365705 ], [ 200.514713500737344, 261.614959830418229 ], [ 197.029414342287055, 261.100458733737469 ], [ 196.412983641203027, 261.511936459690332 ], [ 195.974144326273745, 261.142157069407403 ], [ 195.670429044930643, 261.067476570606232 ], [ 195.068894186511898, 261.208405951038003 ], [ 194.665078476304188, 261.675993534736335 ], [ 194.590397979718546, 261.979708821512759 ], [ 194.61322579031912, 262.291636762209237 ], [ 194.754278447475372, 262.619161906652153 ], [ 190.859506300801513, 265.219044036231935 ], [ 194.984905186593096, 272.65948383975774 ], [ 197.75273437024407, 271.004636959172785 ], [ 236.914823908815379, 335.148272970691323 ], [ 237.095404226784012, 335.157805922441185 ], [ 239.807589807998738, 339.751560523174703 ], [ 239.784225097080707, 339.878641111776233 ], [ 247.558828609257034, 352.28067749645561 ], [ 247.707958339768084, 352.305467479862273 ], [ 248.962177744204382, 354.324000000022352 ], [ 253.327984666719203, 354.324000000022352 ] ] ], [ [ [ 445.094987935777681, 345.38885039370507 ], [ 444.950089628720889, 345.019955065101385 ], [ 444.542352661625046, 344.686849402263761 ], [ 443.784077995836924, 343.723629008047283 ], [ 428.383434576138825, 354.324000000022352 ], [ 433.925146233226769, 354.323999999091029 ], [ 445.826529774927621, 346.318112637847662 ], [ 445.094987935777681, 345.38885039370507 ] ] ], [ [ [ 482.659107484367269, 354.324000000022352 ], [ 483.769103800719677, 351.699118302203715 ], [ 482.560939377091927, 351.2120620906353 ], [ 482.632297710097191, 350.871446737088263 ], [ 482.471621552336728, 350.300258605740964 ], [ 481.665511522651286, 350.844434109516442 ], [ 481.046343962283572, 350.035027490928769 ], [ 480.844534993932029, 350.223782895132899 ], [ 480.678278259800209, 350.539062355645001 ], [ 480.05607917526504, 350.344247216358781 ], [ 479.005788423144622, 352.14239261765033 ], [ 478.366075437652398, 354.324000000022352 ], [ 482.659107484367269, 354.324000000022352 ] ] ], [ [ [ 5.632300000066607, 260.804415197111666 ], [ 12.447647527396839, 274.871685243211687 ], [ 25.979850290130344, 265.261296838521957 ], [ 25.226823235218035, 261.512123032473028 ], [ 25.114323036501446, 261.451829917728901 ], [ 17.100720187154366, 241.036159417591989 ], [ 6.815920787739742, 248.372914414852858 ], [ 5.632300000073883, 246.719420149922371 ], [ 5.632300000066607, 260.804415197111666 ] ] ] ] } },
{ "type": "Feature", "properties": { }, "geometry": { "type": "MultiPolygon", "coordinates": [ [ [ [ 5.632300000068426, -373.721267150714993 ], [ 19.615263229776247, -371.468808034434915 ], [ 21.522524072315719, -334.655609943903983 ], [ 5.632300000053874, -366.28103737719357 ], [ 5.632300000021132, -361.827866981737316 ], [ 21.872770940643022, -329.505362776108086 ], [ 46.399907859800805, -280.031932509504259 ], [ 50.064991641598681, -272.770547332242131 ], [ 43.229680436059425, -250.949883070774376 ], [ 42.148196993814054, -246.843564752489328 ], [ 38.539370195516312, -235.353590248152614 ], [ 29.990436347308787, -228.55272720195353 ], [ 5.632300000035684, -208.908760287798941 ], [ 5.632300000008399, -206.330294908024371 ], [ 37.627822650172675, -232.07365048956126 ], [ 27.253428838828768, -202.282029796391726 ], [ 24.763290617034727, -195.757724642753601 ], [ 19.328572088579676, -173.805441085249186 ], [ 19.316180259160319, -173.380960205569863 ], [ 13.189779139929669, -157.035922978073359 ], [ 5.632300000035684, -174.354666257277131 ], [ 5.632300000052055, -169.355796536430717 ], [ 11.770026385209349, -155.29056316241622 ], [ 11.959798390194919, -155.00365839432925 ], [ 12.329069644276387, -154.750854976475239 ], [ 9.826686033198712, -148.168572381138802 ], [ 10.615154826225989, -147.360181816853583 ], [ 8.457146959126476, -146.766187799163163 ], [ 6.143189366184743, -145.675999999977648 ], [ 12.055446049444072, -145.675999999977648 ], [ 12.06479562946879, -145.678502182476223 ], [ 12.063830894570856, -145.675999999977648 ], [ 35.388505781027561, -145.675999999977648 ], [ 56.709483598906445, -195.986286455765367 ], [ 63.494812163849929, -196.336228061467409 ], [ 63.585323206298199, -196.440927066840231 ], [ 73.419936896136278, -197.311491768807173 ], [ 67.014740337172043, -209.215765583328903 ], [ 66.310166986842887, -218.030061829835176 ], [ 69.766225885270615, -225.549538594670594 ], [ 71.739305169596264, -227.298911027610302 ], [ 74.757379231614323, -228.504650169052184 ], [ 77.740199719541124, -228.065045180730522 ], [ 83.662377492903033, -223.122115858830512 ], [ 83.836712151054599, -223.107350782491267 ], [ 104.581406763081759, -205.50082478672266 ], [ 105.727554379327557, -192.015327133238316 ], [ 105.638729408530708, -191.938458429649472 ], [ 98.60393910822313, -191.33658164460212 ], [ 98.962037257957491, -187.155768811702728 ], [ 98.901296037778593, -187.055134093388915 ], [ 82.306315119043575, -185.636096484959126 ], [ 83.899430891760858, -167.275859870947897 ], [ 73.220897301807781, -166.30036664288491 ], [ 74.129456799284526, -155.977129927836359 ], [ 77.766463158150145, -156.299588938243687 ], [ 77.874871415449888, -156.208789782598615 ], [ 78.803137812914429, -145.675999999977648 ], [ 91.982143110846664, -145.676000000908971 ], [ 86.568315316708322, -154.629138961434364 ], [ 85.798263983531797, -160.85880711954087 ], [ 96.535953240840172, -174.062605133280158 ], [ 115.960723702090036, -193.296792858280241 ], [ 147.603957382536464, -158.755917909555137 ], [ 159.932752715223614, -145.675999999977648 ], [ 185.256943151505766, -145.675999999977648 ], [ 198.308955615184459, -158.437166123650968 ], [ 198.313604059896534, -158.581399534828961 ], [ 201.797639685973991, -161.718244054354727 ], [ 201.93841700518351, -161.711184351705015 ], [ 217.687211920516347, -176.040900196880102 ], [ 267.71903537360231, -223.479168848134577 ], [ 293.916537182683896, -199.491152769885957 ], [ 294.05476973365694, -199.500037593767047 ], [ 305.760979662896716, -189.513884562067688 ], [ 305.767576059377461, -189.367580153979361 ], [ 321.079381744704733, -174.317703210748732 ], [ 321.217758822709584, -174.321760271675885 ], [ 330.793934853347309, -165.602201040834188 ], [ 330.801498081003956, -165.462417803704739 ], [ 335.856821830797344, -161.014701477251947 ], [ 322.427071521176913, -145.675999998115003 ], [ 341.46138724291086, -145.675999999977648 ], [ 346.857638999814299, -151.533152948133647 ], [ 353.246430270597557, -145.675999999977648 ], [ 375.982540603265079, -145.675999999977648 ], [ 371.690946665321462, -149.658284990116954 ], [ 371.683957832059605, -149.79703592415899 ], [ 364.119968894152407, -156.461550511419773 ], [ 363.348026892717826, -155.661793590523303 ], [ 363.232294638906751, -155.641361734829843 ], [ 360.653797141752875, -158.123772786930203 ], [ 360.651308458787753, -158.26512564253062 ], [ 361.378506715273033, -159.018370662815869 ], [ 358.302458978187133, -161.9949871012941 ], [ 358.379898595960185, -162.174666997976601 ], [ 358.110147861281803, -165.484419841319323 ], [ 357.99941730134924, -165.617810687050223 ], [ 371.805490809638286, -179.981087588705122 ], [ 391.916355707820912, -203.471577630378306 ], [ 392.056372500112047, -203.481939673423767 ], [ 395.871698039734838, -207.969808709807694 ], [ 395.860410218214383, -208.110867878422141 ], [ 404.443353944890987, -218.168242214247584 ], [ 404.584387183320359, -218.179314774461091 ], [ 405.020063116175152, -217.806566269136965 ], [ 410.451406695960031, -223.642694120295346 ], [ 411.998727366508319, -225.451939185149968 ], [ 412.136577621831748, -225.464837023988366 ], [ 420.487141572562905, -235.973544193431735 ], [ 420.474454250479539, -236.11804820690304 ], [ 426.963860316089267, -243.473046236671507 ], [ 427.104128730108641, -243.482389095239341 ], [ 435.729432564608942, -253.451097553595901 ], [ 458.51236700606205, -235.15775397978723 ], [ 458.790637701782543, -235.521512996405363 ], [ 458.949044367687748, -235.395127711817622 ], [ 459.988800926779732, -237.068856592290103 ], [ 459.976622574218709, -237.233328685164452 ], [ 464.389702994219988, -241.143222126178443 ], [ 464.501217071876454, -241.156721897423267 ], [ 470.033347962660628, -251.961503654718399 ], [ 469.98810318867254, -252.092339349910617 ], [ 476.70477192691942, -266.489073155447841 ], [ 476.837702088439983, -266.537381434813142 ], [ 485.783564826637303, -262.355625966563821 ], [ 485.832212508590601, -262.224213686771691 ], [ 504.647246953658396, -253.77582426276058 ], [ 505.632300000030227, -253.286213312298059 ], [ 505.632300000048417, -268.089092800393701 ], [ 494.804251673580438, -273.518402356654406 ], [ 494.759525184341328, -273.652056269347668 ], [ 494.646409095115814, -273.708769378252327 ], [ 470.828816966082741, -285.483263694681227 ], [ 468.463548120680571, -286.541129601188004 ], [ 467.904413582351481, -287.959822185337543 ], [ 467.777421940685599, -289.527785206213593 ], [ 478.982742290449096, -302.31637073867023 ], [ 479.11601667125251, -302.330812657251954 ], [ 489.893105901086528, -317.234865048900247 ], [ 494.77302095592313, -323.347080236300826 ], [ 496.991606788486024, -321.174850820563734 ], [ 496.333896351192379, -314.180842494592071 ], [ 505.63230000000658, -310.30597716011107 ], [ 505.632299999933821, -371.845399206504226 ], [ 494.28931930453291, -358.920697906054556 ], [ 494.172315477024313, -358.931465324014425 ], [ 475.979696078373308, -374.893309942446649 ], [ 463.731759858244914, -360.670685735531151 ], [ 491.141889459780941, -336.648470656014979 ], [ 480.514293626873041, -323.779816426336765 ], [ 453.708218968024084, -296.683417839929461 ], [ 450.386950885438637, -294.873724156059325 ], [ 436.9977071142348, -301.369325766339898 ], [ 418.88142848966163, -310.311477238312364 ], [ 418.751042031364705, -310.264485521242023 ], [ 411.410495611920851, -313.456368630751967 ], [ 411.360644035061341, -313.591089177876711 ], [ 404.645899555922369, -316.812943897210062 ], [ 421.940471111915031, -336.19898388069123 ], [ 420.956246486739474, -339.857382735237479 ], [ 416.595549692456188, -344.505461029708385 ], [ 409.555071832950489, -346.201777356676757 ], [ 405.893499840824006, -343.946574927307665 ], [ 398.730367646301602, -328.784603340551257 ], [ 398.778526266043627, -328.652530172839761 ], [ 395.691071185479814, -322.048145181499422 ], [ 392.280449127103566, -323.59777988307178 ], [ 391.669272022223595, -322.269493204541504 ], [ 391.53655774913932, -322.220518101938069 ], [ 372.426516485853426, -331.04285822995007 ], [ 372.369142012488737, -331.145350397564471 ], [ 372.453031328652287, -331.33917744550854 ], [ 372.183569600174451, -331.459261618554592 ], [ 372.29681419012195, -331.871523950248957 ], [ 370.626588755383636, -332.735411795787513 ], [ 369.145584016729117, -333.700026473030448 ], [ 368.279495320644855, -334.514537022449076 ], [ 367.254535455125733, -335.867298038676381 ], [ 366.814419944250403, -336.668546295724809 ], [ 366.572022479636871, -336.83137845993042 ], [ 349.669057547136617, -372.590924017131329 ], [ 349.235675156003708, -373.310189717449248 ], [ 350.253109530531219, -375.78968421369791 ], [ 351.975424387712337, -382.242948953062296 ], [ 351.908349268664097, -382.376773208379745 ], [ 357.144895496350728, -395.681664484553039 ], [ 357.275041972485269, -395.737870568409562 ], [ 365.816502244086223, -417.088633292354643 ], [ 365.760953767674437, -417.218920361250639 ], [ 369.231430279411143, -425.802740396931767 ], [ 369.360757783415465, -425.858142166398466 ], [ 388.345428749435087, -473.967459692619741 ], [ 388.291562921986042, -474.103269987739623 ], [ 392.528574636813573, -484.408495496958494 ], [ 392.673093336563397, -484.45436329767108 ], [ 394.18759478676111, -486.894472101703286 ], [ 394.145237259883288, -487.010111690498888 ], [ 394.41924963560632, -487.398748475126922 ], [ 397.777649506577291, -495.270846161991358 ], [ 397.722567076883934, -495.395313977263868 ], [ 397.950044014067316, -495.721744111739099 ], [ 398.826472351494886, -498.086403886787593 ], [ 398.77083874957134, -498.22350540291518 ], [ 400.011455888476121, -501.065289495512843 ], [ 400.146100040883539, -501.081159585155547 ], [ 401.234681904921672, -500.2910102205351 ], [ 401.320523589076402, -500.398806565441191 ], [ 401.437145109668563, -500.398689961992204 ], [ 419.934511373538044, -487.08700374700129 ], [ 419.971921592548824, -486.977314663119614 ], [ 419.901044436286611, -486.865035585127771 ], [ 421.284752818692141, -485.871148839592934 ], [ 421.681848429070669, -486.345169335603714 ], [ 429.216219093683321, -480.409148090519011 ], [ 432.017752657318852, -493.656123906373978 ], [ 430.473719491472366, -494.841865690425038 ], [ 430.368983496111468, -495.393545451574028 ], [ 433.22187920012766, -499.35170921869576 ], [ 427.570855619233043, -503.92104126047343 ], [ 425.618673182505518, -502.12957573030144 ], [ 424.182651975732369, -500.028985901735723 ], [ 419.334147497844242, -503.748642063699663 ], [ 422.225720323391215, -507.200201998464763 ], [ 422.691269584425754, -510.324311200529337 ], [ 422.063297579083155, -510.458788180723786 ], [ 422.201287901905744, -511.520818595774472 ], [ 410.65831831727337, -513.227669203653932 ], [ 409.959243680983491, -508.573637441731989 ], [ 403.648784183442331, -510.23557248711586 ], [ 405.638283662585309, -513.976408782415092 ], [ 405.590248335174692, -514.096179915592074 ], [ 408.727352379595686, -523.343899413011968 ], [ 410.278651600083322, -524.178373107686639 ], [ 434.13386055607225, -520.677703274413943 ], [ 434.217536134998227, -520.55942218657583 ], [ 437.567032823162663, -519.898504644632339 ], [ 451.123990563761254, -517.862334618344903 ], [ 444.569028772850288, -497.658958406187594 ], [ 463.134576824044416, -493.290202581323683 ], [ 456.838828010626457, -458.817031807266176 ], [ 464.728583187099503, -457.619016915559769 ], [ 484.601605055571781, -458.077909260988235 ], [ 484.463027066562063, -463.360254153609276 ], [ 473.418425254600152, -463.094185966067016 ], [ 473.319068427532329, -463.16975084412843 ], [ 475.861366457082113, -490.679639558307827 ], [ 483.905410415733058, -489.961785303428769 ], [ 483.968113934928624, -489.871627335436642 ], [ 484.047422783638467, -486.843434261158109 ], [ 493.465297112459666, -487.099828816950321 ], [ 496.082718482110067, -473.204309152439237 ], [ 497.968732093142535, -473.558759513311088 ], [ 498.268151245723857, -492.094336453825235 ], [ 504.350001303215322, -492.008216434158385 ], [ 505.012145939570473, -510.667092610150576 ], [ 505.632300000001123, -510.625955983996391 ], [ 505.632300000030227, -522.269874907098711 ], [ 505.454943754264605, -522.285623881965876 ], [ 473.294892998446812, -526.510436406359076 ], [ 443.590805693098446, -531.085292906500399 ], [ 421.285081375775917, -534.240017319098115 ], [ 400.580980542234101, -537.707081012427807 ], [ 400.161288345609137, -539.963186031207442 ], [ 399.581314657167241, -540.106674734503031 ], [ 419.164207020701724, -553.583858502097428 ], [ 432.040162877641706, -546.596058309078217 ], [ 438.378047467953365, -543.687725108116865 ], [ 450.787855211354326, -539.289709690958261 ], [ 460.061309809376326, -536.48487551137805 ], [ 473.388723481008128, -533.420459059998393 ], [ 501.962338811863447, -529.296584183350205 ], [ 505.63230000009753, -528.956960481591523 ], [ 505.632300000048417, -530.963986678980291 ], [ 502.222424195579151, -531.279075361788273 ], [ 473.796144805366566, -535.378258579410613 ], [ 460.607474417669437, -538.40844405721873 ], [ 451.433566628611516, -541.18202902097255 ], [ 439.088278366985833, -545.557178841903806 ], [ 432.964041007740889, -548.369421198964119 ], [ 419.592653223669913, -555.626124480739236 ], [ 391.921762649149969, -571.758543816395104 ], [ 389.674109511377537, -595.159592580981553 ], [ 389.565578117095356, -595.525914640165865 ], [ 387.635686845942473, -599.230059675872326 ], [ 387.407370003185861, -599.520523342303932 ], [ 387.08914473621553, -599.708220971748233 ], [ 383.153821410729506, -601.131565672345459 ], [ 379.014976144839238, -606.741696938872337 ], [ 378.541565665060261, -607.091490428894758 ], [ 370.056850865539673, -610.069074080325663 ], [ 369.693377735555259, -610.124945024959743 ], [ 369.334295975966597, -610.04560670722276 ], [ 342.707074668063797, -598.711091042496264 ], [ 334.290112075283105, -603.453605582937598 ], [ 322.210866896639345, -630.43471475597471 ], [ 321.796520513635187, -630.892996096983552 ], [ 321.191936235294634, -631.020206795074046 ], [ 320.628044706041692, -630.767756690271199 ], [ 320.320233323956927, -630.232073142193258 ], [ 320.386075575554059, -629.617769053205848 ], [ 331.360497952809965, -605.10447492543608 ], [ 285.238268480736224, -630.827764674089849 ], [ 293.032684347377653, -634.505048709921539 ], [ 315.125266366465439, -631.882674651220441 ], [ 315.731258193076428, -632.003001784905791 ], [ 315.976940598620786, -632.196548057720065 ], [ 316.235786960569385, -632.757532256655395 ], [ 316.115459826720326, -633.363524083979428 ], [ 315.661920072558132, -633.78305525239557 ], [ 292.705034836822961, -636.518230613321066 ], [ 283.069185435208055, -632.015075858682394 ], [ 266.437928332985393, -640.491924340836704 ], [ 262.404040337238257, -642.144925774075091 ], [ 260.240872065562144, -644.610032652504742 ], [ 260.998226011584848, -644.755839587189257 ], [ 260.884919635092956, -645.675999999977648 ], [ 226.013110047817463, -645.675999999046326 ], [ 126.244443532170408, -630.781377346254885 ], [ 77.102156269867919, -585.224354642443359 ], [ 78.247335754753294, -584.598739985376596 ], [ 79.989194777934244, -583.486891524866223 ], [ 80.456238578697594, -583.047100564464927 ], [ 87.502583435132692, -588.970706764608622 ], [ 90.373050910802704, -585.76634244993329 ], [ 88.979973061663259, -584.48474489711225 ], [ 88.014581107110644, -585.262091089040041 ], [ 82.128311233231216, -579.912623575888574 ], [ 82.434398127184977, -578.444859995506704 ], [ 82.349278984067496, -578.357713537290692 ], [ 81.322509480129156, -578.21093806438148 ], [ 81.286860726122541, -576.647725175134838 ], [ 92.06506364093002, -565.18356273137033 ], [ 100.309238750389341, -572.842878346331418 ], [ 100.425899354870126, -572.856987643055618 ], [ 104.842741781254517, -568.110968621447682 ], [ 104.838189258056445, -567.970493569970131 ], [ 118.134509899633485, -553.948233126662672 ], [ 105.127009323863604, -541.780614556744695 ], [ 105.12203627134113, -541.639078518375754 ], [ 82.57745386795068, -520.706022381782532 ], [ 82.462148952148709, -520.728661076165736 ], [ 55.970573291609981, -549.24162825755775 ], [ 55.993220940774336, -549.356967653147876 ], [ 70.29650080562169, -562.640055697411299 ], [ 70.29956055292314, -566.385554860346019 ], [ 67.04580265907498, -567.271195048466325 ], [ 64.650042541274161, -569.110247241333127 ], [ 63.481502770904626, -571.358405512757599 ], [ 63.055546304047311, -573.3416643217206 ], [ 63.033131347998278, -574.572883714921772 ], [ 63.565532517046449, -577.123382849618793 ], [ 64.948339197611858, -579.109681561589241 ], [ 67.322402516003422, -581.401064124889672 ], [ 62.982651081210861, -586.122418303973973 ], [ 40.453566434503955, -565.239353903569281 ], [ 40.115271810958802, -560.790301802568138 ], [ 25.211936835361485, -546.935825500637293 ], [ 7.72268142775647, -511.928813449107111 ], [ 5.632300000015675, -507.580500654876232 ], [ 5.632300000008399, -470.167072431184351 ], [ 7.139207528622137, -471.270981516689062 ], [ 8.718979591631069, -469.532473395578563 ], [ 14.592539063067306, -474.070478090085089 ], [ 38.892295356987233, -448.649630540981889 ], [ 61.94758341967281, -416.734964092262089 ], [ 61.577202993052197, -416.654602261260152 ], [ 19.577149450615252, -397.500953919254243 ], [ 18.214455326708048, -407.059276564978063 ], [ 11.84376057325062, -436.538402636535466 ], [ 9.168951627614661, -449.344809051603079 ], [ 7.520734639610964, -454.655990329571068 ], [ 5.632299999973839, -459.188578669913113 ], [ 5.632299999944735, -453.990231595002115 ], [ 5.657101326252814, -453.930499985814095 ], [ 7.221585922416125, -448.889516018331051 ], [ 9.888825302881742, -436.119468393735588 ], [ 16.252700842222112, -406.671896680258214 ], [ 17.686193566361908, -396.597906474024057 ], [ 5.710242751976693, -390.388671763241291 ], [ 5.632299999977477, -390.351196030154824 ], [ 5.63230000002477, -388.133172533474863 ], [ 6.617127059700579, -388.60680365562439 ], [ 17.912356354858275, -394.463101087138057 ], [ 19.121406941201712, -380.892742844298482 ], [ 5.632299999955649, -383.208898064680398 ], [ 5.632300000068426, -373.721267150714993 ] ], [ [ 21.627971586132844, -371.263266670517623 ], [ 32.948433965328149, -370.778869633562863 ], [ 33.620826227130237, -376.402015032246709 ], [ 34.156928546239214, -376.229674725793302 ], [ 70.88079546879635, -369.205368792638183 ], [ 71.245689668679915, -367.83989395853132 ], [ 71.331994712569212, -361.655781401321292 ], [ 71.122415879684922, -357.095797136425972 ], [ 70.688356446740727, -350.639738534577191 ], [ 69.675589802774994, -342.746583849191666 ], [ 67.680301762537056, -331.993296501226723 ], [ 66.666185638969182, -327.413980702869594 ], [ 58.178176022469415, -299.720693797804415 ], [ 50.904799594167343, -275.543756913393736 ], [ 23.754822722725294, -330.210289581678808 ], [ 21.627971586132844, -371.263266670517623 ] ], [ [ 73.057942903466028, -368.802436538971961 ], [ 97.323741109576076, -364.371405510231853 ], [ 99.814902000718575, -363.607167391106486 ], [ 91.989361948981241, -344.341438047587872 ], [ 84.861822522969305, -326.432777076028287 ], [ 79.366232842210593, -331.915631714276969 ], [ 71.704358780429175, -342.848384811542928 ], [ 72.675264045552467, -350.415286412462592 ], [ 73.119137388039235, -356.99341712705791 ], [ 73.331534248720345, -361.653743641451001 ], [ 73.243078559338755, -367.991958132945001 ], [ 73.057942903466028, -368.802436538971961 ] ], [ [ 230.274778454026091, -642.192826410755515 ], [ 229.196537377787536, -642.985752041451633 ], [ 230.163008226167221, -643.109172313474119 ], [ 230.274778454026091, -642.192826410755515 ] ], [ [ 97.020965653988242, -582.396129834465683 ], [ 130.056361845830907, -612.530579912476242 ], [ 135.542272889391825, -616.30074402410537 ], [ 139.646663336123311, -618.153886978514493 ], [ 143.123528286278088, -619.198106059804559 ], [ 221.579339235704538, -634.773081632331014 ], [ 229.589192978006395, -639.119429176673293 ], [ 229.751264907923542, -635.261361035518348 ], [ 229.724079544788765, -629.258432961069047 ], [ 227.811005855339317, -595.485747334547341 ], [ 226.826074537562818, -588.755080577917397 ], [ 225.705290991541915, -583.570812963880599 ], [ 224.952723071490254, -581.511352430097759 ], [ 220.026685325841754, -571.199642485938966 ], [ 219.538928622070671, -571.443786261603236 ], [ 213.407463016046677, -559.332165646366775 ], [ 211.588166121053291, -559.129236498847604 ], [ 189.252012375067352, -554.611868849955499 ], [ 157.615496509670265, -546.266294678673148 ], [ 138.101886487278534, -541.209920334629714 ], [ 137.72120653325328, -541.0172133538872 ], [ 133.638266330701299, -537.690640905871987 ], [ 130.836971270360664, -540.43730591237545 ], [ 138.727812601997357, -547.915043114684522 ], [ 133.619295092610628, -565.027883153408766 ], [ 111.160906054206862, -589.039504379965365 ], [ 103.945734722276029, -581.892195819877088 ], [ 100.286128982761511, -580.487642120569944 ], [ 98.999959373819365, -580.830359710380435 ], [ 97.566473620296165, -581.848934918642044 ], [ 97.020965653988242, -582.396129834465683 ] ], [ [ 129.383203809855331, -533.919495629146695 ], [ 95.183528432888124, -501.443705479614437 ], [ 94.943501724879752, -501.089503636583686 ], [ 91.786685154551378, -493.183464480563998 ], [ 90.131483937082521, -490.530970933847129 ], [ 84.17313914922488, -495.705395665019751 ], [ 83.80116821536285, -495.909241904504597 ], [ 72.171412612859058, -499.348571320995688 ], [ 63.084618024438896, -508.128439971245825 ], [ 43.25872191705821, -530.068185246549547 ], [ 45.992503419371133, -532.998408128507435 ], [ 64.023783319997165, -513.582260130904615 ], [ 71.895999703718189, -505.529950015246868 ], [ 74.4202595260831, -503.682600828818977 ], [ 77.187113669124301, -502.563577678985894 ], [ 81.233672379459676, -501.648907707072794 ], [ 85.069456726405406, -501.665425970219076 ], [ 88.628488003652819, -502.38803435023874 ], [ 91.112392756929694, -503.41076857317239 ], [ 93.759495164977125, -505.281357425265014 ], [ 126.911813998358411, -536.469192555174232 ], [ 129.383203809855331, -533.919495629146695 ] ], [ [ 44.63023676541161, -534.469071072526276 ], [ 41.160886113000743, -530.750259172171354 ], [ 26.180160370757221, -514.219561787322164 ], [ 24.172308532604802, -510.953625357709825 ], [ 20.094920258947241, -503.295544834807515 ], [ 20.017661143332589, -508.889552602544427 ], [ 37.084254595331004, -542.85398081690073 ], [ 43.804530904131752, -548.873419713228941 ], [ 46.424089389573055, -546.416930872946978 ], [ 50.508287620057672, -541.686434007249773 ], [ 44.364071440153566, -534.75715366192162 ], [ 44.63023676541161, -534.469071072526276 ] ], [ [ 135.067610828144097, -536.276267026551068 ], [ 138.814775125041706, -539.329298189841211 ], [ 157.836226198885925, -544.25814413279295 ], [ 183.200192506687017, -535.985766249708831 ], [ 195.747358663924388, -532.249024408869445 ], [ 172.79791079554343, -498.245044521987438 ], [ 169.44359086140139, -500.4592768214643 ], [ 168.745117412172476, -501.226578476838768 ], [ 168.44701343885572, -502.182122020050883 ], [ 168.439131109089431, -502.706237707287073 ], [ 168.911249727741961, -503.775683220475912 ], [ 175.194608718233212, -512.962670423090458 ], [ 175.316414476263162, -513.81867965310812 ], [ 159.734455219959273, -530.518861781805754 ], [ 158.800773449049302, -530.266887634061277 ], [ 154.104419354885977, -529.430505374446511 ], [ 149.673165311856792, -528.051465871743858 ], [ 144.800267204467673, -526.702699271962047 ], [ 144.29543377196751, -527.059948750771582 ], [ 141.994628635397021, -529.357885388657451 ], [ 136.411092166292292, -535.283241534605622 ], [ 136.110680252737438, -535.234498035162687 ], [ 135.067610828144097, -536.276267026551068 ] ], [ [ 209.701586420218518, -528.487945528700948 ], [ 209.941454693347623, -528.432928262278438 ], [ 225.692755984084215, -520.065677324309945 ], [ 165.951292590945741, -430.396071958355606 ], [ 165.371953583677168, -429.56762330699712 ], [ 164.38615611932255, -429.034194902516901 ], [ 163.564333442256611, -428.973409126512706 ], [ 162.736753633997068, -429.242582963779569 ], [ 156.653790062118787, -432.551774757914245 ], [ 155.939827456328203, -433.077197265811265 ], [ 155.309249629573969, -433.729431536048651 ], [ 154.344034611158349, -435.330327314324677 ], [ 153.955125744767429, -436.23953624907881 ], [ 153.402497814935487, -438.057022311724722 ], [ 153.27034934281437, -438.997732376679778 ], [ 153.271214625587163, -439.895361487753689 ], [ 153.678592856293108, -441.659736936911941 ], [ 154.073689384700629, -442.557993544265628 ], [ 154.49355801616548, -443.439346654340625 ], [ 154.991125377115168, -444.239120215177536 ], [ 159.768492074574169, -451.614579671993852 ], [ 193.379717948295365, -503.029239914380014 ], [ 209.062905589938964, -527.186363101005554 ], [ 209.616489448017091, -528.053685665130615 ], [ 209.463345496473266, -528.129946156404912 ], [ 209.701586420218518, -528.487945528700948 ] ], [ [ 278.549818696870716, -575.123761709779501 ], [ 288.514043801236767, -591.366254959255457 ], [ 295.392239848923055, -586.575334570370615 ], [ 318.753809816744251, -573.241123221814632 ], [ 320.115964660766622, -576.344069224782288 ], [ 326.523666012357353, -573.358611262403429 ], [ 327.859167770340719, -572.137497751973569 ], [ 328.447812781892935, -569.492194917984307 ], [ 328.368588829025612, -567.237169718369842 ], [ 327.414856750443505, -564.62280663754791 ], [ 326.114431530242655, -562.15303706843406 ], [ 324.948814384597426, -560.872063248418272 ], [ 322.472161623929424, -561.188454747200012 ], [ 319.088552220327983, -559.16183191165328 ], [ 315.448980910439786, -558.63584366813302 ], [ 302.837079335282397, -562.422422418370843 ], [ 295.929445118166768, -565.175374328158796 ], [ 293.243385192568894, -566.37176030408591 ], [ 280.866094074699504, -573.558282475918531 ], [ 278.549818696870716, -575.123761709779501 ] ], [ [ 337.408613153589613, -593.574545706622303 ], [ 338.0753841970145, -595.080411143600941 ], [ 338.536656285874415, -594.918974339962006 ], [ 339.067919790175438, -594.989031160250306 ], [ 342.583788072855896, -596.485689930617809 ], [ 365.746869876289566, -583.433028841391206 ], [ 356.157122479735335, -583.138719965703785 ], [ 355.912861216258534, -583.649447199888527 ], [ 337.408613153589613, -593.574545706622303 ] ], [ [ 369.821179700857101, -583.432010831311345 ], [ 344.903773991012713, -597.473253396339715 ], [ 369.760632979892762, -608.054171910509467 ], [ 377.588934966745001, -605.306946506723762 ], [ 381.931234268960907, -599.493321269750595 ], [ 386.042660223103667, -597.960649363696575 ], [ 387.702559895931699, -594.77471384499222 ], [ 389.803540405251624, -572.900721179321408 ], [ 369.821179700857101, -583.432010831311345 ] ], [ [ 221.818870661702022, -570.302677455358207 ], [ 226.814225262087348, -580.780362055636942 ], [ 227.644923333784391, -583.081094468012452 ], [ 228.799426823341491, -588.432144383899868 ], [ 229.804612327969153, -595.328374039381742 ], [ 231.721667336285464, -629.1713453438133 ], [ 231.728031751526942, -630.277678780257702 ], [ 231.899195485397286, -628.87430436257273 ], [ 233.580383202322992, -629.319767476059496 ], [ 237.692717571095272, -629.77534000761807 ], [ 238.063379379300386, -628.432972463779151 ], [ 238.706333850936062, -620.763335272669792 ], [ 237.328720650444666, -604.68961681611836 ], [ 233.870613140719797, -590.627300496213138 ], [ 228.702355392264508, -577.64087279420346 ], [ 226.506704482342684, -573.474761472083628 ], [ 223.588973904825252, -569.416865394450724 ], [ 221.818870661702022, -570.302677455358207 ] ], [ [ 259.327161566514405, -642.62006020732224 ], [ 260.977544024122835, -640.739314630627632 ], [ 283.116197295528764, -598.379317410290241 ], [ 283.526975211681929, -597.962687869556248 ], [ 283.805141182872831, -597.862097078934312 ], [ 284.36789362105992, -597.914713758043945 ], [ 286.354605276144866, -592.875381203368306 ], [ 286.872826709330184, -592.51248502265662 ], [ 277.036743114706042, -576.480760348960757 ], [ 274.041143305870719, -579.169314783997834 ], [ 267.551887631590944, -585.950108831748366 ], [ 264.240163404818304, -591.422167353332043 ], [ 261.303130241962208, -599.24945633392781 ], [ 255.732692413619588, -632.919105710461736 ], [ 260.324969438737753, -633.405873266980052 ], [ 259.939813866652912, -637.773824178613722 ], [ 259.327161566514405, -642.62006020732224 ] ], [ [ 263.96054246021049, -639.348583996295929 ], [ 265.567118299666618, -638.691733383573592 ], [ 282.58170465137664, -630.019504370167851 ], [ 332.760894155589995, -602.020418539643288 ], [ 335.671121591063638, -596.374753223732114 ], [ 335.875918425290365, -596.103540784679353 ], [ 336.243006363149107, -595.880264912731946 ], [ 335.641689850424882, -594.522256623022258 ], [ 293.163664687193886, -617.302987503819168 ], [ 287.737570847661118, -611.839780306443572 ], [ 285.271268328515362, -608.102147739380598 ], [ 284.026295621197278, -605.02816038671881 ], [ 283.641497322530995, -601.691302362829447 ], [ 263.96054246021049, -639.348583996295929 ] ], [ [ 228.666600511871366, -640.893734747543931 ], [ 221.038682670743583, -636.704082501120865 ], [ 142.687224176595919, -621.149822976440191 ], [ 139.00813374849713, -620.049653980880976 ], [ 134.483410551340057, -617.998988241888583 ], [ 128.759790390713533, -614.054029187187552 ], [ 95.607977337456759, -583.813369074836373 ], [ 92.108103596070578, -587.323478204198182 ], [ 91.858960458232104, -587.104013536125422 ], [ 89.035639243951664, -590.25573829934001 ], [ 93.507793416378263, -593.993448322638869 ], [ 92.919054374018742, -594.627541376277804 ], [ 123.311395804877975, -622.754955243319273 ], [ 133.921804720886939, -628.493146323598921 ], [ 226.392747168214555, -642.565895588137209 ], [ 228.666600511871366, -640.893734747543931 ] ], [ [ 337.963849366871727, -597.310577952302992 ], [ 337.285364579578527, -597.606753335334361 ], [ 335.930946280179342, -600.234242953360081 ], [ 340.387020239109916, -597.723480276763439 ], [ 338.68134012610426, -596.997394748963416 ], [ 337.963849366871727, -597.310577952302992 ] ], [ [ 356.326431155757746, -581.134279298596084 ], [ 369.111265707299026, -581.54616884700954 ], [ 390.058012264449644, -570.50661960337311 ], [ 394.153947961103768, -541.760921081528068 ], [ 375.976390425454156, -545.359182838350534 ], [ 364.419512268263134, -547.841848257929087 ], [ 357.459777401536485, -549.746412307955325 ], [ 353.336672602021281, -551.151556537486613 ], [ 351.873748543152033, -555.390264922752976 ], [ 351.090463037682639, -559.477930161170661 ], [ 351.037940249823805, -562.217383168637753 ], [ 352.957582305500182, -570.52868088055402 ], [ 356.326431155757746, -581.134279298596084 ] ], [ [ 226.798617499789543, -521.744457530789077 ], [ 210.851510426537061, -530.213394420221448 ], [ 211.13481090391906, -530.637825639918447 ], [ 211.302859781102597, -530.552731139585376 ], [ 211.790065105667964, -531.270987715572119 ], [ 219.791852467598801, -543.607513353228569 ], [ 222.944606364599167, -548.330862909555435 ], [ 223.740389295056957, -549.108077078126371 ], [ 224.413343654012351, -549.521409375593066 ], [ 225.258010473096874, -549.854395586997271 ], [ 226.113237898580337, -549.973713474348187 ], [ 226.975239047575087, -549.852175831794739 ], [ 227.501348432440864, -549.691315864212811 ], [ 231.817634693510627, -547.13362589944154 ], [ 233.138134635846654, -545.926152836531401 ], [ 233.666064976030611, -545.219793424010277 ], [ 234.112316338609162, -544.404410240240395 ], [ 234.401389936350824, -543.559379736892879 ], [ 234.582340255092276, -542.67078610882163 ], [ 234.729786061350751, -540.766426396556199 ], [ 234.366928452302091, -536.850726936012506 ], [ 233.987849084705886, -534.896692239679396 ], [ 233.468836467758592, -533.059877858497202 ], [ 232.76115044098151, -531.304681078530848 ], [ 231.229460640983234, -528.436879385262728 ], [ 226.798617499789543, -521.744457530789077 ] ], [ [ 396.286590145411537, -540.921259519644082 ], [ 396.236389994981437, -541.319257316179574 ], [ 392.256723226422764, -569.248968160711229 ], [ 417.237500304056084, -554.684913198463619 ], [ 397.800510344399299, -541.308141281828284 ], [ 396.668480385684234, -540.826882576569915 ], [ 396.286590145411537, -540.921259519644082 ] ], [ [ 161.403179458178784, -545.197758268564939 ], [ 189.733725002402934, -552.67123203817755 ], [ 212.155847347639792, -557.184226819314063 ], [ 196.899962964684164, -533.991883303970098 ], [ 183.807843550624966, -537.890547530725598 ], [ 161.403179458178784, -545.197758268564939 ] ], [ [ 66.780003817837496, -415.264176444150507 ], [ 63.861165895879822, -417.500261770561337 ], [ 40.385011929489337, -449.981465300545096 ], [ 16.183358436734125, -475.299687799066305 ], [ 24.322163727832958, -481.589060201309621 ], [ 24.301594942277006, -481.779617174528539 ], [ 34.136955845986449, -477.265151835978031 ], [ 51.163968991535512, -469.173148649744689 ], [ 67.849202173440062, -461.496136871166527 ], [ 68.706033322412623, -460.998120336793363 ], [ 72.995431787148846, -457.518621257506311 ], [ 73.560747831201297, -457.246613877825439 ], [ 68.730090114857376, -419.392688946798444 ], [ 66.780003817837496, -415.264176444150507 ] ], [ [ 123.107333137068053, -421.214549479074776 ], [ 115.529256644047564, -422.358477600850165 ], [ 108.014954528398448, -423.015614712610841 ], [ 101.417999365427022, -423.230799564160407 ], [ 94.03297362257581, -422.854348887689412 ], [ 82.853605493148279, -421.588664640672505 ], [ 75.408469251920906, -419.983718267641962 ], [ 71.50135063559901, -418.981094569899142 ], [ 71.057564177111999, -418.733852638863027 ], [ 70.275033576146598, -417.982309306040406 ], [ 70.69326797721078, -418.982447013258934 ], [ 75.45967911027401, -456.332924393936992 ], [ 121.299425954111939, -435.016612578183413 ], [ 120.11026605754887, -432.298754501156509 ], [ 126.310397195420592, -429.374454515986145 ], [ 125.647598422454394, -427.969094691798091 ], [ 123.107333137068053, -421.214549479074776 ] ], [ [ 20.930425826252758, -495.292644881643355 ], [ 46.160433175706203, -500.196363382972777 ], [ 55.30176772570303, -500.05665132869035 ], [ 66.015976859003786, -497.915167151018977 ], [ 71.469336293459492, -497.47128676250577 ], [ 83.026061981256134, -494.053554868325591 ], [ 89.094308040463147, -488.783688216470182 ], [ 75.682138149501043, -464.456437184475362 ], [ 34.301078886144751, -483.81780029181391 ], [ 23.518139613554013, -489.03688499238342 ], [ 22.864510862984389, -495.090765939094126 ], [ 20.99429934897671, -494.821967440657318 ], [ 20.930425826252758, -495.292644881643355 ] ], [ [ 91.875433189501564, -489.54910886194557 ], [ 93.610377980718113, -492.359227293170989 ], [ 96.719059786006255, -500.144716143608093 ], [ 130.774483694931405, -532.483523566275835 ], [ 149.867456186704658, -512.750089473091066 ], [ 150.460618142276871, -510.675154068507254 ], [ 137.919173931439218, -491.71392344404012 ], [ 158.627381961812716, -477.342387343756855 ], [ 155.333891214437244, -472.625904219225049 ], [ 144.615874541734229, -475.696861186996102 ], [ 137.860439258394763, -477.093060025013983 ], [ 127.710741573191626, -478.208097897469997 ], [ 120.837119701673146, -479.577010551467538 ], [ 115.357024368751809, -481.312907742336392 ], [ 110.919767145154765, -483.072439447976649 ], [ 91.875433189501564, -489.54910886194557 ] ], [ [ 61.623946201310901, -506.762844678945839 ], [ 68.952443146705264, -499.678694751113653 ], [ 66.350271051511299, -499.887211465276778 ], [ 55.60417973550102, -502.035068039782345 ], [ 46.088006679174214, -502.197020018473268 ], [ 20.660648451046654, -497.277360527776182 ], [ 20.354120502377555, -499.528768448159099 ], [ 25.923504359079743, -509.988528451882303 ], [ 27.725348058538657, -512.947295390069485 ], [ 41.900566051237547, -528.589143703691661 ], [ 61.623946201310901, -506.762844678945839 ] ], [ [ 77.492890609408278, -463.599796858616173 ], [ 90.830915039248794, -487.792561534792185 ], [ 110.252391012509179, -481.187632227316499 ], [ 114.719427137728417, -479.41765158623457 ], [ 120.285928555214923, -477.654384058900177 ], [ 127.449726192617163, -476.225408901460469 ], [ 137.502839009575837, -475.12541745044291 ], [ 144.101551865209331, -473.764461493119597 ], [ 154.148238136715008, -470.885856043547392 ], [ 153.935920136082132, -470.574261059984565 ], [ 153.907434534252388, -470.092670637182891 ], [ 150.180804599804105, -464.905731912702322 ], [ 149.917406989157826, -465.096380134113133 ], [ 147.516422116501417, -461.842385718598962 ], [ 148.019423816258495, -461.500851560384035 ], [ 138.516451320721899, -447.299508620984852 ], [ 133.802685857530378, -439.933899413794279 ], [ 131.673695662626415, -437.880556243471801 ], [ 77.492890609408278, -463.599796858616173 ] ], [ [ 19.834265646422864, -395.420805270783603 ], [ 62.021126591183929, -414.65964506752789 ], [ 66.21894902474196, -413.011199926957488 ], [ 66.968102409353378, -405.253963368013501 ], [ 66.960523212857879, -401.355551400221884 ], [ 67.771267031936077, -393.733829504810274 ], [ 70.528046699375409, -371.308401253074408 ], [ 34.600994173679283, -378.180297657847404 ], [ 33.930043708993253, -378.398569367825985 ], [ 21.132679641734285, -380.847434220835567 ], [ 19.834265646422864, -395.420805270783603 ] ], [ [ 68.352654256905225, -413.464894635602832 ], [ 72.253039202549189, -417.109944709576666 ], [ 75.848871981317643, -418.033412530086935 ], [ 83.227103602102943, -419.623936297371984 ], [ 94.164569993539772, -420.85914484038949 ], [ 101.4777897276781, -421.23193522170186 ], [ 107.92158113662299, -421.018295631743968 ], [ 115.323045732196988, -420.369570448994637 ], [ 122.348776562002968, -419.30087046418339 ], [ 104.37499286914499, -374.528873601928353 ], [ 100.590338250762215, -365.460562068037689 ], [ 98.176258208930449, -366.201153327710927 ], [ 89.411615204506234, -378.402830333448946 ], [ 71.257317485195017, -406.729235447943211 ], [ 68.352654256905225, -413.464894635602832 ] ], [ [ 72.588755368058628, -370.920487931929529 ], [ 69.756000867932016, -393.97507115919143 ], [ 68.954418580729907, -401.512537277303636 ], [ 68.967580209176958, -405.296911085024476 ], [ 68.763322216032975, -407.463633401319385 ], [ 69.530029228335479, -405.719090646132827 ], [ 87.742621445808254, -377.301727753132582 ], [ 95.304145240823345, -366.772567573003471 ], [ 72.588755368058628, -370.920487931929529 ] ], [ [ 52.234420503282308, -273.023439606651664 ], [ 59.969035637817797, -298.73359852284193 ], [ 75.137451155815143, -306.554062454029918 ], [ 77.008433110937403, -306.965954668819904 ], [ 59.808016471719384, -263.597197248600423 ], [ 57.550387683373629, -265.130210424773395 ], [ 52.234420503282308, -273.023439606651664 ] ], [ [ 60.78516095908526, -301.403775440528989 ], [ 68.589376005174927, -326.866089613176882 ], [ 69.642920750218764, -331.611602962017059 ], [ 71.211906639597146, -340.067402804270387 ], [ 77.779369218198553, -330.696269020438194 ], [ 83.817098782663379, -324.650893577374518 ], [ 83.99941125057012, -324.350029284134507 ], [ 77.910058252653471, -309.211658270098269 ], [ 74.337119348947454, -308.390833611600101 ], [ 60.78516095908526, -301.403775440528989 ] ], [ [ 348.254178181903626, -370.905660852789879 ], [ 350.263260712148622, -366.65467128995806 ], [ 362.139237266506825, -341.530718334019184 ], [ 345.229197878436025, -349.376870822161436 ], [ 343.239406593582316, -344.323810684494674 ], [ 345.229106947128457, -349.376666619442403 ], [ 341.078978323548654, -353.242556558921933 ], [ 348.254178181903626, -370.905660852789879 ] ], [ [ 362.474469368658902, -340.821525658480823 ], [ 363.342285957218337, -338.985635951161385 ], [ 361.904606421669087, -339.606947787106037 ], [ 362.474469368658902, -340.821525658480823 ] ], [ [ 363.383752194349654, -338.89791299123317 ], [ 363.383752682038903, -338.89791196025908 ], [ 362.927329686819576, -337.682881667278707 ], [ 363.083161949234636, -338.09775155223906 ], [ 363.383752194349654, -338.89791299123317 ] ], [ [ 40.249673229487598, -234.075381496921182 ], [ 47.629187624885162, -237.895116197876632 ], [ 47.881487732089226, -238.081026812084019 ], [ 48.158280650226516, -238.634745777584612 ], [ 48.055956768268516, -239.245277378708124 ], [ 44.174109128467535, -246.686020544730127 ], [ 45.145009755215142, -250.376046569086611 ], [ 46.467117750480611, -254.614561573602259 ], [ 50.899631304262584, -250.993173337541521 ], [ 53.843182685253851, -248.455267237499356 ], [ 39.327307039242442, -213.000372461043298 ], [ 23.417277310565623, -172.690133350901306 ], [ 22.971504202714641, -172.900677494704723 ], [ 22.939835640756428, -172.80707732681185 ], [ 21.360290948121474, -173.260727111250162 ], [ 21.31825228966045, -173.522991228848696 ], [ 26.652995740572806, -195.101962018758059 ], [ 29.136458784023489, -201.609961066395044 ], [ 39.471221082827469, -231.244553362950683 ], [ 40.249673229487598, -234.075381496921182 ] ], [ [ 54.599885618585176, -250.442906054668128 ], [ 52.174821859958683, -252.533085898496211 ], [ 47.108896216152061, -256.671975342556834 ], [ 51.470309497437484, -270.578904774971306 ], [ 55.999942020456729, -263.85323728621006 ], [ 56.267516644047646, -263.584641258232296 ], [ 59.068941992494729, -261.682205680757761 ], [ 54.599885618585176, -250.442906054668128 ] ], [ [ 41.074743331737409, -236.753721444867551 ], [ 43.339295075526024, -243.963721646927297 ], [ 45.819493042303293, -239.209666929207742 ], [ 41.074743331737409, -236.753721444867551 ] ], [ [ 403.08799852068114, -237.851467417553067 ], [ 396.409220179837575, -228.946952697820961 ], [ 394.774915701405916, -226.654980419203639 ], [ 394.284978355051862, -226.029623498208821 ], [ 392.91768976842468, -224.604458753950894 ], [ 391.708384684834527, -223.931373153813183 ], [ 389.435963702957451, -223.549515609629452 ], [ 387.753350804932779, -224.164685940369964 ], [ 383.340063656823986, -227.818759294226766 ], [ 380.981768152449149, -229.937707223929465 ], [ 389.369617712340187, -239.793234877288342 ], [ 352.332869640178615, -257.514876425266266 ], [ 344.062033347774559, -265.910587401129305 ], [ 329.592990200661006, -279.542604116722941 ], [ 329.686825245020373, -281.918362573720515 ], [ 331.535306304454934, -283.992377564311028 ], [ 333.040042662971246, -285.250486069358885 ], [ 335.088187401435789, -285.322111364454031 ], [ 332.645201308627293, -280.87995660956949 ], [ 393.064905223429378, -246.438833243213594 ], [ 397.089281142267282, -253.333309751935303 ], [ 405.892357777469442, -248.473723337985575 ], [ 407.160367507289266, -245.763636872172356 ], [ 406.723923189721972, -243.083359058015049 ], [ 403.08799852068114, -237.851467417553067 ] ], [ [ 236.38597567022407, -641.313099155202508 ], [ 236.799563726937777, -637.682804312556982 ], [ 234.144246615951488, -637.384782594628632 ], [ 233.762579069019921, -640.574414671398699 ], [ 236.436967922059921, -640.864484148100019 ], [ 236.38597567022407, -641.313099155202508 ] ], [ [ 236.807221436329201, -637.615346586331725 ], [ 237.020392124903083, -635.73749918024987 ], [ 236.907121737282068, -636.73489042930305 ], [ 236.807221436329201, -637.615346586331725 ] ], [ [ 255.218130793478849, -637.292489104904234 ], [ 254.534936712636409, -643.616099911741912 ], [ 256.885069256659335, -643.871348195709288 ], [ 257.249804691160534, -640.865579984150827 ], [ 254.880269649202091, -640.428944889456034 ], [ 255.218130793478849, -637.292489104904234 ] ], [ [ 231.965781821738346, -640.805127003230155 ], [ 232.873980989890697, -640.916908401995897 ], [ 233.911254927174014, -641.044571506790817 ], [ 231.965781821738346, -640.805127003230155 ] ], [ [ 143.935314941190882, -397.410261475481093 ], [ 142.625968503311015, -396.154713765718043 ], [ 135.38518453517645, -385.218573505990207 ], [ 134.315729369758628, -385.79441112652421 ], [ 132.122288189864776, -383.366598480381072 ], [ 126.77783377911328, -386.285589936189353 ], [ 127.590856012215227, -389.466144239529967 ], [ 126.410996698803501, -390.100526050664485 ], [ 126.787165424317209, -393.680700569413602 ], [ 136.775170715909553, -415.521656542085111 ], [ 140.828625386890053, -423.105794411152601 ], [ 155.99005542624036, -414.599196334369481 ], [ 143.935314941190882, -397.410261475481093 ] ], [ [ 106.76385623911483, -309.342819922603667 ], [ 108.552630625359598, -308.421493468806148 ], [ 111.179052173214586, -313.183160084299743 ], [ 109.417931381403832, -314.146249454468489 ], [ 113.606215533831346, -322.029211828485131 ], [ 115.555934748632353, -321.057749680243433 ], [ 121.598669995602904, -322.240839495323598 ], [ 120.476671109498056, -330.226326409727335 ], [ 120.551118532774126, -330.337140865623951 ], [ 157.143647865523235, -317.492974875494838 ], [ 143.665724316833803, -286.577081698924303 ], [ 127.086308733236365, -292.230755474418402 ], [ 129.163665381041938, -274.971414706669748 ], [ 119.359498498219182, -273.739573861472309 ], [ 120.593283987835093, -263.602616440504789 ], [ 123.807977449841928, -263.996881387196481 ], [ 123.919379113605828, -263.909744677133858 ], [ 125.552226855330446, -250.161885738372803 ], [ 108.411116216357186, -248.108216321095824 ], [ 107.201123792759972, -247.170574503019452 ], [ 98.727076069370014, -256.21662961691618 ], [ 87.853886129907551, -245.303281146101654 ], [ 85.76357205126078, -248.679038869217038 ], [ 83.710269367933506, -252.972054955549538 ], [ 83.300651463190661, -255.909672636538744 ], [ 91.389200309302396, -276.569925124756992 ], [ 100.573104304890876, -297.864570704288781 ], [ 106.76385623911483, -309.342819922603667 ] ], [ [ 380.42522490659394, -311.186961937695742 ], [ 431.119202723662966, -287.584413848817348 ], [ 432.343401571355571, -286.077159791253507 ], [ 433.115416226723028, -281.011346535757184 ], [ 432.088449399945603, -278.244608014822006 ], [ 411.324484582768491, -253.650014113634825 ], [ 409.101496267121547, -253.460493362508714 ], [ 384.949503756175545, -267.239654122851789 ], [ 386.774520255859898, -271.859574048779905 ], [ 367.147054928216676, -280.747233124449849 ], [ 316.250300939198496, -310.097225582227111 ], [ 278.371747802350001, -327.338731244206429 ], [ 278.314988358206392, -327.44856758415699 ], [ 288.414012921197354, -344.973196557722986 ], [ 288.513473360037096, -345.022394956089556 ], [ 323.850988915763082, -329.110721089877188 ], [ 348.514039883952137, -314.889141405932605 ], [ 350.211822274000951, -319.055520541034639 ], [ 331.900712458394992, -327.600401326082647 ], [ 304.326300182548948, -342.479261458851397 ], [ 293.027849449465066, -349.591755693778396 ], [ 293.931632687121237, -351.734575784765184 ], [ 380.42522490659394, -311.186961937695742 ] ], [ [ 346.05405647850057, -552.054857606999576 ], [ 344.59372237820935, -552.085582378320396 ], [ 336.047192427311529, -554.118781323544681 ], [ 332.891600902483333, -555.047297040000558 ], [ 330.614358762746633, -557.524104254320264 ], [ 333.520366813980218, -564.678744459524751 ], [ 339.671389946790441, -584.695936028845608 ], [ 349.249002611217293, -582.854965925216675 ], [ 348.901567728824375, -576.082978079095483 ], [ 347.283432653130149, -566.512333448044956 ], [ 345.628960250474847, -558.312965741381049 ], [ 346.05405647850057, -552.054857606999576 ] ], [ [ 128.200378575684226, -243.313968227244914 ], [ 136.970585194971136, -262.44869596324861 ], [ 158.673824524055817, -241.225141319446266 ], [ 214.12175912323255, -186.398293768055737 ], [ 176.054993687090246, -150.65270759537816 ], [ 107.510492492920093, -223.325718773528934 ], [ 128.200378575684226, -243.313968227244914 ] ], [ [ 224.595179558789823, -196.227055223658681 ], [ 222.592628559321383, -195.673151353374124 ], [ 219.866101690615324, -196.181575508788228 ], [ 141.650036824816198, -273.265042481943965 ], [ 159.356418036853938, -310.151007232256234 ], [ 163.699143962061498, -319.681451451033354 ], [ 218.297769375114513, -269.299555435776711 ], [ 260.602107231221453, -230.015251688659191 ], [ 224.595179558789823, -196.227055223658681 ] ], [ [ 234.507763313988107, -395.453333335928619 ], [ 198.79730419106636, -412.494834648445249 ], [ 191.253475812985926, -417.770000332035124 ], [ 187.616714375450101, -423.212971488945186 ], [ 188.836788991473441, -425.353932414203882 ], [ 200.162233507529891, -417.839379615150392 ], [ 200.641378151212848, -418.648335513658822 ], [ 232.560542593850187, -400.640680020675063 ], [ 234.113503143271373, -398.987029259093106 ], [ 234.65758129263304, -397.338271931745112 ], [ 234.507763313988107, -395.453333335928619 ] ], [ [ 338.698673146891451, -535.270941562019289 ], [ 356.894717184133697, -530.885651510208845 ], [ 363.795598257247548, -532.488262322731316 ], [ 369.921322253625476, -532.181958482600749 ], [ 393.52500271939607, -526.810810719616711 ], [ 394.564116569175894, -525.593471791595221 ], [ 394.848487671733892, -524.046169277280569 ], [ 375.603556054820729, -478.360632064752281 ], [ 356.584440185457424, -426.979443705640733 ], [ 354.197630939675946, -429.087109183892608 ], [ 355.617961109130192, -433.50652262289077 ], [ 338.167971430098987, -440.943177395500243 ], [ 335.26114597160813, -437.810144804418087 ], [ 331.532582317082415, -437.544255805201828 ], [ 327.098086358973887, -435.499632805585861 ], [ 322.478647621626806, -428.26232526358217 ], [ 315.785725255260331, -410.851615397259593 ], [ 311.184384978987509, -414.25811765063554 ], [ 309.578640069617904, -414.89974249061197 ], [ 310.183801931820199, -416.433912205509841 ], [ 300.26419717996032, -420.402797157876194 ], [ 299.037443398150572, -422.788712587207556 ], [ 292.046610236635388, -419.299064469523728 ], [ 293.930866208680527, -415.461125697009265 ], [ 278.170657073582333, -381.821732440032065 ], [ 271.633991457880256, -384.869831533171237 ], [ 273.826160528587934, -395.243407869711518 ], [ 270.710970134961826, -396.695853441022336 ], [ 265.494271400673824, -387.738373256288469 ], [ 250.576288806008961, -394.686671525239944 ], [ 250.532056668766018, -394.827297546900809 ], [ 262.522833757931949, -415.549333645030856 ], [ 262.633227553353208, -415.566768049262464 ], [ 271.983322794912965, -411.204323317855597 ], [ 276.369285963639413, -418.772900493815541 ], [ 267.528655148544203, -436.404373364523053 ], [ 276.67375859141066, -449.649445183575153 ], [ 276.825129518731046, -449.615910178050399 ], [ 290.527591188081715, -422.32486185990274 ], [ 297.509098440261369, -425.824787475168705 ], [ 286.721479585272391, -447.325258797965944 ], [ 289.19845585267467, -453.609131809324026 ], [ 288.547401310854184, -454.271274754777551 ], [ 281.827455028820623, -468.887421116232872 ], [ 315.023141935676904, -480.766501012258232 ], [ 339.005232946827164, -490.107947918586433 ], [ 335.955786407117557, -503.894665801897645 ], [ 335.482828189396969, -506.615307782776654 ], [ 335.235636608776986, -513.593844536691904 ], [ 337.012496962970545, -514.338782610371709 ], [ 336.622881746085113, -516.787953013554215 ], [ 336.507069309665894, -516.90886559151113 ], [ 336.778958310309463, -518.719622901640832 ], [ 336.883088317048532, -518.774093342013657 ], [ 337.603061821797382, -518.667960048653185 ], [ 338.525247670713725, -534.506953611969948 ], [ 338.634463608565056, -534.599621713161469 ], [ 338.698673146891451, -535.270941562019289 ] ], [ [ 341.798044101326013, -389.89091008529067 ], [ 341.144884496448867, -388.341686574742198 ], [ 339.402604485665506, -388.478874733671546 ], [ 312.937021020474276, -400.850664258934557 ], [ 309.142844506110123, -403.236585720442235 ], [ 306.712813420072052, -405.013100975193083 ], [ 305.846407134351466, -406.217153566889465 ], [ 304.926138431696018, -408.021192451938987 ], [ 304.696090505798566, -409.808081685565412 ], [ 304.94655409263396, -411.836614800617099 ], [ 308.351886494625433, -410.515007098205388 ], [ 330.250453153612398, -395.303145762532949 ], [ 341.798044101326013, -389.89091008529067 ] ], [ [ 139.480701842247072, -366.994037084281445 ], [ 155.112242207114832, -392.038106692023575 ], [ 156.064419602336784, -391.44429037719965 ], [ 164.658930358431462, -404.555356322787702 ], [ 163.675048895887812, -405.071827596984804 ], [ 164.368836231618843, -406.556602408178151 ], [ 164.484405356321076, -406.577931649982929 ], [ 165.814179770082774, -405.942388433031738 ], [ 168.013995159082697, -408.873051028698683 ], [ 170.983117441190188, -408.26540843769908 ], [ 222.840604735916713, -384.131436122581363 ], [ 222.975782794454062, -384.178749806247652 ], [ 229.028254310316697, -381.163122734986246 ], [ 229.047760773868504, -381.047231289558113 ], [ 225.161060442498638, -373.233762128278613 ], [ 229.192930467599581, -371.228213111869991 ], [ 229.237918817985701, -371.094198871403933 ], [ 226.522535353593412, -365.64454547688365 ], [ 226.406635381626984, -365.625039187259972 ], [ 222.445959911456157, -367.595544100739062 ], [ 221.411505291933281, -364.114604624919593 ], [ 255.605772097424051, -340.249738472513855 ], [ 255.644213095250961, -340.13868511095643 ], [ 245.754085017220859, -325.95694596413523 ], [ 247.768928779707494, -324.298766657710075 ], [ 247.778792959466955, -324.153701668605208 ], [ 217.931481107278159, -291.943296159617603 ], [ 201.780198513930372, -306.599026166833937 ], [ 229.012404560589857, -337.41337014362216 ], [ 211.392948117971173, -349.718527040444314 ], [ 210.764615586665968, -348.819161187857389 ], [ 210.653556130826473, -348.780780024826527 ], [ 205.712723374983398, -352.225274180993438 ], [ 202.215744614064533, -346.491265614517033 ], [ 192.885838638121641, -353.508717272430658 ], [ 175.987842782120424, -332.639435472898185 ], [ 150.450746666665509, -355.650217112153769 ], [ 149.756815596889282, -354.538300928659737 ], [ 149.60441551549593, -354.517578043043613 ], [ 138.203038652573014, -364.981676707044244 ], [ 138.188226721476894, -365.111914999783039 ], [ 139.480701842247072, -366.994037084281445 ] ], [ [ 374.458268325468453, -217.149610582739115 ], [ 340.524043152017839, -179.149316873401403 ], [ 324.123107577948758, -193.801625131629407 ], [ 300.415867817666367, -215.756052604876459 ], [ 298.980123603254469, -218.32354565244168 ], [ 333.044806914762376, -254.280325984582305 ], [ 357.920085774452673, -232.265976253896952 ], [ 358.063445602660067, -232.277526657097042 ], [ 369.678381775547678, -222.050134767778218 ], [ 369.679986670829749, -221.900677198544145 ], [ 374.458268325468453, -217.149610582739115 ] ], [ [ 277.916623670789704, -236.587754661217332 ], [ 275.65526500870692, -238.484053377993405 ], [ 275.508209690937292, -238.477332772687078 ], [ 262.477862883351918, -251.332167481072247 ], [ 262.478366221699616, -251.474988866597414 ], [ 262.956213875791946, -251.939799880608916 ], [ 247.871401131224047, -265.577067143283784 ], [ 247.513610214060463, -265.189295198768377 ], [ 247.396834538370967, -265.201835899613798 ], [ 231.25912695608713, -279.785870043560863 ], [ 231.252333370297492, -279.927446194924414 ], [ 222.408163759258969, -288.003646824508905 ], [ 249.23659247690739, -316.523979119025171 ], [ 250.805152080729385, -315.103178978897631 ], [ 248.096492994058281, -310.22485851123929 ], [ 247.903359356569126, -307.876678291708231 ], [ 294.372524280412108, -264.900168428197503 ], [ 297.085693007449663, -268.268697570078075 ], [ 302.322823154674552, -274.157737982459366 ], [ 295.228543144912692, -281.328250424936414 ], [ 298.654155659547541, -284.652605749666691 ], [ 282.327385073815094, -300.442978895269334 ], [ 274.729336348224024, -307.220708181150258 ], [ 277.098030606201064, -311.109176789410412 ], [ 326.035668517040904, -287.929063295945525 ], [ 323.413125690860397, -285.039901671931148 ], [ 319.920323125314098, -288.405943156220019 ], [ 298.892773462610421, -266.571380493231118 ], [ 302.423288343048625, -263.257059131748974 ], [ 277.916623670789704, -236.587754661217332 ] ], [ [ 311.803514190958595, -511.015436314977705 ], [ 321.720284517341497, -511.837382009252906 ], [ 329.561671401745116, -511.944061453454196 ], [ 330.542121643020437, -511.277461620979011 ], [ 331.114129213945489, -510.413469408638775 ], [ 333.16594786125097, -494.904011987149715 ], [ 332.150257391929699, -493.696803826838732 ], [ 319.721459648344535, -488.879911227151752 ], [ 318.432626701614936, -488.924313269555569 ], [ 317.499805845982337, -489.353886875323951 ], [ 316.784567976363178, -490.511668113060296 ], [ 310.658676519495202, -508.713733880780637 ], [ 310.9016195969416, -510.060482194647193 ], [ 311.803514190958595, -511.015436314977705 ] ], [ [ 223.192020736656559, -415.208370848558843 ], [ 239.638039145125731, -440.856585221365094 ], [ 245.181825018116797, -437.342150883749127 ], [ 262.002954645238788, -463.552506695501506 ], [ 267.831428957335447, -465.640486381016672 ], [ 273.364418012963142, -456.709006682038307 ], [ 254.585634683569879, -429.120212136767805 ], [ 248.780210259379601, -421.082349537871778 ], [ 241.875619551999989, -426.137952389195561 ], [ 230.980076096331686, -410.021183307282627 ], [ 223.415549831130193, -414.148668391630054 ], [ 223.192020736656559, -415.208370848558843 ] ], [ [ 311.354437123722164, -540.808418056927621 ], [ 328.982894235559797, -536.789913912303746 ], [ 324.779225585356471, -518.066910368390381 ], [ 324.659714160663498, -517.991390538401902 ], [ 300.787766336963614, -523.375555701553822 ], [ 311.451538471825188, -489.907224372029305 ], [ 289.79830428943751, -482.971652209758759 ], [ 278.506389439913619, -518.2102443696931 ], [ 278.576844097629873, -518.337490350939333 ], [ 284.026189331598289, -519.731628906913102 ], [ 282.791605459082348, -524.554819652810693 ], [ 277.613324247389755, -523.229845441877842 ], [ 277.504095904221685, -523.273196842521429 ], [ 270.706525093128221, -549.886348384432495 ], [ 270.822987664170796, -549.951162779703736 ], [ 311.354437123722164, -540.808418056927621 ] ], [ [ 475.158476345524832, -516.335451859049499 ], [ 485.488051669084598, -514.976974659599364 ], [ 485.543339944602849, -514.871358442120254 ], [ 485.253729487940291, -513.036949798464775 ], [ 490.495853310712846, -512.357992147095501 ], [ 490.524209552586399, -514.258617644198239 ], [ 490.637126347211961, -514.356248237192631 ], [ 498.671458133749184, -513.288960434496403 ], [ 498.422567712694217, -497.057499934919178 ], [ 490.298650914701284, -498.079228259623051 ], [ 490.392671878282272, -506.118407877162099 ], [ 484.285783988185358, -506.913713701069355 ], [ 483.356823910060484, -501.073406741023064 ], [ 483.275432806229219, -500.990658367983997 ], [ 473.625299310100672, -502.31925824470818 ], [ 475.046069357129454, -516.246760330162942 ], [ 475.158476345524832, -516.335451859049499 ] ], [ [ 285.232757388173923, -378.450546866282821 ], [ 295.177872532789479, -399.729215642437339 ], [ 295.280659636424389, -399.786104458384216 ], [ 302.919142595181256, -396.181261951103806 ], [ 298.761939856141908, -387.247186658903956 ], [ 325.602841505255128, -374.711716660298407 ], [ 329.794711320691931, -383.629696100018919 ], [ 337.428494145533477, -380.097656257450581 ], [ 337.485279904274648, -379.994847431778908 ], [ 327.53152097668135, -358.686142018064857 ], [ 327.428696227503679, -358.629257849417627 ], [ 285.281002155797978, -378.317653275094926 ], [ 285.232757388173923, -378.450546866282821 ] ], [ [ 226.420948552824484, -449.082006060518324 ], [ 216.67914521091916, -455.487040909007192 ], [ 195.502392054184384, -423.311819976195693 ], [ 195.385000372853028, -423.306376202963293 ], [ 189.769078786923274, -427.001704438589513 ], [ 189.740519995264549, -427.140163383446634 ], [ 190.496977336340933, -428.289758810773492 ], [ 187.751934445299412, -430.119516651146114 ], [ 190.263041842346865, -434.010055981576443 ], [ 187.595802687132164, -435.765298602171242 ], [ 187.567246528482428, -435.903753242455423 ], [ 205.353078934444056, -462.934318913146853 ], [ 204.13190523330195, -463.749462747946382 ], [ 204.103895084366741, -463.887555180117488 ], [ 215.734220600670596, -481.563202563673258 ], [ 215.874532659094257, -481.590514039620757 ], [ 217.007601176559547, -480.808100911788642 ], [ 226.880801515446365, -495.043090199120343 ], [ 229.74051510251229, -497.332035171799362 ], [ 232.988821601562449, -499.09751307964325 ], [ 236.543440734136311, -500.25682123657316 ], [ 240.142947415664821, -500.768100786022842 ], [ 243.678296708596463, -500.646242779679596 ], [ 246.997020207576497, -499.97150123398751 ], [ 250.158426595793571, -498.76681160274893 ], [ 253.219610639744133, -496.954154775477946 ], [ 255.996394654161122, -494.606768219731748 ], [ 258.348431994452767, -491.721459187567234 ], [ 260.154103403589033, -488.490070262923837 ], [ 261.345441385821687, -485.044623430818319 ], [ 261.896022571811045, -481.539598624221981 ], [ 261.747095034299491, -478.12856082431972 ], [ 261.649159864584362, -478.063613482750952 ], [ 244.74622624726544, -478.789568265900016 ], [ 245.275315666351162, -478.425084551796317 ], [ 245.300857225029176, -478.285949447192252 ], [ 239.148542589698991, -469.378678653389215 ], [ 240.867038935006349, -468.192185940220952 ], [ 240.89376518850986, -468.054994612000883 ], [ 235.073646228847792, -459.204941138625145 ], [ 234.93520728304793, -459.176338081248105 ], [ 233.717558929614825, -459.976859650574625 ], [ 226.559347451233407, -449.110542316921055 ], [ 226.420948552824484, -449.082006060518324 ] ] ], [ [ [ 53.05279531782071, -645.675999999977648 ], [ 37.869655981141477, -637.215157275088131 ], [ 35.686821223252991, -636.105827975086868 ], [ 33.880875058643142, -636.078061552718282 ], [ 32.159142787939345, -636.449322953820229 ], [ 30.421134045647705, -635.954286882653832 ], [ 29.003198308728315, -634.903196354396641 ], [ 27.838934067965965, -632.476543446071446 ], [ 26.961774968154714, -630.879273132421076 ], [ 21.502858408150132, -626.042698162607849 ], [ 21.823887244692742, -625.709823753684759 ], [ 21.804599173792667, -625.593875121325254 ], [ 10.121105934642401, -614.093915279954672 ], [ 9.979368258604154, -614.095411421731114 ], [ 9.519522243532265, -614.567555031739175 ], [ 5.632299999915631, -610.791443089023232 ], [ 5.632300000037503, -603.845559102483094 ], [ 28.30996189535108, -625.639107583090663 ], [ 64.077744497537424, -645.675999999977648 ], [ 53.05279531782071, -645.675999999977648 ] ] ], [ [ [ 5.632300000062969, -632.382321105338633 ], [ 9.609514644078445, -636.780293175950646 ], [ 17.28310441150461, -645.675999999977648 ], [ 5.632299999904717, -645.675999999977648 ], [ 5.632300000062969, -632.382321105338633 ] ] ], [ [ [ 416.253226141241612, -645.675999999977648 ], [ 429.055980218789045, -635.423916016705334 ], [ 460.257598005224281, -608.695450990460813 ], [ 465.76134305206142, -605.494433795101941 ], [ 467.390561395433906, -608.2446617661044 ], [ 467.827493785231127, -608.096691350452602 ], [ 468.138969803423606, -608.125023078173399 ], [ 468.661782537641557, -608.454221385531127 ], [ 468.821942700466025, -608.722863745875657 ], [ 468.862917287169694, -609.339326047338545 ], [ 468.739720833025785, -609.626802359707654 ], [ 468.511085211594036, -609.880998334847391 ], [ 470.139287916452304, -611.956432573497295 ], [ 460.871354688264546, -619.243829415179789 ], [ 449.320958237120067, -628.878714660182595 ], [ 434.364111772407341, -641.135011991485953 ], [ 428.981452025418548, -645.675999999977648 ], [ 416.253226141241612, -645.675999999977648 ] ] ], [ [ [ 436.409783304899975, -645.675999999977648 ], [ 452.447380458681437, -631.487220610491931 ], [ 472.771670883743354, -614.066521044820547 ], [ 498.407513952743102, -639.98781318962574 ], [ 501.348975441273069, -636.867282365448773 ], [ 505.632300000075702, -632.777935152873397 ], [ 505.632300000077521, -645.675999999977648 ], [ 480.902031806606828, -645.675999999977648 ], [ 488.210217285766703, -638.508136433549225 ], [ 470.909013405154838, -620.813424527645111 ], [ 451.525527123189022, -639.743192820809782 ], [ 451.524118314497173, -639.88460951577872 ], [ 451.933523282437818, -640.301953826099634 ], [ 446.905971850512287, -645.253260307945311 ], [ 447.318809493384833, -645.675999999046326 ], [ 436.409783304899975, -645.675999999977648 ] ] ], [ [ [ 460.445355387661039, -145.676000000908971 ], [ 463.705998616054785, -148.118333606980741 ], [ 465.123681452341771, -145.675999999977648 ], [ 477.759384945344209, -145.675999999977648 ], [ 471.626253295669812, -154.137041386216879 ], [ 476.533551003954926, -156.671901782974601 ], [ 475.551076682821076, -158.138299408368766 ], [ 475.887570095634146, -158.496492834761739 ], [ 475.987082108715185, -158.793001560494304 ], [ 475.896320876299797, -159.404121309518814 ], [ 475.714931972965132, -159.658911677077413 ], [ 475.167177597435511, -159.944691471755505 ], [ 474.854430139608667, -159.94770678319037 ], [ 474.440185461222427, -159.796290634199977 ], [ 471.6140098850301, -164.014133359305561 ], [ 471.484664628304017, -164.031377896666527 ], [ 466.342790088347101, -159.424053858965635 ], [ 462.870742409331797, -163.891747722402215 ], [ 462.50951661268482, -165.367567168548703 ], [ 463.296071960450718, -167.155912827700377 ], [ 467.779946860393466, -170.336082440800965 ], [ 467.811228863349243, -170.479132486507297 ], [ 489.386398273392842, -183.310312163084745 ], [ 472.870455690042945, -202.037511362694204 ], [ 471.605472037175787, -200.778605963103473 ], [ 471.464091581063258, -200.778954320587218 ], [ 461.534625851945748, -210.758583798073232 ], [ 437.98479977092029, -187.327522223815322 ], [ 461.205470263892494, -157.611156759783626 ], [ 461.954749710066608, -155.491264586336911 ], [ 448.585241258935639, -145.675999999977648 ], [ 460.445355387661039, -145.676000000908971 ] ] ], [ [ [ 505.63230000006115, -236.466437024064362 ], [ 504.857264197897166, -235.685314971022308 ], [ 500.837904069010619, -232.972813439555466 ], [ 501.270032737178553, -232.327710812911391 ], [ 498.825636501218469, -230.690337709151208 ], [ 480.733528485250645, -217.119460116140544 ], [ 498.334408080039793, -196.850112759508193 ], [ 498.854495260535259, -197.5938566243276 ], [ 501.97573325223857, -196.29256023094058 ], [ 505.632300000048417, -196.873653365299106 ], [ 505.632299999984753, -202.470257202163339 ], [ 503.540687448930839, -201.102698137052357 ], [ 500.685816224173323, -201.326195559464395 ], [ 496.460909411762259, -206.070408555679023 ], [ 505.632299999921088, -213.381056893616915 ], [ 505.63230000006115, -236.466437024064362 ] ] ] ] } },
{ "type": "Feature", "properties": { }, "geometry": { "type": "MultiPolygon", "coordinates": [ [ [ [ 124.330961083116563, -1145.675999999977648 ], [ 119.57797127197955, -1138.614160379394889 ], [ 119.363071743748151, -1138.735194777138531 ], [ 116.728573410327954, -1138.999007910490036 ], [ 100.83450331262793, -1145.675999999977648 ], [ 69.886949080217164, -1145.675999999977648 ], [ 89.895505855922238, -1136.593685545958579 ], [ 87.473550181688552, -1132.211004213429987 ], [ 89.324116886285992, -1131.427467364817858 ], [ 91.740765458005626, -1135.799192680045962 ], [ 105.57429975533887, -1130.163468156941235 ], [ 106.471572303094945, -1129.343048059381545 ], [ 106.755006105955545, -1127.436467984691262 ], [ 106.184651358467818, -1125.199495946988463 ], [ 76.230512783216909, -1088.891750397160649 ], [ 75.631691118374874, -1089.307406600564718 ], [ 72.63973424462165, -1085.763621285557747 ], [ 71.214719103227253, -1087.781318266876042 ], [ 71.326271348027149, -1089.537460265681148 ], [ 79.02149322448895, -1099.59814346767962 ], [ 78.546271837942186, -1101.049849377013743 ], [ 70.531742401257361, -1107.295606720261276 ], [ 65.290509827800634, -1111.27187282871455 ], [ 34.400774155470572, -1091.577779571525753 ], [ 31.998903785703078, -1095.162742898799479 ], [ 59.480165011445933, -1125.731582827866077 ], [ 60.959267314947283, -1127.517890823073685 ], [ 62.882624405798197, -1130.646944938227534 ], [ 64.447644358197067, -1138.16185948997736 ], [ 64.230445546290866, -1141.67445661034435 ], [ 63.123932578009772, -1145.675999999977648 ], [ 55.091334895980253, -1145.675999999977648 ], [ 58.408353742923282, -1139.622789492830634 ], [ 57.813801595948462, -1135.913768070749938 ], [ 55.603813339848784, -1132.30258118826896 ], [ 39.364825907663544, -1145.675999999977648 ], [ 38.655100564974418, -1145.675999999977648 ], [ 29.427591290874261, -1134.293492747470737 ], [ 5.632299999993847, -1119.49360266700387 ], [ 5.632300000026589, -1087.537827681750059 ], [ 23.892704511885313, -1099.19076359923929 ], [ 24.00209160749182, -1099.147770889103413 ], [ 32.981192995392121, -1085.049707978032529 ], [ 5.632300000073883, -1067.556476978585124 ], [ 5.632299999997485, -1061.024264700710773 ], [ 14.362056573776499, -1046.91119631472975 ], [ 14.353326028091033, -1046.79400490783155 ], [ 5.63229999998839, -1041.39749553706497 ], [ 5.632299999930183, -932.156096348538995 ], [ 5.786437810169446, -932.326778317801654 ], [ 8.568570114346585, -929.815327330492437 ], [ 7.306988651946085, -928.378169708885252 ], [ 10.849561470922708, -925.268421759828925 ], [ 12.024407727059952, -926.60680416226387 ], [ 21.376230256964845, -917.924237838946283 ], [ 28.801863241867977, -910.840208298526704 ], [ 25.519199368238333, -910.053152070380747 ], [ 5.632299999992028, -908.496594917029142 ], [ 5.632299999968382, -906.49111245945096 ], [ 25.753697446562001, -908.066075334325433 ], [ 30.75814451313272, -909.253270617686212 ], [ 31.726274832662966, -908.467922155745327 ], [ 33.169212316679477, -907.081527748145163 ], [ 23.089383167172855, -895.523236748762429 ], [ 16.894418997408138, -888.23645512200892 ], [ 17.557247926799391, -887.481813207268715 ], [ 13.036582489172361, -882.22912719193846 ], [ 12.933479811335928, -882.310456450097263 ], [ 12.729956660332391, -882.078634813427925 ], [ 5.63230000007934, -888.206477974541485 ], [ 5.632299999982934, -885.558162148110569 ], [ 11.410742879093959, -880.575993473641574 ], [ 11.086338846685976, -880.206483301706612 ], [ 11.199171214268063, -880.094132755883038 ], [ 5.63230000004296, -873.625516212545335 ], [ 5.632300000041141, -841.485796649940312 ], [ 50.017574450212123, -891.688508198596537 ], [ 127.612978659730288, -820.620032459497452 ], [ 127.620353938258631, -820.480128294788301 ], [ 77.106253802607171, -763.382463998161256 ], [ 5.632300000077521, -826.556236962787807 ], [ 5.632299999939278, -785.883487161248922 ], [ 11.114522439973371, -780.722333245910704 ], [ 20.716984872229659, -771.430962137877941 ], [ 27.920012504439001, -764.072705551981926 ], [ 34.581566319744525, -758.012046391144395 ], [ 40.51610420815814, -752.268236865289509 ], [ 40.967138130947205, -752.202474723570049 ], [ 42.648853976128521, -750.67245532758534 ], [ 46.245778042810343, -749.235084788873792 ], [ 46.202066254545571, -748.640083928592503 ], [ 50.35742236362421, -745.673929315060377 ], [ 50.850339738895855, -745.615930672734976 ], [ 51.384154076271443, -745.430719583295286 ], [ 55.093161882447021, -741.81304420158267 ], [ 54.846419737297765, -739.806321266107261 ], [ 50.741248321362946, -734.737470626831055 ], [ 45.139401559190446, -739.312142604030669 ], [ 6.560601932798818, -777.465004058554769 ], [ 5.632300000019313, -778.379311548545957 ], [ 5.632299999913812, -774.738318156450987 ], [ 5.984033883745724, -775.223535617813468 ], [ 42.685898314228325, -738.926669254899025 ], [ 34.21985324569323, -735.515180176123977 ], [ 5.632300000004761, -731.109581163153052 ], [ 5.632299999941097, -729.069186537526548 ], [ 34.639430463315875, -733.556992046535015 ], [ 41.700878019688389, -736.374209159053862 ], [ 41.096962165329387, -735.517462218180299 ], [ 5.632300000057512, -693.678044397383928 ], [ 5.632299999915631, -690.586007499136031 ], [ 42.650917184668288, -734.258703141473234 ], [ 44.669103148784416, -737.114922948181629 ], [ 49.478856192858075, -733.187103535979986 ], [ 49.190789081236289, -732.833322993479669 ], [ 50.685424121891629, -730.738774369470775 ], [ 50.937372185600907, -730.103657260537148 ], [ 50.906013158904898, -729.128063500858843 ], [ 49.599905682996905, -727.021701572462916 ], [ 5.632299999941097, -676.821826324798167 ], [ 5.632299999904717, -645.675999999977648 ], [ 17.28310441150461, -645.675999999977648 ], [ 26.218295817603575, -656.034234618768096 ], [ 43.234865534464916, -675.539554418995976 ], [ 53.199123741225776, -673.526907755993307 ], [ 91.404594951842228, -667.251429188996553 ], [ 78.920501142927606, -660.008628660812974 ], [ 71.633594462289693, -656.030197230167687 ], [ 53.05279531782071, -645.675999999977648 ], [ 64.077744497537424, -645.675999999977648 ], [ 105.244528187782635, -668.737379709258676 ], [ 127.19899325364895, -674.752973161637783 ], [ 228.538309733929054, -692.002473863773048 ], [ 235.10974860339411, -647.051709296181798 ], [ 229.769448921006187, -646.335760139860213 ], [ 229.781304821752201, -646.238559782505035 ], [ 226.013110047817463, -645.675999999046326 ], [ 260.884919635092956, -645.675999999977648 ], [ 260.275219283410479, -650.62737294845283 ], [ 253.637703018937827, -649.6823362223804 ], [ 246.867153450642945, -695.117025185376406 ], [ 321.855866966070607, -707.87835347559303 ], [ 336.444432097108802, -698.284338229335845 ], [ 338.256974447771427, -700.820139977149665 ], [ 341.813725232867, -698.590782035142183 ], [ 340.104056638903785, -695.886392971500754 ], [ 357.713418068755345, -684.306139777414501 ], [ 359.5921716368739, -686.82179781422019 ], [ 367.081483123931321, -681.803365091793239 ], [ 365.26950793607466, -679.36074089910835 ], [ 381.68094880897479, -668.387324890121818 ], [ 402.812070571913864, -656.439297872595489 ], [ 416.253226141241612, -645.675999999977648 ], [ 428.981452025418548, -645.675999999977648 ], [ 423.393058156081679, -650.390552050434053 ], [ 416.674344365383149, -655.183291479945183 ], [ 414.545035394137813, -657.149377048015594 ], [ 408.834343721064215, -665.579579493030906 ], [ 403.837566470661841, -668.117829079739749 ], [ 395.820058534112832, -670.180701222270727 ], [ 394.181700381275732, -671.238141115754843 ], [ 393.23786971842128, -674.888339893892407 ], [ 394.593723308191329, -676.790214174427092 ], [ 394.638156913293642, -675.059062713757157 ], [ 395.130181745542359, -673.298905174247921 ], [ 395.908165360224302, -672.416110471822321 ], [ 401.720892327015463, -671.255249740555882 ], [ 407.903516350972495, -670.28105085901916 ], [ 417.630893736028156, -661.760385751724243 ], [ 421.080643227282053, -659.132998338900506 ], [ 425.160396243107243, -655.172811294905841 ], [ 432.2534821404588, -649.353161843493581 ], [ 436.409783304899975, -645.675999999977648 ], [ 447.318809493384833, -645.675999999046326 ], [ 463.697162145852417, -662.447192926891148 ], [ 463.813415561151487, -662.430010790005326 ], [ 468.883816200597721, -657.463458052836359 ], [ 480.902031806606828, -645.675999999977648 ], [ 505.632300000077521, -645.675999999977648 ], [ 505.632300000001123, -720.781553755514324 ], [ 489.567055600278763, -702.685065883211792 ], [ 489.452278095421207, -702.659857803024352 ], [ 483.934229926975604, -707.554370789788663 ], [ 483.909016436278762, -707.669149653054774 ], [ 501.468216910918272, -727.447009572759271 ], [ 501.17387001127463, -749.585823090746999 ], [ 505.632299999975658, -749.673511923290789 ], [ 505.632299999995666, -834.420218091458082 ], [ 492.151914650225081, -833.925695731304586 ], [ 492.026486164984817, -830.585391825065017 ], [ 491.272527355640705, -828.733942622318864 ], [ 489.513072751860818, -827.242518006823957 ], [ 487.831963510669084, -826.927939303219318 ], [ 486.319520828676104, -826.960335221141577 ], [ 485.316550553741763, -827.235670714639127 ], [ 484.534435081035554, -827.621769254095852 ], [ 483.549417196612922, -828.487480297684669 ], [ 482.95755047496823, -829.191479108296335 ], [ 482.480473990050086, -830.460982224904001 ], [ 485.13223841805484, -833.591607565060258 ], [ 488.438512695518511, -832.828938634134829 ], [ 493.38331606619613, -837.618086317554116 ], [ 493.743415056018421, -837.829329440370202 ], [ 495.048919865015705, -839.231259171850979 ], [ 505.632300000044779, -849.481488888151944 ], [ 505.632300000028408, -907.319517724215984 ], [ 504.232334072603408, -905.699231781065464 ], [ 504.091291830065529, -905.688984303735197 ], [ 503.185771271348131, -906.47229562792927 ], [ 503.231346706557815, -905.736039353534579 ], [ 502.977392017042803, -904.926152052357793 ], [ 502.445213908820733, -904.220787504687905 ], [ 501.703481337808626, -903.740918584167957 ], [ 500.842283169551592, -903.542459146119654 ], [ 499.93302378988119, -903.661704637110233 ], [ 499.151400089936942, -904.073415431194007 ], [ 498.577044518946423, -904.699145733378828 ], [ 498.22555646305409, -905.546247761696577 ], [ 498.187576717140473, -906.395107511430979 ], [ 498.249695172406064, -906.630482711829245 ], [ 497.028099480407036, -905.217766082845628 ], [ 496.887098624578357, -905.20753500238061 ], [ 482.655521671627866, -917.513291476294398 ], [ 482.645294395357269, -917.654299713671207 ], [ 505.632299999992028, -944.234376361593604 ], [ 505.63230000002477, -965.451705487444997 ], [ 494.824460080586505, -953.01247694157064 ], [ 469.456420543534477, -936.366581503301859 ], [ 444.134732348740727, -974.837336857803166 ], [ 436.498201905857059, -965.724619286134839 ], [ 427.711117101656782, -973.493019247427583 ], [ 437.707101364310802, -984.825939923524857 ], [ 437.845229602135078, -984.837137898430228 ], [ 439.822798694915036, -983.22169938031584 ], [ 450.559858639013328, -992.896026358939707 ], [ 448.63855925585267, -994.584727896377444 ], [ 451.240748716458256, -997.670494437217712 ], [ 450.550636837902857, -998.647495344281197 ], [ 451.519031472222196, -1000.246509222313762 ], [ 452.543373697440984, -1000.756233645603061 ], [ 453.864577800377447, -1000.786168075166643 ], [ 456.105579811219286, -998.55837513320148 ], [ 457.575225883931125, -1000.024277591146529 ], [ 454.256548193472554, -1003.353193795308471 ], [ 454.250857905699377, -1003.48813833668828 ], [ 483.784141575872127, -1038.581711142323911 ], [ 483.897455960859588, -1038.610278432257473 ], [ 484.319017650286696, -1038.269008664414287 ], [ 485.757590119059387, -1040.25929952505976 ], [ 499.888224765471023, -1056.313449671491981 ], [ 502.518089431699991, -1059.178145250305533 ], [ 505.632300000019313, -1062.761954290792346 ], [ 505.632299999932002, -1076.511856337077916 ], [ 471.605255845661304, -1037.562747213058174 ], [ 446.726757615650058, -1008.955323351547122 ], [ 404.304594396255197, -1048.0899713691324 ], [ 423.013823768416842, -1069.851508533582091 ], [ 417.676674478978384, -1074.511429689824581 ], [ 417.66716630029623, -1074.652533014304936 ], [ 464.63435845949607, -1128.345492920838296 ], [ 505.632299999955649, -1117.722928866744041 ], [ 505.632300000013856, -1145.675999999977648 ], [ 427.705454266208108, -1145.675999999977648 ], [ 395.026209736943201, -1108.163097294978797 ], [ 374.002174606292101, -1084.237337164580822 ], [ 368.666050542775338, -1079.375550709664822 ], [ 365.551912679789893, -1080.316928458400071 ], [ 365.38445038939426, -1082.471856950782239 ], [ 367.114911891960219, -1086.333768113516271 ], [ 376.922291764247348, -1102.997231037355959 ], [ 378.885698098674766, -1104.806208599358797 ], [ 382.858588094952211, -1106.387885847128928 ], [ 387.806656445995031, -1106.145967408083379 ], [ 391.385196564822763, -1109.921453923918307 ], [ 402.439894084458501, -1129.950899047777057 ], [ 407.056591500795548, -1127.654814410954714 ], [ 417.152864650795891, -1145.675999999977648 ], [ 405.107298369959608, -1145.675999999977648 ], [ 386.775106901108302, -1112.515992436558008 ], [ 386.658453738207754, -1112.501555598340929 ], [ 378.981796024507275, -1116.748803948052227 ], [ 359.447829326116334, -1081.443362474441528 ], [ 348.62810150374753, -1087.372573418542743 ], [ 348.610269805018106, -1087.547021795995533 ], [ 347.210782238034881, -1089.386015020310879 ], [ 345.825807018567502, -1094.924617341719568 ], [ 345.719470804460798, -1099.569860864430666 ], [ 346.372975955571746, -1105.807972054928541 ], [ 349.048413533104394, -1113.677939380519092 ], [ 354.602857760390179, -1113.79436885099858 ], [ 359.671246581116065, -1130.701099097728729 ], [ 355.249004199778938, -1133.437167642638087 ], [ 362.5805436935334, -1145.675999999977648 ], [ 351.24512503916776, -1145.675999999977648 ], [ 348.274776215459497, -1141.284814453683794 ], [ 348.136068608710048, -1141.257952899672091 ], [ 346.812573588174928, -1142.150803474709392 ], [ 345.524983498344227, -1140.316908755339682 ], [ 341.7467388455334, -1142.850675891153514 ], [ 341.74264002939708, -1142.968073843978345 ], [ 342.949928118239768, -1144.759054911322892 ], [ 342.845248608220572, -1144.829926054924726 ], [ 341.560504975328513, -1143.065448093228042 ], [ 337.854478283608842, -1145.676000001840293 ], [ 321.843929462456799, -1145.675999999977648 ], [ 343.27177379686691, -1129.643142934888601 ], [ 340.425249665830052, -1114.986236162483692 ], [ 329.686342682629402, -1070.319719709455967 ], [ 310.868322561944296, -1080.801207956857979 ], [ 284.215718276200278, -1031.107845643535256 ], [ 280.390796820413016, -1024.407420261763036 ], [ 288.21911552570964, -1020.400297926738858 ], [ 315.695324794298358, -1069.939022263512015 ], [ 315.811991445643798, -1069.953304378315806 ], [ 326.811149063318226, -1063.843736490234733 ], [ 326.82543118002468, -1063.727109191939235 ], [ 296.949511942582831, -1009.855877703055739 ], [ 296.81359725465154, -1009.81694389693439 ], [ 293.390698443845395, -1011.715739251114428 ], [ 292.819764335219588, -1010.6848214417696 ], [ 292.713129455518356, -1010.635144866071641 ], [ 290.441720602180794, -1011.893044458702207 ], [ 290.572652194932743, -1011.629264079965651 ], [ 290.647631402644038, -1010.915147229097784 ], [ 290.398955029470017, -1010.149261181242764 ], [ 289.991993468436704, -1009.672751740552485 ], [ 289.484698723807014, -1009.375255863182247 ], [ 288.816830184539867, -1009.252038549631834 ], [ 288.193052565156904, -1009.363560250028968 ], [ 287.625752269510485, -1009.697414284572005 ], [ 287.270268874697649, -1010.110688540153205 ], [ 287.11743761485377, -1010.418301774188876 ], [ 286.775922541743057, -1010.607346529141068 ], [ 282.284898146104752, -1002.504560810513794 ], [ 283.888566092531619, -1001.615026228129864 ], [ 283.938205032154656, -1001.508531292900443 ], [ 279.603491040445078, -993.677682171575725 ], [ 279.467605941703368, -993.638703729957342 ], [ 277.864028457870518, -994.52726461365819 ], [ 269.209068754118562, -978.951148237101734 ], [ 258.394267552561359, -984.909110141918063 ], [ 258.379992982656404, -985.025753514841199 ], [ 260.757041502367429, -989.310214933939278 ], [ 253.167193512095764, -993.335764278657734 ], [ 261.220367355967028, -1009.128221218474209 ], [ 250.151133673800359, -1019.146873700432479 ], [ 243.210049809769771, -1024.94875830411911 ], [ 219.796097613932943, -990.296249276958406 ], [ 209.512655678308874, -997.188095944933593 ], [ 209.508970140755991, -997.361300090327859 ], [ 191.961232163730529, -1009.432678421027958 ], [ 207.666018994572369, -1027.582806535065174 ], [ 201.728184802321266, -1032.25571967009455 ], [ 196.813763566558919, -1026.677575960755348 ], [ 198.590005843561812, -1025.057516981847584 ], [ 195.505768992024969, -1021.527720959857106 ], [ 195.364670851138726, -1021.518799818120897 ], [ 193.621863354919697, -1023.054481609724462 ], [ 183.612040839896508, -1011.693441182374954 ], [ 185.582096165460825, -1009.901922702789307 ], [ 182.467321889347659, -1006.338744645006955 ], [ 182.326240571930612, -1006.329832507297397 ], [ 180.388640312441566, -1008.03692705091089 ], [ 174.115943293380042, -1000.924935354851186 ], [ 173.998964747575883, -1000.935932167805731 ], [ 164.894432014409176, -1009.006974961608648 ], [ 192.498003982826049, -1040.376400517299771 ], [ 192.624909239209956, -1040.394337311387062 ], [ 198.533973384564888, -1047.220398001372814 ], [ 189.337131377646074, -1055.021312559023499 ], [ 192.601360787011799, -1058.70968814752996 ], [ 194.009569079720677, -1058.227607722394168 ], [ 204.998982094175517, -1070.925281703472137 ], [ 204.082362401879436, -1071.720030571334064 ], [ 204.055792008070057, -1071.834528922103345 ], [ 206.643690206559768, -1074.817029357887805 ], [ 206.760763987465907, -1074.806899881921709 ], [ 207.995030696809408, -1073.736120304092765 ], [ 208.401562701297735, -1074.203287200070918 ], [ 208.542458541882297, -1074.213194717653096 ], [ 218.871278663606063, -1065.23283214867115 ], [ 207.322418421972543, -1051.835280079394579 ], [ 210.960471814258199, -1048.107599432580173 ], [ 213.679672231113727, -1041.769015339203179 ], [ 213.462441770749138, -1035.268816177733243 ], [ 226.929324898877894, -1050.537470283918083 ], [ 227.046358141871679, -1050.52636453974992 ], [ 231.502832757334545, -1046.591264382004738 ], [ 235.7630627812905, -1050.874401115812361 ], [ 248.24730607985839, -1031.348768684081733 ], [ 249.79295588147761, -1033.629316922277212 ], [ 249.775925366511728, -1033.780478747561574 ], [ 275.228986871346933, -1061.576061909087002 ], [ 266.050800346343749, -1069.958712754771113 ], [ 250.756489295017673, -1047.390912340953946 ], [ 250.639033033694432, -1047.387051219120622 ], [ 239.526986151566234, -1054.921540159732103 ], [ 239.523124096880565, -1055.038990501314402 ], [ 255.963232600046467, -1079.306694186292589 ], [ 254.211588649190162, -1080.908307326026261 ], [ 254.188097220992859, -1081.023575468920171 ], [ 261.886248598233578, -1089.418606081977487 ], [ 262.025547765078954, -1089.425969647243619 ], [ 262.308338402184745, -1089.748853212222457 ], [ 238.806233591707496, -1110.339549753814936 ], [ 269.550940679493579, -1145.675999999977648 ], [ 245.314670170897443, -1145.675999999977648 ], [ 221.232589573530277, -1118.108797464519739 ], [ 221.088341156168099, -1118.102085932157934 ], [ 212.10446073948151, -1108.660450519062579 ], [ 212.111101826494632, -1108.522531082853675 ], [ 184.873202945949743, -1077.457243797369301 ], [ 184.758600939208918, -1077.431290204636753 ], [ 175.457601628446355, -1085.576625809073448 ], [ 175.431646044191439, -1085.691270531155169 ], [ 202.695020766001107, -1116.776880141347647 ], [ 197.715937495089747, -1121.08136476483196 ], [ 189.103244632868154, -1110.883569079451263 ], [ 188.149022108749705, -1114.408219967968762 ], [ 188.591073331890584, -1119.736486844718456 ], [ 191.038479204813484, -1124.392976308241487 ], [ 196.782069253105874, -1130.502800986170769 ], [ 208.315874064755917, -1145.675999999977648 ], [ 190.581956630461718, -1145.675999999977648 ], [ 197.067795253951772, -1140.021890535019338 ], [ 191.187148573324521, -1133.200241096317768 ], [ 192.059918654525973, -1132.444536011666059 ], [ 192.070141342543138, -1132.30362649820745 ], [ 179.536803033797696, -1117.793149554170668 ], [ 182.356589944312873, -1115.7641178695485 ], [ 184.383988123194285, -1109.835871512070298 ], [ 185.443294070651973, -1107.205506870523095 ], [ 185.908733987085725, -1105.212007635273039 ], [ 141.95388488376193, -1054.902505531907082 ], [ 141.656743058965731, -1072.5480597615242 ], [ 140.91477442482028, -1084.600116731598973 ], [ 144.10902846962199, -1101.037860480137169 ], [ 144.119434914151498, -1101.354372362606227 ], [ 144.006295123379459, -1101.708714245818555 ], [ 144.517675058195891, -1101.98819827940315 ], [ 146.131392956953277, -1103.941635187715292 ], [ 144.012721334480375, -1107.459216321818531 ], [ 143.067551790327343, -1111.139374285005033 ], [ 160.580158225735431, -1133.099835968576372 ], [ 167.202614222394914, -1145.675999999977648 ], [ 155.36522578585209, -1145.675999999977648 ], [ 140.918022289173678, -1124.011568943969905 ], [ 140.800628502456675, -1124.006805134005845 ], [ 129.622077339088719, -1131.458102073520422 ], [ 129.617333784417497, -1131.575566836632788 ], [ 139.025020883987963, -1145.676000001840293 ], [ 124.330961083116563, -1145.675999999977648 ] ], [ [ 295.060145494335302, -994.836916134692729 ], [ 278.442568658630989, -977.372017675079405 ], [ 277.23712162924312, -976.716065966524184 ], [ 273.618499311258347, -976.833345538005233 ], [ 275.14238584933446, -980.190688977949321 ], [ 290.089619335971292, -1004.783180430531502 ], [ 291.229900252288644, -1005.464613077230752 ], [ 296.22488855692427, -1002.96630930993706 ], [ 298.046021641010157, -1002.967737603932619 ], [ 301.029443527166222, -1008.235596076585352 ], [ 302.273489835790315, -1007.447702622972429 ], [ 316.225657317972946, -1032.899266230873764 ], [ 335.913530100466232, -1067.99162267986685 ], [ 339.024431781057501, -1070.924646349623799 ], [ 342.939062196684972, -1072.220530829392374 ], [ 352.438561152792317, -1073.265964088961482 ], [ 359.058009425960336, -1068.6789216324687 ], [ 358.92592683323528, -1068.05260428134352 ], [ 296.754916192441669, -996.68888227455318 ], [ 295.060145494335302, -994.836916134692729 ] ], [ [ 387.34122563969504, -1058.396544428542256 ], [ 344.840386340356417, -1008.368178290314972 ], [ 342.75062854177304, -1010.231365771964192 ], [ 343.103244632162387, -1013.309154935181141 ], [ 377.477369765159892, -1054.202984103932977 ], [ 382.066130705739852, -1058.771161283366382 ], [ 385.258129526178891, -1059.444325990043581 ], [ 387.34122563969504, -1058.396544428542256 ] ], [ [ 427.40734066801997, -778.2570865964517 ], [ 426.726187724798365, -778.260103520937264 ], [ 423.62086619236652, -779.265465904027224 ], [ 411.0558821880295, -787.013965813443065 ], [ 406.996833094255635, -789.72056417260319 ], [ 406.98528954095309, -791.028710064478219 ], [ 420.458821740534404, -802.226969517767429 ], [ 422.495761429607228, -802.347725853323936 ], [ 422.506953018752029, -802.542654398828745 ], [ 441.872177651972379, -795.236477614380419 ], [ 449.934278065784383, -792.100445972755551 ], [ 458.28543787430317, -800.919646063819528 ], [ 463.854596801449588, -797.131072716787457 ], [ 464.451446431501608, -796.250669881701469 ], [ 466.306604729907122, -792.512767512351274 ], [ 467.149160696611943, -786.87673550285399 ], [ 467.099994056674404, -782.926997043192387 ], [ 466.98081423372787, -780.575158283114433 ], [ 466.76238149974597, -778.524043212644756 ], [ 459.748042041068402, -778.220513754524291 ], [ 435.742592508677262, -778.286909667775035 ], [ 430.773160046244811, -778.424803782254457 ], [ 427.40734066801997, -778.2570865964517 ] ], [ [ 141.824135127457339, -1099.760723008774221 ], [ 138.911409130882021, -1084.604247679002583 ], [ 139.658087740488554, -1072.492038733325899 ], [ 139.967095893409351, -1054.170406515710056 ], [ 140.168327996932931, -1053.586274559609592 ], [ 140.569444918199224, -1053.283188668079674 ], [ 138.048979655288349, -1050.17922090087086 ], [ 138.0665450430497, -1050.04240760859102 ], [ 133.0001411973426, -1043.230248840525746 ], [ 133.455310368595747, -1042.787127357907593 ], [ 133.457225735272004, -1042.645787139423192 ], [ 129.843109663703217, -1038.990422311238945 ], [ 126.123896578907079, -1042.582238635979593 ], [ 126.128004773603607, -1042.729817234911025 ], [ 121.618850226095674, -1047.948821366764605 ], [ 110.130978587383652, -1057.549364427104592 ], [ 104.337414038822317, -1063.146212848834693 ], [ 104.350071409804514, -1063.547039328143001 ], [ 104.24873189304526, -1064.022728367708623 ], [ 107.09453108218986, -1066.171382818371058 ], [ 112.12088835762188, -1065.655783904716372 ], [ 120.656926906845911, -1075.934205434285104 ], [ 141.824135127457339, -1099.760723008774221 ] ], [ [ 332.774782672735455, -852.056154243648052 ], [ 330.942672542416403, -854.0329012228176 ], [ 330.611839495326421, -855.43882845249027 ], [ 340.333398170179862, -846.504937283694744 ], [ 339.287807923519722, -845.502257910557091 ], [ 332.774782672735455, -852.056154243648052 ] ], [ [ 403.015794689397808, -1046.559422004967928 ], [ 445.410412481447565, -1007.449676900170743 ], [ 442.055274656700931, -1003.69223172031343 ], [ 440.851853794361887, -1005.026581267826259 ], [ 404.520916083813063, -963.573522246442735 ], [ 386.611911594018238, -979.224741737358272 ], [ 385.094595785603815, -977.490998052991927 ], [ 384.979997741618718, -977.464947468601167 ], [ 379.851498371732305, -981.947422719560564 ], [ 379.842116109561175, -982.088481527753174 ], [ 381.769739319413929, -984.290876994840801 ], [ 369.093933195681529, -995.382128472439945 ], [ 367.168118390236486, -993.183739103376865 ], [ 367.053541836126897, -993.157728742808104 ], [ 357.912977939291522, -1001.17798657156527 ], [ 353.902753630811276, -1000.283467186614871 ], [ 346.332742853091986, -1007.03682457562536 ], [ 388.896635801716911, -1057.139421604573727 ], [ 402.142706745735268, -1045.500114321708679 ], [ 403.015794689397808, -1046.559422004967928 ] ], [ [ 375.413802907298304, -706.489960126578808 ], [ 376.083645352555322, -706.931421726942062 ], [ 390.991486327717212, -724.088453429751098 ], [ 407.361449696560157, -741.663744584657252 ], [ 410.022258883116592, -739.000965834595263 ], [ 389.038369819329091, -716.638018271885812 ], [ 387.399940377959865, -711.211191852577031 ], [ 387.203581079187643, -709.561327389441431 ], [ 384.422571132095982, -705.964616385288537 ], [ 382.850385059628024, -702.411984054371715 ], [ 382.892755306318577, -702.006402577273548 ], [ 382.716068059127792, -701.835691985674202 ], [ 371.213291487036258, -701.425881293602288 ], [ 371.74999090635356, -702.342425922863185 ], [ 375.413802907298304, -706.489960126578808 ] ], [ [ 434.128462511282123, -766.458422957919538 ], [ 447.866890599427279, -766.983224851079285 ], [ 451.953540616768805, -766.874149290844798 ], [ 452.685911168473467, -764.595397499389946 ], [ 444.101462357293713, -755.175371111370623 ], [ 442.042128024098929, -754.604408355429769 ], [ 432.323685118666617, -763.003901755437255 ], [ 433.757689567490161, -766.290180313400924 ], [ 434.128462511282123, -766.458422957919538 ] ], [ [ 139.271940788787106, -784.81440947484225 ], [ 150.404624525899635, -776.256773234345019 ], [ 191.977991070192729, -736.365715838037431 ], [ 214.9847999732483, -708.799203675240278 ], [ 215.752897429163568, -707.261755554936826 ], [ 216.471110813781706, -698.159942199476063 ], [ 215.632348228968112, -697.001677423715591 ], [ 198.364402485058235, -695.475696051493287 ], [ 161.192821049509803, -704.433397317305207 ], [ 190.82462570768439, -735.344673503190279 ], [ 188.921572318491599, -737.084727368317544 ], [ 182.314838270774999, -743.914814784191549 ], [ 136.277468947666421, -786.187165427021682 ], [ 136.319764046489581, -786.235040547326207 ], [ 138.672060054450412, -784.160593431442976 ], [ 139.271940788787106, -784.81440947484225 ] ], [ [ 151.35452296009862, -778.048339230939746 ], [ 140.628736973787454, -786.293195281177759 ], [ 142.901337410730775, -788.770125349983573 ], [ 146.185095577257016, -792.08913230150938 ], [ 154.529773665728499, -794.343725428916514 ], [ 157.657206261555984, -794.223481482826173 ], [ 159.808611255606593, -793.329087991267443 ], [ 166.260632614850692, -789.43801531009376 ], [ 166.563323066293378, -789.319671525619924 ], [ 169.896310833331881, -786.284802201204002 ], [ 170.669297538230239, -785.453496928326786 ], [ 169.754878177202045, -785.493914588354528 ], [ 166.634755059656527, -784.914024996571243 ], [ 166.305301624970525, -784.789715025573969 ], [ 163.47720272184597, -783.083788057789207 ], [ 160.506252910097828, -780.486216064542532 ], [ 157.41808510721421, -778.623827337287366 ], [ 151.35452296009862, -778.048339230939746 ] ], [ [ 159.441835730891398, -702.606743273325264 ], [ 160.269004385301741, -702.599470763467252 ], [ 194.895158688075753, -694.255241840146482 ], [ 193.964107131329001, -691.723365449346602 ], [ 179.358170815892663, -689.337729008868337 ], [ 175.730163160909797, -690.939565063454211 ], [ 173.730138222577807, -691.447472965344787 ], [ 171.89768597870534, -690.849146055988967 ], [ 170.799941896693781, -689.21698997169733 ], [ 169.782519763250093, -687.936656621284783 ], [ 160.655458565126537, -686.50662281177938 ], [ 135.147363029951521, -682.063171243295074 ], [ 108.602827158973014, -675.511992316693068 ], [ 94.358699651918869, -668.792538800276816 ], [ 53.54123113933565, -675.496821792796254 ], [ 44.730122865232261, -677.277370486408472 ], [ 56.956133739429788, -691.318230729550123 ], [ 58.449303955818323, -689.972108735702932 ], [ 61.870151940438518, -693.872627952136099 ], [ 60.404705104629102, -695.202979142777622 ], [ 64.100578352616139, -699.576186317019165 ], [ 65.615432695618438, -698.305003063753247 ], [ 69.082100558955062, -702.232588763348758 ], [ 67.61395621342308, -703.584411123767495 ], [ 76.02135540719064, -713.175962996669114 ], [ 79.27086584780227, -710.547187006101012 ], [ 76.243538899851046, -707.226077392697334 ], [ 76.902183978205358, -706.595112089067698 ], [ 68.076555782541618, -696.974170625209808 ], [ 67.825996834668331, -696.57370419986546 ], [ 71.60362263908246, -693.409603890031576 ], [ 89.943983337239843, -675.501160385087132 ], [ 90.311707842321994, -674.373495849780738 ], [ 91.529140439179173, -673.953333880752325 ], [ 93.435788066959503, -672.091587979346514 ], [ 94.757173284142482, -672.839174603112042 ], [ 95.393472263374861, -672.61956046987325 ], [ 95.988669159160054, -673.406690771691501 ], [ 96.59183169591779, -673.877150557003915 ], [ 135.968531807769978, -696.139143558219075 ], [ 142.811892103147329, -696.835584911517799 ], [ 147.635345548918849, -695.040072702802718 ], [ 150.372495666297255, -693.131202227436006 ], [ 159.441835730891398, -702.606743273325264 ] ], [ [ 157.833742209035336, -776.654976857826114 ], [ 158.255542171238631, -776.794125531800091 ], [ 161.614185162385184, -778.81963037699461 ], [ 164.725043913058471, -781.519068229943514 ], [ 167.175928807419041, -782.981052006594837 ], [ 169.988466450033229, -783.503775388933718 ], [ 171.998054459591003, -783.33713560551405 ], [ 173.358022968795922, -782.57626396138221 ], [ 174.053548422063614, -781.981653248891234 ], [ 200.252573015426606, -757.257020174525678 ], [ 207.853445433405795, -750.179020349867642 ], [ 212.668611758981569, -745.124495111405849 ], [ 213.235452850265574, -743.953269919380546 ], [ 213.899037958039116, -743.202947131358087 ], [ 215.860559734908747, -739.737873396836221 ], [ 217.514028688790859, -735.01029575522989 ], [ 218.922957132592273, -729.651569108478725 ], [ 221.451827663420772, -722.505742831155658 ], [ 221.97681071498846, -721.657258252613246 ], [ 223.571674073940812, -717.995761128142476 ], [ 225.785933673516411, -711.925196522846818 ], [ 226.163567434656215, -709.845047852955759 ], [ 220.691178799692352, -708.955730510875583 ], [ 217.323875049825801, -708.590453570708632 ], [ 216.595734592188819, -709.988998522050679 ], [ 193.401776869244713, -737.770387015305459 ], [ 153.323444810537694, -776.226907928474247 ], [ 157.833742209035336, -776.654976857826114 ] ], [ [ 73.053228907230732, -1085.178328464739025 ], [ 73.128673135895951, -1085.13199407607317 ], [ 73.105666114137421, -1085.104107144288719 ], [ 73.053228907230732, -1085.178328464739025 ] ], [ [ 331.328961447672555, -712.70905579533428 ], [ 340.793072154894617, -707.324721155688167 ], [ 344.892217437347426, -703.825704108923674 ], [ 348.520923252572175, -703.908007147721946 ], [ 350.38702866667154, -702.680731188505888 ], [ 378.364878211314135, -687.931997464969754 ], [ 382.17297182798211, -686.066863619722426 ], [ 391.825944498972603, -680.949193873442709 ], [ 389.747459261718177, -678.42459940072149 ], [ 388.04751123897222, -677.257823068648577 ], [ 386.729214809256518, -677.423987787216902 ], [ 384.459168156601663, -678.465172541327775 ], [ 383.172572991767083, -680.315862258896232 ], [ 381.011824981107566, -681.73218069691211 ], [ 378.254359446653325, -683.222867214120924 ], [ 372.772284458036665, -684.150358960032463 ], [ 369.786154812343739, -685.160505374893546 ], [ 366.176804950000587, -687.530680182389915 ], [ 364.124616527313265, -689.942507170140743 ], [ 359.718673496150586, -694.28235924616456 ], [ 350.844709806129686, -696.477024002932012 ], [ 338.108242420359602, -704.933102978393435 ], [ 323.413040736573748, -712.661123332567513 ], [ 306.24980504701125, -711.362857105210423 ], [ 286.532481438245668, -708.329250295646489 ], [ 259.834597859953647, -702.521701253019273 ], [ 260.066928009804542, -705.604116036556661 ], [ 261.323362804731005, -707.491535424254835 ], [ 263.584845549050442, -708.83353444095701 ], [ 318.978128311660839, -717.626091273501515 ], [ 321.027903113406865, -717.437618095427752 ], [ 331.328961447672555, -712.70905579533428 ] ], [ [ 360.852300607768484, -827.514009621925652 ], [ 375.673962118413328, -813.783418077044189 ], [ 388.497279402727145, -802.011742214672267 ], [ 360.786164122364426, -827.448636767454445 ], [ 360.852300607768484, -827.514009621925652 ] ], [ [ 156.687900875023843, -1015.082147394306958 ], [ 154.771006461580328, -1016.702615529298782 ], [ 155.199865531103569, -1019.121358988806605 ], [ 183.190148857956956, -1049.943128798156977 ], [ 184.295439335337505, -1046.486276904121041 ], [ 184.063646700227764, -1043.011629165150225 ], [ 183.271347295712985, -1039.338789566420019 ], [ 179.091478979449676, -1032.475386676378548 ], [ 174.402605652425336, -1025.962455286644399 ], [ 169.487959725658584, -1022.013114038854837 ], [ 164.091645692304155, -1018.429476640187204 ], [ 156.687900875023843, -1015.082147394306958 ] ], [ [ 186.325670907139283, -826.612312518060207 ], [ 186.079844271611364, -827.906471840105951 ], [ 186.061292381051317, -828.466505011543632 ], [ 186.300380271914037, -832.594321989454329 ], [ 188.148158624910138, -837.070295046083629 ], [ 191.215383331496923, -840.874527390114963 ], [ 192.585916533986165, -838.780430568382144 ], [ 193.003431440916756, -835.778124896809459 ], [ 192.408562274555152, -831.494710807688534 ], [ 192.609640149456027, -827.71621739026159 ], [ 193.581580225636571, -824.466538761742413 ], [ 195.501659478946749, -819.796319841407239 ], [ 198.975549009712267, -815.242652208544314 ], [ 213.555145023892692, -801.018190101720393 ], [ 224.228567193826166, -792.219640676863492 ], [ 227.088625059912374, -789.397665661759675 ], [ 224.057554597371563, -785.999905096367002 ], [ 217.464005511899813, -788.710873481817544 ], [ 213.546938875886553, -791.537339211441576 ], [ 207.404133622418158, -797.789328840561211 ], [ 204.069819871252548, -801.333377510309219 ], [ 197.964959839799121, -807.61454372946173 ], [ 193.411549610002112, -812.544190553948283 ], [ 190.97822121992067, -815.937621466815472 ], [ 188.92751089239573, -819.278125371783972 ], [ 187.423828780067197, -822.69313723128289 ], [ 186.595565337529479, -825.191746229305863 ], [ 186.325670907139283, -826.612312518060207 ] ], [ [ 249.018358516874287, -712.805719858966768 ], [ 249.0015115212409, -712.902844638563693 ], [ 248.891359453196856, -712.897916219197214 ], [ 248.819916608043059, -713.638108505867422 ], [ 244.774005584074985, -713.021215003915131 ], [ 242.589546547691498, -725.707876307889819 ], [ 241.77329102974727, -733.113069168291986 ], [ 241.656113056960749, -773.363965475000441 ], [ 241.743859891368629, -776.091790564358234 ], [ 244.490622271418033, -773.90856905002147 ], [ 246.440941007551373, -772.185639933682978 ], [ 246.933470211541135, -767.305453622713685 ], [ 247.209704494280231, -754.891643083654344 ], [ 247.648750150354317, -746.420704484917223 ], [ 250.646855976761799, -712.847683390602469 ], [ 249.018358516874287, -712.805719858966768 ] ], [ [ 240.20216981539852, -777.317179028876126 ], [ 239.356202790151656, -777.564092136919498 ], [ 239.25555092365903, -763.701877858489752 ], [ 239.246531581351519, -743.998520107008517 ], [ 239.377226747837994, -733.964660184457898 ], [ 238.98892103957769, -733.98603555560112 ], [ 237.041266677439125, -743.294354193843901 ], [ 234.755043535313234, -753.075062054209411 ], [ 229.884278034938689, -771.031183574348688 ], [ 228.784037639752569, -774.032962640747428 ], [ 227.501165643228887, -776.567568648606539 ], [ 226.348112705185486, -778.434940500184894 ], [ 224.526851253447603, -780.73527348972857 ], [ 223.720931869476772, -782.050257134251297 ], [ 238.994698670710932, -778.276704398915172 ], [ 240.20216981539852, -777.317179028876126 ] ], [ [ 394.773070675324561, -930.954857021570206 ], [ 395.45826062350352, -931.30527578573674 ], [ 396.016930831166974, -931.410324416123331 ], [ 396.671706755314517, -931.402596049942076 ], [ 397.336241286793665, -931.266219466924667 ], [ 398.020713113355669, -930.952617842704058 ], [ 430.088321329518294, -905.578766014426947 ], [ 432.917921263100652, -903.012598113156855 ], [ 436.289709342379865, -899.331940325908363 ], [ 445.020875194200926, -888.72135940939188 ], [ 449.496642926727873, -884.207515825517476 ], [ 468.014506825929857, -867.686639307998121 ], [ 468.340006610213095, -867.165850950405002 ], [ 468.557939275808167, -866.343054473400116 ], [ 468.463052557719493, -865.87840642221272 ], [ 468.229919489960594, -865.444566072896123 ], [ 466.630522030503926, -863.737681611441076 ], [ 466.45604494885265, -863.581257845275104 ], [ 466.126083497629224, -863.955750553868711 ], [ 460.715003845103638, -859.235003820620477 ], [ 461.625853724946865, -858.39667615108192 ], [ 460.45627199480441, -857.148493049666286 ], [ 460.466585498506902, -857.013859675265849 ], [ 458.756910694863109, -854.840067896060646 ], [ 437.146808499359395, -838.333572779782116 ], [ 425.26591192395972, -824.867552850395441 ], [ 425.111841524298143, -824.870173548348248 ], [ 417.723119021889943, -818.937883847393095 ], [ 417.585683907498606, -819.06447238009423 ], [ 413.321259627704421, -815.403699805028737 ], [ 379.48543258943937, -846.571299961768091 ], [ 384.961937496464088, -852.365977816283703 ], [ 391.725116167826855, -854.250615947879851 ], [ 411.385599126322631, -836.592079679481685 ], [ 412.206709665164453, -836.334424197673798 ], [ 424.731076848916928, -850.544400243088603 ], [ 398.81624328925318, -873.374901290051639 ], [ 395.337597249275859, -869.432654083706439 ], [ 395.196191432141859, -869.424140810966492 ], [ 391.109674681269098, -873.068201902322471 ], [ 391.122688439561898, -873.186172740533948 ], [ 391.759585246763891, -873.876118421554565 ], [ 371.730067206744934, -891.542910892516375 ], [ 368.668284217139444, -887.454594227485359 ], [ 370.562760931388766, -886.045789331197739 ], [ 370.583317226000872, -885.905908958055079 ], [ 355.706759099279225, -865.906593612395227 ], [ 355.55729833346777, -865.895267536863685 ], [ 355.214180105562264, -865.543541073799133 ], [ 342.86067299633396, -851.997408180497587 ], [ 332.200436460154378, -861.788110510446131 ], [ 344.829231221197915, -875.946041442453861 ], [ 345.760821679723449, -876.894871293567121 ], [ 344.61136910613277, -878.185673641040921 ], [ 344.611102424758428, -878.318334112875164 ], [ 362.820334498692318, -898.933066033758223 ], [ 362.955007301727164, -898.947030092589557 ], [ 364.514577343716155, -897.784311916679144 ], [ 374.515493998440434, -911.142494999803603 ], [ 383.582682187890896, -905.12527300324291 ], [ 383.577646358964557, -904.999271273612976 ], [ 380.519203444242521, -901.529233695007861 ], [ 399.709701264302566, -884.617275999858975 ], [ 400.743314371005908, -885.792626492679119 ], [ 400.860312404747674, -885.782136385329068 ], [ 401.289005486862152, -885.408085022121668 ], [ 402.694596597020791, -886.988992389291525 ], [ 404.734687404736178, -885.263134873472154 ], [ 404.906200134313622, -885.452504961751401 ], [ 405.023449274312952, -885.441878812387586 ], [ 437.036191233963109, -857.363563819788396 ], [ 447.166303724919999, -869.432535762898624 ], [ 444.591392071710288, -872.466379155404866 ], [ 413.2224322833099, -900.676333345472813 ], [ 386.832159046745801, -922.10043790563941 ], [ 394.773070675324561, -930.954857021570206 ] ], [ [ 470.235268134743819, -872.513728649355471 ], [ 469.569655695382608, -872.112083001062274 ], [ 468.707882501244967, -871.915421568788588 ], [ 468.142197209710503, -871.967162285931408 ], [ 467.241273434445247, -872.37714908272028 ], [ 449.354306823235675, -888.439933555200696 ], [ 439.273002479816569, -900.398031909018755 ], [ 437.921910346558434, -902.191800062544644 ], [ 435.406485717589021, -904.781030705198646 ], [ 432.562562761684603, -907.37657749094069 ], [ 399.962958232490564, -933.32401929423213 ], [ 399.452581756670043, -934.107714147306979 ], [ 399.309161740724448, -934.517570859752595 ], [ 399.290878014939153, -935.105139538645744 ], [ 399.60497375475461, -936.29296429362148 ], [ 402.621347613763646, -939.705984925851226 ], [ 444.915038663753876, -902.862280149012804 ], [ 445.122350074865608, -902.287813710048795 ], [ 445.682392232585698, -902.193808146752417 ], [ 473.970341207203091, -877.551332044415176 ], [ 470.235268134743819, -872.513728649355471 ] ], [ [ 174.259650483683799, -789.691362224519253 ], [ 189.308480534580667, -776.624819229356945 ], [ 209.794243672366065, -758.601143190637231 ], [ 212.518115352449968, -755.721597692929208 ], [ 214.218441895798605, -753.609570713713765 ], [ 215.224995784838029, -752.27275575324893 ], [ 220.624927906181256, -742.254060011357069 ], [ 221.99409393894166, -738.848559852689505 ], [ 225.498047433562533, -724.572495991364121 ], [ 225.997053860715823, -721.655380451120436 ], [ 225.326205221486816, -721.541722545400262 ], [ 223.015932700687699, -727.109004553407431 ], [ 221.732977842035325, -730.886724281124771 ], [ 220.457894708983076, -735.718589069321752 ], [ 218.839838572475855, -740.42403554264456 ], [ 216.688676470734208, -744.506736057810485 ], [ 212.787094665554832, -749.458742501214147 ], [ 207.806835179762857, -754.331766666844487 ], [ 175.846070567882634, -784.452025508508086 ], [ 175.06259876225522, -785.066098304465413 ], [ 172.85278123066746, -786.308809004724026 ], [ 170.374975571228788, -788.620840354822576 ], [ 164.91099751369984, -793.12709529325366 ], [ 162.123914737087034, -795.033731595613062 ], [ 159.962523161188074, -795.927678265608847 ], [ 156.547893141947497, -796.875625100918114 ], [ 153.33712695273789, -796.621897134929895 ], [ 149.548009371721491, -795.651838716119528 ], [ 148.068363722071808, -795.845807703211904 ], [ 147.034940910531077, -794.788905979134142 ], [ 141.521916676794717, -790.749749673530459 ], [ 140.420107713307516, -790.550354035571218 ], [ 140.217257493795842, -790.634012988768518 ], [ 141.888946931747341, -792.521232703700662 ], [ 146.754315576175941, -796.878639991395175 ], [ 151.302006144089319, -799.14878155104816 ], [ 157.460656220559031, -799.197871268726885 ], [ 162.118245169735019, -797.911277499049902 ], [ 166.15076690549904, -795.834215759299695 ], [ 174.259650483683799, -789.691362224519253 ] ], [ [ 34.462443410673586, -911.937443458475173 ], [ 33.692697402124395, -911.707975487224758 ], [ 32.190844586035382, -911.950983974151313 ], [ 30.6028666694001, -913.000671934336424 ], [ 22.986928562511821, -919.954717688262463 ], [ 25.294497435204903, -922.125221273861825 ], [ 32.183126659703703, -917.723733996972442 ], [ 37.233579780851869, -913.668185128830373 ], [ 35.904671174739633, -912.367311359383166 ], [ 34.462443410673586, -911.937443458475173 ] ], [ [ 77.607285016994865, -707.198135380633175 ], [ 79.156174979132629, -709.005878676660359 ], [ 80.477669894868086, -707.8736213427037 ], [ 78.928784395358889, -706.065778180956841 ], [ 77.607285016994865, -707.198135380633175 ] ], [ [ 369.77836949093944, -698.975191245786846 ], [ 382.701678650171743, -699.473495527170599 ], [ 382.980631374301083, -697.264515900984406 ], [ 383.508221399448303, -695.536970037966967 ], [ 384.164609663834199, -694.285496083088219 ], [ 385.455938826313286, -692.261904373764992 ], [ 386.233663144234015, -691.205984243191779 ], [ 384.450509418071306, -690.355695672333241 ], [ 377.960926706684404, -691.81648969464004 ], [ 371.812453336389808, -695.4939930960536 ], [ 369.751443027631467, -698.393653850071132 ], [ 369.77836949093944, -698.975191245786846 ] ], [ [ 100.457532405620441, -1043.680764915421605 ], [ 101.915228953575934, -1044.51957306265831 ], [ 111.315103945606097, -1036.07231081277132 ], [ 104.56788100538688, -1029.626390041783452 ], [ 77.766659025031913, -998.127340924926102 ], [ 76.101450566473432, -998.129887309856713 ], [ 74.537138388724998, -999.561128901317716 ], [ 65.754265360079444, -989.466923062689602 ], [ 66.645404083286849, -988.689208552241325 ], [ 66.655113617365714, -988.548302413895726 ], [ 59.72039425197363, -980.573023779317737 ], [ 59.603198037953916, -980.583257043734193 ], [ 56.523832806526116, -983.288605567067862 ], [ 58.433736444905662, -985.557965258136392 ], [ 55.069076099684025, -988.482662646099925 ], [ 55.042630578627723, -988.597195006906986 ], [ 68.866262215989991, -1004.499245002865791 ], [ 68.346918336512317, -1004.938640051521361 ], [ 83.141979376679956, -1022.820812032558024 ], [ 71.328724757971941, -1032.624919009394944 ], [ 40.151359672734543, -995.076213129796088 ], [ 40.010602071270114, -995.063153192400932 ], [ 36.630459396983497, -997.868876036256552 ], [ 29.855687296398173, -990.251883156597614 ], [ 59.323531321137125, -964.022717776708305 ], [ 67.227501111965466, -972.844461565837264 ], [ 77.337180513872227, -963.871016511693597 ], [ 77.926593820244307, -964.530313083902001 ], [ 78.795284504736628, -965.198593552224338 ], [ 79.797118961292654, -965.721435381099582 ], [ 80.858956293081064, -966.055137886665761 ], [ 81.945202100856477, -966.199801539070904 ], [ 83.057518167821399, -966.15350532438606 ], [ 84.144913965110391, -965.91596320644021 ], [ 85.189437653774803, -965.48467896413058 ], [ 86.128160217260302, -964.886062540113926 ], [ 86.948525403655367, -964.133908573538065 ], [ 87.616805874662532, -963.265217894688249 ], [ 88.133006053898498, -962.278502690605819 ], [ 88.470602827681432, -961.217578858137131 ], [ 88.6190114925339, -960.115352913737297 ], [ 88.572716341788691, -959.003028922714293 ], [ 88.32895535120042, -957.898937810212374 ], [ 87.902936010985286, -956.870066071860492 ], [ 87.304319591394233, -955.931343506090343 ], [ 86.552106380720943, -955.110932773910463 ], [ 85.668801543439258, -954.434344980865717 ], [ 84.681640486831384, -953.919855989515781 ], [ 83.619803149344079, -953.586153472773731 ], [ 82.533557332146302, -953.441489812918007 ], [ 81.421241253179687, -953.487786021083593 ], [ 80.333845443801692, -953.725328139029443 ], [ 79.289340123486909, -954.157570979557931 ], [ 78.350599162115032, -954.755228814668953 ], [ 77.542010375311293, -955.494560953229666 ], [ 76.987637694435762, -956.212661066092551 ], [ 64.367488103256619, -942.035598378628492 ], [ 64.252666929309271, -942.010519007220864 ], [ 55.46142119200158, -949.83078610803932 ], [ 54.784800079416527, -949.068844352848828 ], [ 54.669995046548138, -949.043632764369249 ], [ 49.978919178354772, -953.205963808111846 ], [ 48.969715564948274, -952.070772192440927 ], [ 48.828557365279266, -952.0625059613958 ], [ 26.09815609753241, -972.283727155998349 ], [ 24.99749451723801, -971.046373326331377 ], [ 24.856387842701224, -971.038099553436041 ], [ 11.106864399127517, -983.260361968539655 ], [ 11.081698316847906, -983.375151636078954 ], [ 29.342100647652842, -1003.917535539716482 ], [ 28.162132317887881, -1004.896840801462531 ], [ 28.149071869893305, -1005.037632619962096 ], [ 59.395454473549762, -1042.659459081478417 ], [ 78.113279414810677, -1064.444473132491112 ], [ 78.232778411897016, -1064.431744224391878 ], [ 100.457532405620441, -1043.680764915421605 ] ], [ [ 124.936161390367488, -1022.525199591182172 ], [ 130.625065743570303, -1016.630925236269832 ], [ 130.240725084902806, -1014.262183494865894 ], [ 92.558434738788492, -971.48920492362231 ], [ 90.694384007840199, -971.776047457009554 ], [ 84.286838867350525, -976.316119819879532 ], [ 84.150893146337694, -976.311457522213459 ], [ 74.856446722789769, -984.508219056762755 ], [ 74.867390631770832, -984.625150389969349 ], [ 115.531197053498545, -1030.851599497720599 ], [ 115.648214603781526, -1030.840667245909572 ], [ 124.932538335488061, -1022.672421926632524 ], [ 124.936161390367488, -1022.525199591182172 ] ], [ [ 318.893526763567934, -929.205623470246792 ], [ 328.057110698511678, -940.538575198501348 ], [ 334.07631452188798, -935.724544728174806 ], [ 336.032096807297421, -932.940162529237568 ], [ 336.247910470940042, -928.116641610860825 ], [ 328.000376596963179, -920.705819465219975 ], [ 328.000139514975672, -920.571785434149206 ], [ 327.169370118550432, -919.673675589263439 ], [ 307.334714144388272, -898.462869171053171 ], [ 307.219354459326496, -898.440593724139035 ], [ 298.107898038555504, -906.947448022663593 ], [ 298.085590237680663, -907.06282925978303 ], [ 318.757970805761943, -929.19659310951829 ], [ 318.893526763567934, -929.205623470246792 ] ], [ [ 175.880666359073075, -1067.493483004160225 ], [ 148.431822697870302, -1036.312817533500493 ], [ 148.31480161906984, -1036.323798942379653 ], [ 139.351848653399429, -1044.223202585242689 ], [ 139.362852452228253, -1044.34021227248013 ], [ 166.82521681722028, -1075.509460051544011 ], [ 166.942210410465123, -1075.498458871617913 ], [ 175.871693106491875, -1067.634548483416438 ], [ 175.880666359073075, -1067.493483004160225 ] ], [ [ 213.977001843486505, -983.958707583136857 ], [ 216.755853851089341, -987.054646836593747 ], [ 224.936448900258256, -979.883060334250331 ], [ 226.753931441127861, -981.948626560159028 ], [ 226.868585128820996, -981.974376781843603 ], [ 250.121021879636828, -961.518748054280877 ], [ 250.110081737548171, -961.401737184263766 ], [ 237.84692542823359, -947.471394639462233 ], [ 237.729920048694112, -947.482336455024779 ], [ 224.049124886165373, -959.519063463434577 ], [ 223.432734253907256, -958.708476735278964 ], [ 223.282322800152542, -958.698451976291835 ], [ 214.333870886459408, -967.684801304712892 ], [ 199.78738596502626, -980.484119327738881 ], [ 198.732697631965493, -979.285288407467306 ], [ 198.591608323135006, -979.276268282905221 ], [ 181.727049501223519, -994.11496710870415 ], [ 181.701301725874146, -994.229629284702241 ], [ 190.62145380106449, -1004.374797170050442 ], [ 190.736113405413562, -1004.400544946081936 ], [ 213.977001843486505, -983.958707583136857 ] ], [ [ 331.107741372410601, -975.603930791839957 ], [ 339.21578094495635, -984.422257518395782 ], [ 339.330979734731955, -984.445490686222911 ], [ 363.923163405414016, -961.839750597253442 ], [ 363.946395478071281, -961.724554562009871 ], [ 355.821049623866202, -952.880176469683647 ], [ 355.705850832538999, -952.85694329906255 ], [ 331.113666979581467, -975.462683692574501 ], [ 331.107741372410601, -975.603930791839957 ] ], [ [ 82.571182895966558, -922.699795142747462 ], [ 94.758398568606935, -936.601684922352433 ], [ 88.709438437699646, -941.90549196023494 ], [ 88.700177994887781, -942.04656002856791 ], [ 105.018725028576227, -960.658435028977692 ], [ 105.159868141428888, -960.667631980031729 ], [ 106.688791982796829, -959.324438683688641 ], [ 122.11452201688553, -976.901448581367731 ], [ 120.575068873633427, -978.254248500801623 ], [ 120.565899909272048, -978.395254704169929 ], [ 143.1263246754188, -1004.090065594762564 ], [ 218.339367693546592, -938.168948987498879 ], [ 195.79969149171302, -912.417288135737181 ], [ 195.65734836883712, -912.409209872595966 ], [ 194.220243008408943, -913.714123846963048 ], [ 178.776994960722732, -896.107609965838492 ], [ 180.243300289865147, -894.821562042459846 ], [ 180.252542697848185, -894.680495173670352 ], [ 160.196166497593367, -871.839517991989851 ], [ 135.716059282140122, -893.245273542590439 ], [ 135.706763990869149, -893.386315627023578 ], [ 136.954734193293916, -894.810891098342836 ], [ 116.097474717991645, -913.101916973479092 ], [ 106.280765463596254, -901.907792962156236 ], [ 106.16614694632699, -901.881855607964098 ], [ 82.580442254800801, -922.558737237006426 ], [ 82.571182895966558, -922.699795142747462 ] ], [ [ 133.704417422215556, -1110.117140271700919 ], [ 102.228993660601191, -1071.859975983388722 ], [ 102.11173277666785, -1071.866972177289426 ], [ 92.980030516546321, -1079.380957448855042 ], [ 92.98705959590734, -1079.498267723247409 ], [ 124.462056799813581, -1117.765436816960573 ], [ 124.579394027716262, -1117.758363669738173 ], [ 133.690748570008509, -1110.257823720574379 ], [ 133.704417422215556, -1110.117140271700919 ] ], [ [ 431.937204939296862, -679.253006770275533 ], [ 438.033487826276541, -686.133201581425965 ], [ 443.790915579305874, -680.992521996609867 ], [ 437.550109960118789, -674.258524209260941 ], [ 431.946316537314488, -679.111653925850987 ], [ 431.937204939296862, -679.253006770275533 ] ], [ [ 449.489416306892963, -675.367380280047655 ], [ 443.368984242064471, -668.837933636270463 ], [ 438.227793746655152, -673.607499150559306 ], [ 444.373320808090284, -680.223173887468874 ], [ 449.484549811950274, -675.508665911853313 ], [ 449.489416306892963, -675.367380280047655 ] ], [ [ 427.406620591893443, -746.362790144048631 ], [ 421.030359099786438, -739.536622731946409 ], [ 415.527740080247895, -744.620006487704813 ], [ 421.927078777349379, -751.529393039643764 ], [ 427.401436313377417, -746.504146088846028 ], [ 427.406620591893443, -746.362790144048631 ] ], [ [ 478.842698514716176, -738.502806260250509 ], [ 470.492132839064652, -738.307837259024382 ], [ 470.420803335164237, -738.401231542229652 ], [ 470.380655253358782, -740.07954709045589 ], [ 469.017972685483983, -740.065866564400494 ], [ 468.957369807021678, -740.891438151709735 ], [ 465.117796879516391, -740.817961192689836 ], [ 464.921179145638234, -747.323209310881793 ], [ 459.520781904560863, -747.193685168400407 ], [ 451.834686214244357, -738.635314425453544 ], [ 441.69797289872804, -747.704402882605791 ], [ 456.924518358118803, -764.80987910926342 ], [ 458.197950365731231, -764.872076462954283 ], [ 458.184259876057695, -765.675721098668873 ], [ 458.251719603893434, -765.771961930207908 ], [ 493.851223784051399, -766.357381658628583 ], [ 493.926970158103359, -764.2126051960513 ], [ 496.825986945346813, -764.269774002023041 ], [ 496.927908326541001, -764.17157887108624 ], [ 497.087791038848081, -754.766777036711574 ], [ 496.993888254859485, -754.69605752825737 ], [ 494.106232560619901, -754.647131134755909 ], [ 494.404920105440397, -740.97979933116585 ], [ 480.327814482501708, -740.601512391120195 ], [ 480.331629166637867, -740.237625596113503 ], [ 480.268992884910404, -740.171925372444093 ], [ 478.903751213263604, -740.13451880402863 ], [ 478.940243939712673, -738.605128014460206 ], [ 478.842698514716176, -738.502806260250509 ] ], [ [ 357.573301487367644, -710.975250597111881 ], [ 356.7876382172999, -710.441770783625543 ], [ 356.017478791047324, -710.289371742866933 ], [ 355.320227608162895, -710.405323365703225 ], [ 354.628043037108, -710.730389434844255 ], [ 334.837743383055567, -731.782354492694139 ], [ 334.82049409082174, -731.894159683957696 ], [ 349.053397354191475, -740.082166315987706 ], [ 365.124273292271027, -749.58967652451247 ], [ 365.242449658415353, -749.577578359283507 ], [ 368.395938935580489, -746.70822911337018 ], [ 392.336756138329292, -773.018104846589267 ], [ 392.451600140730079, -773.042038147337735 ], [ 404.243121830000746, -762.387043277733028 ], [ 404.267205421067047, -762.271797575056553 ], [ 357.573301487367644, -710.975250597111881 ] ], [ [ 135.565673537548719, -709.584972213022411 ], [ 99.602895422247457, -741.30966813955456 ], [ 121.113774351091706, -765.738975455053151 ], [ 121.23080051274701, -765.727898162789643 ], [ 126.327936557538123, -761.219595757313073 ], [ 132.457188892869453, -768.17572052963078 ], [ 132.574136256223937, -768.164843277074397 ], [ 134.83318764766409, -766.180856342427433 ], [ 137.154800067039105, -768.76399147324264 ], [ 158.134190975633828, -750.262088036164641 ], [ 155.824604785613701, -747.604352861642838 ], [ 157.918194589874474, -745.752046867273748 ], [ 157.943707670670847, -745.637498502619565 ], [ 151.874765752014355, -738.736014532856643 ], [ 157.218677710137854, -734.030224980786443 ], [ 157.244381885220719, -733.91555829718709 ], [ 149.478334500176061, -725.08777168020606 ], [ 151.289257104897843, -723.488065903075039 ], [ 151.314827183885427, -723.373463080264628 ], [ 145.427281231042798, -716.681193094700575 ], [ 145.286154812021778, -716.672277795150876 ], [ 143.401659505992939, -718.333647664636374 ], [ 135.706789909880172, -709.593917280435562 ], [ 135.565673537548719, -709.584972213022411 ] ], [ [ 235.998578605540388, -797.895147298462689 ], [ 219.733818619035446, -809.59360049944371 ], [ 209.417425205650943, -819.490803234279156 ], [ 205.109891010222782, -824.408471509814262 ], [ 203.364765082307713, -828.58004714269191 ], [ 203.011610259076406, -830.786076452583075 ], [ 203.450553042528554, -833.27633982244879 ], [ 211.120655262242508, -841.456444131210446 ], [ 208.204220914900361, -844.410458849743009 ], [ 208.205114535438042, -844.551817677915096 ], [ 213.027079757952379, -849.289412919431925 ], [ 215.778946464293767, -846.920730793848634 ], [ 259.017951173207621, -893.981842068955302 ], [ 296.954935079544157, -859.5069326646626 ], [ 317.31074476732465, -841.37602440174669 ], [ 317.639006216686539, -841.726915569975972 ], [ 317.755475892090544, -841.713983134366572 ], [ 371.552198975712599, -792.847007892094553 ], [ 364.584455364189125, -785.138219337910414 ], [ 364.443252739814852, -785.131346645765007 ], [ 310.665784793407511, -833.914771359413862 ], [ 290.447235886693306, -852.133411726914346 ], [ 275.887999372896957, -835.975150193087757 ], [ 276.609614837763729, -828.008486920967698 ], [ 277.041414453608013, -824.499840253032744 ], [ 270.55569790143818, -818.069301881827414 ], [ 306.495655218888714, -794.84755193721503 ], [ 357.097938194936432, -762.966476740315557 ], [ 357.143443984894475, -762.8666319148615 ], [ 340.886772084659242, -744.836076567880809 ], [ 326.286333769881821, -739.610349964350462 ], [ 316.598388990996682, -727.102902747690678 ], [ 258.589879286013456, -717.396236802451313 ], [ 258.507393639865768, -717.491572149097919 ], [ 257.026746257382911, -765.23375815525651 ], [ 257.072134257819926, -767.243469374254346 ], [ 257.39101911236321, -768.406723149120808 ], [ 257.965489315964078, -769.466854259371758 ], [ 258.567720442693826, -769.788786086253822 ], [ 260.263418490905678, -780.130208175629377 ], [ 260.294673622791379, -782.323116164654493 ], [ 235.998578605540388, -797.895147298462689 ] ], [ [ 396.522383089630239, -685.321809835731983 ], [ 390.742520650079314, -690.377700950950384 ], [ 390.733091258891363, -690.518753909505904 ], [ 409.114857945172844, -711.535780746489763 ], [ 408.946233434911846, -711.692094940692186 ], [ 408.957129224798337, -711.808576356619596 ], [ 415.950982458538419, -719.809550365433097 ], [ 416.092291913573717, -719.818801230750978 ], [ 416.604517598103484, -719.367985239252448 ], [ 434.77981803315015, -740.151826494373381 ], [ 434.920917718322016, -740.161233850754797 ], [ 440.639535583824909, -735.154637117870152 ], [ 440.648934485285281, -735.0136136431247 ], [ 422.475009353818677, -714.233342001214623 ], [ 422.678523809870967, -714.047560123726726 ], [ 422.667793922260898, -713.930779621936381 ], [ 415.684345113302697, -705.943279603496194 ], [ 415.543459977636303, -705.933670326136053 ], [ 415.053315095008656, -706.360243998467922 ], [ 396.663452090586361, -685.331246440298855 ], [ 396.522383089630239, -685.321809835731983 ] ], [ [ 417.747180875965569, -691.814935722388327 ], [ 412.913229515259445, -696.078257819637656 ], [ 418.949225535609003, -702.974545910023153 ], [ 423.838009625727864, -698.686976892873645 ], [ 417.888214454234912, -691.824685093946755 ], [ 417.747180875965569, -691.814935722388327 ] ], [ [ 424.749630622773111, -697.622088289819658 ], [ 430.744377383849496, -692.408376408740878 ], [ 424.904895690071498, -685.651125605218112 ], [ 418.849917877529151, -690.892731439322233 ], [ 424.60868694954479, -697.611516507342458 ], [ 424.749630622773111, -697.622088289819658 ] ], [ [ 437.290214691538495, -686.885320352390409 ], [ 431.191574682119608, -680.032322013750672 ], [ 425.466596201242282, -684.930455100722611 ], [ 431.682251555932453, -691.794958939775825 ], [ 437.28062717425928, -687.027379496954381 ], [ 437.290214691538495, -686.885320352390409 ] ], [ [ 434.246729072496237, -651.996661835350096 ], [ 478.131947644455067, -701.281308023259044 ], [ 478.273069978518834, -701.289499135687947 ], [ 483.806954242430947, -696.363695772364736 ], [ 483.815133535448695, -696.222532291896641 ], [ 439.919495174939584, -646.947440540418029 ], [ 439.778389774995958, -646.939264614135027 ], [ 434.254938695905366, -651.85552857350558 ], [ 434.246729072496237, -651.996661835350096 ] ], [ [ 437.566322768298051, -659.417400985956192 ], [ 432.5183859376084, -653.593860884197056 ], [ 432.403881486943646, -653.567285091616213 ], [ 419.955240117134963, -664.363155596889555 ], [ 419.73335791889258, -664.111320299096406 ], [ 419.61577919346928, -664.121175569482148 ], [ 410.969510679142331, -671.626512359827757 ], [ 410.95918762583824, -671.767115196213126 ], [ 411.452707359729175, -672.342053725384176 ], [ 398.894397500303967, -683.238220660947263 ], [ 398.867845147240587, -683.352677766233683 ], [ 403.911463129585172, -689.176802265457809 ], [ 404.025954688489946, -689.203372275456786 ], [ 416.528103650012781, -678.36337861046195 ], [ 416.715862038152409, -678.57240551803261 ], [ 416.832953499138966, -678.562285488471389 ], [ 425.553985049595212, -670.996251725591719 ], [ 425.564256879702953, -670.855547138489783 ], [ 425.12599153260453, -670.346118286252022 ], [ 437.556306819526071, -659.558376086875796 ], [ 437.566322768298051, -659.417400985956192 ] ] ], [ [ [ 505.632300000039322, -1100.659741511568427 ], [ 504.619456664055178, -1099.501858826726675 ], [ 505.632300000048417, -1098.617493713274598 ], [ 505.632300000039322, -1100.659741511568427 ] ] ], [ [ [ 172.327119251538534, -1145.675999999977648 ], [ 172.176082798114294, -1145.170249153859913 ], [ 168.562039238968282, -1139.280786421149969 ], [ 167.339355673215323, -1135.386558159254491 ], [ 169.339289684701725, -1126.687188366428018 ], [ 181.843186883041199, -1141.157550459727645 ], [ 181.984248323691645, -1141.167773829773068 ], [ 183.911405963213838, -1139.49968452565372 ], [ 189.244984498889607, -1145.675999999977648 ], [ 172.327119251538534, -1145.675999999977648 ] ] ], [ [ [ 505.632300000008399, -1041.545781738124788 ], [ 504.952119849474911, -1040.940992685034871 ], [ 496.79618234712143, -1048.066001540049911 ], [ 486.675730845485305, -1036.326166229322553 ], [ 490.976638934467701, -1032.727155571803451 ], [ 485.692508546186218, -1026.286455334164202 ], [ 505.632299999979296, -1019.843749660998583 ], [ 505.632300000008399, -1041.545781738124788 ] ] ], [ [ [ 505.632300000039322, -997.413275219500065 ], [ 502.138121657408192, -998.531240974552929 ], [ 501.932871646378771, -994.796724219806492 ], [ 501.343259297091208, -992.778177561238408 ], [ 505.632300000082978, -991.489836810156703 ], [ 505.632300000039322, -997.413275219500065 ] ] ], [ [ [ 505.632300000075702, -984.982347198762 ], [ 505.555761816223821, -984.718328661285341 ], [ 505.63229999995383, -984.651829146780074 ], [ 505.632300000075702, -984.982347198762 ] ] ], [ [ [ 209.427967742829424, -1145.676000001840293 ], [ 212.261978241996985, -1143.860722579061985 ], [ 213.953537898460127, -1145.675999999977648 ], [ 209.427967742829424, -1145.676000001840293 ] ] ] ] } },
{ "type": "Feature", "properties": { }, "geometry": { "type": "MultiPolygon", "coordinates": [ [ [ [ 92.654108402757629, -1291.293957505375147 ], [ 91.385779854452267, -1291.249118280597031 ], [ 91.282902846765865, -1289.851500060409307 ], [ 92.078686793760426, -1276.538333274424076 ], [ 93.519011452230188, -1271.962393810972571 ], [ 93.943064061282712, -1266.900972195900977 ], [ 92.298555016694081, -1268.87426614575088 ], [ 91.952922761536684, -1269.140353514812887 ], [ 68.261478482350867, -1280.172517720609903 ], [ 61.616859372627005, -1282.235778078436852 ], [ 54.764214036009434, -1282.810172527097166 ], [ 51.049731773100575, -1282.363325146958232 ], [ 48.247526124390788, -1281.346198179759085 ], [ 45.968446750135627, -1279.885348645038903 ], [ 45.713088005386453, -1279.644855814985931 ], [ 44.084993047730677, -1277.453620261512697 ], [ 41.668538424375583, -1272.207918396219611 ], [ 39.083206287130452, -1264.833981497213244 ], [ 37.252466279171131, -1256.816856815479696 ], [ 37.154014240239121, -1250.090671912766993 ], [ 32.989067959537351, -1249.717590065672994 ], [ 28.756661753232038, -1249.463182822801173 ], [ 25.692241947081129, -1249.78537771012634 ], [ 11.250455565079392, -1227.314887543208897 ], [ 5.632300000068426, -1229.806601461023092 ], [ 5.632299999946554, -1225.387314792722464 ], [ 9.171539744913389, -1223.994752824306488 ], [ 10.160474065736707, -1223.0043193269521 ], [ 7.948328870799742, -1218.658553601242602 ], [ 6.494166205393412, -1213.071863375604153 ], [ 5.63229999998839, -1207.8031673040241 ], [ 5.632300000077521, -1170.475899865850806 ], [ 14.593354017632009, -1167.081777831539512 ], [ 10.16159565408816, -1155.370954389683902 ], [ 5.632299999944735, -1157.06156231276691 ], [ 5.632300000048417, -1147.629599712789059 ], [ 12.647271136129348, -1146.243061476387084 ], [ 15.73055218675654, -1148.250240913592279 ], [ 20.633016561658224, -1146.880540633574128 ], [ 22.911373386512423, -1149.992456214502454 ], [ 28.176327110542843, -1161.365338397212327 ], [ 28.604775219650037, -1162.50224244967103 ], [ 50.508578895149185, -1154.039047682657838 ], [ 55.091334895980253, -1145.675999999977648 ], [ 63.123932578009772, -1145.675999999977648 ], [ 62.153199436155774, -1149.186515374109149 ], [ 69.886949080217164, -1145.675999999977648 ], [ 100.83450331262793, -1145.675999999977648 ], [ 74.74845793458735, -1156.634572446346283 ], [ 46.909671455543503, -1167.855214614421129 ], [ 46.863178850318945, -1168.561622552573681 ], [ 43.949888260471198, -1177.695321670733392 ], [ 41.367632228859293, -1184.759279060177505 ], [ 50.719536219397924, -1183.494834823533893 ], [ 58.301622064498588, -1183.376534447073936 ], [ 71.804584313629675, -1184.682739534415305 ], [ 72.117484527210763, -1184.765822123736143 ], [ 72.38742458968045, -1184.944544316269457 ], [ 78.414967811368115, -1190.532497270964086 ], [ 88.651100398359631, -1200.951954228803515 ], [ 96.678036415389215, -1217.242591155692935 ], [ 99.914135182125392, -1226.033538553863764 ], [ 109.386137066579977, -1218.47208699490875 ], [ 115.621392558261505, -1214.593424426391721 ], [ 119.509241876347005, -1211.038573803380132 ], [ 120.071712278968334, -1210.782973595894873 ], [ 120.384161479229078, -1210.796953090466559 ], [ 120.921558197636841, -1211.101763173937798 ], [ 121.177158404027068, -1211.664233578369021 ], [ 121.163178909375347, -1211.976682777516544 ], [ 120.858368827244703, -1212.51407949347049 ], [ 116.902023263994124, -1216.131559577770531 ], [ 110.587259286812696, -1220.07148152962327 ], [ 100.616533731539676, -1228.031061690300703 ], [ 102.365154673234429, -1233.483224917203188 ], [ 102.411294687439295, -1233.845386446453631 ], [ 102.324315080006272, -1234.199962854385376 ], [ 99.268792004579154, -1240.96578964125365 ], [ 99.078375304372457, -1241.247158105485141 ], [ 97.426462180896124, -1242.965426513925195 ], [ 97.122200670140955, -1243.181427178904414 ], [ 96.759926160100804, -1243.270805776119232 ], [ 93.55404974544399, -1243.444578112103045 ], [ 88.747084974502286, -1243.073244540020823 ], [ 90.555670020572506, -1245.368919123895466 ], [ 94.038018735340302, -1251.222883966751397 ], [ 96.380314492402249, -1256.297399199567735 ], [ 96.923668771545636, -1259.629883605986834 ], [ 96.919215943811651, -1259.976883404888213 ], [ 96.604033099454682, -1261.640030403621495 ], [ 97.298433838650453, -1261.15162580087781 ], [ 97.793406794984548, -1259.742814575321972 ], [ 112.499520738039791, -1249.914399266242981 ], [ 112.527432506250989, -1249.959276751615107 ], [ 125.18445535304636, -1243.008032815530896 ], [ 132.945569291136053, -1238.192485295236111 ], [ 136.251082993574528, -1235.322096083313227 ], [ 143.57427714791811, -1227.865933055058122 ], [ 148.697569071160615, -1220.415511201135814 ], [ 150.035935470990808, -1223.775060249492526 ], [ 143.876433485216694, -1231.724878943525255 ], [ 136.649887000045055, -1238.834735731594265 ], [ 130.095609775657067, -1243.307118100114167 ], [ 114.154678161796255, -1252.596667613834143 ], [ 99.818251461596446, -1262.79535574093461 ], [ 95.05290159035394, -1276.711430728435516 ], [ 94.811689139422015, -1280.886863178573549 ], [ 95.182042342254135, -1289.648583763279021 ], [ 97.114750873017329, -1322.746856207959354 ], [ 96.322895727886134, -1331.159061485901475 ], [ 93.700995023962605, -1342.569327703677118 ], [ 90.87576986798922, -1347.949391653761268 ], [ 90.377478834325302, -1348.614454630762339 ], [ 96.394043153431994, -1366.390228343196213 ], [ 96.21305978001692, -1369.764353062957525 ], [ 97.432925189490561, -1374.48199550062418 ], [ 107.479841468230006, -1404.220753544010222 ], [ 109.538533596562047, -1407.635045306757092 ], [ 111.048318003118766, -1408.333009607158601 ], [ 122.238891521230471, -1402.66964381095022 ], [ 136.783298205713436, -1392.273125767707825 ], [ 150.504469676830922, -1380.594957200810313 ], [ 145.358956636138828, -1371.472896694205701 ], [ 159.438352321290949, -1364.648995353840292 ], [ 161.487221335777576, -1367.918563087470829 ], [ 161.62505417153443, -1367.950110068544745 ], [ 166.382605425271322, -1364.958225175738335 ], [ 166.390402912245918, -1364.840798791497946 ], [ 165.61349919980421, -1363.609983837231994 ], [ 167.585884730657199, -1361.788712352514267 ], [ 171.995271792582571, -1365.812948797829449 ], [ 172.110332739823207, -1365.78946331050247 ], [ 173.972032751822553, -1363.757288372144103 ], [ 175.160124214373354, -1364.852505834773183 ], [ 175.301770000562101, -1364.846335028298199 ], [ 176.781544933608529, -1363.194076240062714 ], [ 175.566298356039624, -1362.027934455312788 ], [ 177.251433179852029, -1360.199898411519825 ], [ 177.264868331796606, -1360.082794752903283 ], [ 172.938999288116975, -1356.132148195058107 ], [ 172.82206714871063, -1356.119216850027442 ], [ 172.470313943698784, -1356.49927325360477 ], [ 171.550237834648215, -1355.659768024459481 ], [ 171.437644615421959, -1355.645112867467105 ], [ 170.402612011388555, -1353.620925508439541 ], [ 174.636547609508852, -1349.390454814769328 ], [ 178.570679546784959, -1348.684895146638155 ], [ 180.522649329241176, -1348.199853437021375 ], [ 180.332816813219324, -1349.982536841183901 ], [ 190.990847167513493, -1365.369190501980484 ], [ 192.434504249289603, -1365.618325799703598 ], [ 195.043569122361077, -1371.007931148633361 ], [ 195.174764444331231, -1371.05469087138772 ], [ 195.933556542480801, -1372.717017658986151 ], [ 203.638695899258892, -1386.894846403971314 ], [ 199.374599755083182, -1389.182692089118063 ], [ 199.991014734159762, -1390.636208307929337 ], [ 195.799469710640551, -1392.499336901120842 ], [ 195.664669291250902, -1392.449911247938871 ], [ 181.963194305875732, -1399.060597187839448 ], [ 181.942287601314092, -1399.176272243261337 ], [ 184.651909885344139, -1404.789733937941492 ], [ 173.672958303988707, -1410.138314421288669 ], [ 171.913038464885176, -1407.191818642430007 ], [ 167.680031692098055, -1409.632298208773136 ], [ 167.129263117771188, -1408.889877900481224 ], [ 162.019357030780156, -1401.00722396094352 ], [ 160.840505397321976, -1400.091212042607367 ], [ 160.848380010258552, -1399.979700899682939 ], [ 155.473813947273811, -1390.833404251374304 ], [ 155.333307947821595, -1390.800040849484503 ], [ 154.45817352908125, -1389.358841069974005 ], [ 140.276556010649074, -1398.389821608550847 ], [ 142.172935371390849, -1401.530190099962056 ], [ 138.159434868344761, -1403.820731889456511 ], [ 137.192733150066488, -1401.958545454777777 ], [ 133.631192911981998, -1403.712287866510451 ], [ 133.586146004845432, -1403.846003137528896 ], [ 134.542089287499039, -1405.782656732015312 ], [ 132.357316259809522, -1406.868594244122505 ], [ 132.012782584413799, -1406.165003718808293 ], [ 131.879013330259113, -1406.119200233370066 ], [ 129.199543274427924, -1407.432257908396423 ], [ 129.153766373605322, -1407.566014617681503 ], [ 129.763562749361881, -1408.810372306965292 ], [ 128.656279254340916, -1409.353238105773926 ], [ 128.609378640307114, -1409.48316603153944 ], [ 121.348200574371731, -1413.127757742069662 ], [ 121.207509920899611, -1413.086809705942869 ], [ 106.650513084894556, -1421.751633909530938 ], [ 106.612510992259558, -1421.88053260743618 ], [ 91.122299073069371, -1430.383560978807509 ], [ 31.73253771434247, -1466.564888829365373 ], [ 31.577106691076551, -1468.339104781858623 ], [ 31.964291228416187, -1470.174622487276793 ], [ 36.340895048613675, -1472.707973912358284 ], [ 43.431154567293561, -1475.020513514988124 ], [ 45.600983038204504, -1475.906112904660404 ], [ 50.186737964579152, -1480.586226248182356 ], [ 52.730163009431635, -1485.198978465050459 ], [ 65.70663969821544, -1500.900498944334686 ], [ 77.9958399530733, -1519.863432087004185 ], [ 85.224565727192385, -1527.244492325931787 ], [ 91.480526501303757, -1530.116445200517774 ], [ 91.533623490548052, -1530.250718950293958 ], [ 108.941847675385361, -1537.324151130393147 ], [ 115.679554935040869, -1520.896702500991523 ], [ 115.628288325124231, -1520.768417194485664 ], [ 118.936142884751462, -1513.517386400140822 ], [ 119.068073612532316, -1513.469028549268842 ], [ 126.10839378925084, -1498.356179135851562 ], [ 130.005254159652395, -1496.128292300738394 ], [ 141.200755155723527, -1490.016394578851759 ], [ 141.332920736524102, -1490.058066684752703 ], [ 157.219932070825962, -1482.083170824684203 ], [ 157.264797035171796, -1481.950937858782709 ], [ 173.136783846975959, -1474.362499007023871 ], [ 177.961930568675598, -1472.713545490987599 ], [ 178.065252193038759, -1472.753015122376382 ], [ 185.844337026115682, -1470.919630849733949 ], [ 185.91777439517864, -1470.795439953915775 ], [ 193.423651201508619, -1469.035178198479116 ], [ 193.564374089361081, -1469.580989863723516 ], [ 193.686140443334807, -1469.652830458246171 ], [ 213.506735701712387, -1464.540695327334106 ], [ 213.575901871045062, -1464.408603512682021 ], [ 216.59093518429836, -1463.278149388730526 ], [ 223.372648843547722, -1461.550239975564182 ], [ 229.387339596609309, -1461.09099474363029 ], [ 229.50484388795121, -1461.18180091585964 ], [ 242.576137272026244, -1458.884739062748849 ], [ 242.656951263959854, -1458.767049998044968 ], [ 255.68303209707301, -1456.201489304192364 ], [ 260.549799278900537, -1455.407108046114445 ], [ 289.618351610874015, -1449.947273006662726 ], [ 289.728363745229217, -1450.028140057809651 ], [ 301.784333066900217, -1448.506190599873662 ], [ 301.870173330684338, -1448.387988405302167 ], [ 312.321229407882129, -1446.596088290214539 ], [ 317.145150246866251, -1445.472068328410387 ], [ 319.465774131718717, -1444.105324522592127 ], [ 321.29798493090675, -1441.175322271883488 ], [ 321.834374750596908, -1438.152530397288501 ], [ 321.94831545780653, -1438.070870880037546 ], [ 321.95318063607192, -1437.953457246534526 ], [ 315.718260279729293, -1428.578521027229726 ], [ 315.569040953925651, -1428.557711079716682 ], [ 311.732106714855036, -1424.128369307145476 ], [ 311.750011614187315, -1423.99744126200676 ], [ 306.625301441788906, -1416.423328003846109 ], [ 306.483858339108338, -1416.394669377245009 ], [ 298.252769864855509, -1404.510404817759991 ], [ 298.278197759822433, -1404.371547887101769 ], [ 278.809829319381606, -1376.092492381110787 ], [ 278.674088402716734, -1376.065266035497189 ], [ 275.671604675273556, -1371.347286907956004 ], [ 275.701158176516401, -1371.207570787519217 ], [ 256.700941611255985, -1342.641259606927633 ], [ 256.568628637776783, -1342.60953043308109 ], [ 252.73152133689473, -1335.800296634435654 ], [ 252.766640685407765, -1335.659300532191992 ], [ 242.541380402324648, -1319.635577757842839 ], [ 242.397230918892092, -1319.610387311317027 ], [ 233.673533039196627, -1308.106136170215905 ], [ 233.698563581216149, -1307.97438820078969 ], [ 225.482295772648285, -1294.7983627775684 ], [ 225.335857335629044, -1294.771879356354475 ], [ 221.750341151639077, -1290.152558822184801 ], [ 221.773254499810719, -1290.019571776501834 ], [ 210.741333763538933, -1273.171238863840699 ], [ 210.600852254967322, -1273.143735381774604 ], [ 208.289450351510823, -1269.79898037109524 ], [ 208.317933078389615, -1269.664573204703629 ], [ 197.244585705504505, -1251.818732243031263 ], [ 197.092642377128868, -1251.795355620793998 ], [ 191.921693868289367, -1245.923484458588064 ], [ 191.939433154908329, -1245.793667485006154 ], [ 186.263939581542218, -1237.334344520233572 ], [ 186.121819323900127, -1237.309318893589079 ], [ 182.002334940289074, -1231.683455261401832 ], [ 178.243397598076626, -1233.192376074381173 ], [ 173.534603468548084, -1236.00368242431432 ], [ 169.81405739593356, -1239.539651810191572 ], [ 164.557899984962205, -1242.464262158609927 ], [ 164.476815609374171, -1242.327789863571525 ], [ 164.360190498215161, -1242.313364326953888 ], [ 158.659458696280126, -1245.466543605551124 ], [ 158.60969759897489, -1245.573008196428418 ], [ 158.690077368924904, -1245.728422241285443 ], [ 150.418872335485503, -1250.329539055936038 ], [ 149.540775166209642, -1248.753241554833949 ], [ 145.670933367087855, -1250.437318784184754 ], [ 146.540775507375656, -1252.014780536293983 ], [ 141.925949639600731, -1253.904520874843001 ], [ 138.412394477654743, -1245.393486650660634 ], [ 147.639192995717167, -1242.095842879265547 ], [ 158.157660448752722, -1237.059443191625178 ], [ 158.283036377422832, -1237.114920910447836 ], [ 167.528382304539264, -1233.776113621890545 ], [ 167.593390465548509, -1233.673759118653834 ], [ 170.692249206276756, -1233.176817147992551 ], [ 170.847029325655967, -1233.247740630991757 ], [ 180.278201773577166, -1228.216123636811972 ], [ 180.32816701322372, -1228.103836281225085 ], [ 167.708081331289577, -1208.587132750079036 ], [ 167.56491770501998, -1208.560690873302519 ], [ 162.241129468864528, -1201.303490979596972 ], [ 162.264532353319737, -1201.166458569467068 ], [ 150.414505471268058, -1183.995332753285766 ], [ 150.278135213255155, -1183.968563133850694 ], [ 140.934150832330488, -1169.536847711540759 ], [ 140.96166941105912, -1169.395537978969514 ], [ 134.627935894472103, -1160.35039802454412 ], [ 134.484939389776628, -1160.328497781418264 ], [ 131.303904249924017, -1156.203759231604636 ], [ 131.326399503555876, -1156.069597749039531 ], [ 124.330961083116563, -1145.675999999977648 ], [ 139.025020883987963, -1145.676000001840293 ], [ 149.31354442312113, -1161.096648773178458 ], [ 149.430952276828975, -1161.101373417302966 ], [ 160.576513403613717, -1153.670833919197321 ], [ 160.604238668191101, -1153.532207841984928 ], [ 155.36522578585209, -1145.675999999977648 ], [ 167.202614222394914, -1145.675999999977648 ], [ 169.034832402436223, -1149.155415549874306 ], [ 172.542401419785165, -1152.705580169335008 ], [ 173.790440804621539, -1150.575983382761478 ], [ 172.327119251538534, -1145.675999999977648 ], [ 189.244984498889607, -1145.675999999977648 ], [ 189.756832795826995, -1146.268723353743553 ], [ 189.871324212394029, -1146.295502536930144 ], [ 190.581956630461718, -1145.675999999977648 ], [ 208.315874064755917, -1145.675999999977648 ], [ 208.680038487716956, -1146.15507341362536 ], [ 209.427967742829424, -1145.676000001840293 ], [ 213.953537898460127, -1145.675999999977648 ], [ 219.148090413596947, -1151.250473152846098 ], [ 216.333122544612706, -1155.81560933124274 ], [ 223.067261572608913, -1164.991738655604422 ], [ 226.493148488356383, -1162.002954052761197 ], [ 229.010749192329968, -1165.090550919994712 ], [ 238.688928878844308, -1157.674835857003927 ], [ 238.834170666639693, -1157.689261328428984 ], [ 248.396397330534455, -1149.34832994826138 ], [ 248.422611086520192, -1149.233717380091548 ], [ 245.314670170897443, -1145.675999999977648 ], [ 269.550940679493579, -1145.675999999977648 ], [ 290.170373124219623, -1169.374958868138492 ], [ 321.843929462456799, -1145.675999999977648 ], [ 337.854478283608842, -1145.676000001840293 ], [ 321.030402815318666, -1157.526999996975064 ], [ 360.924444853539171, -1208.836475157178938 ], [ 349.674669088823066, -1219.147437768056989 ], [ 308.974760718170728, -1172.843975049443543 ], [ 316.190622758093014, -1167.381076931022108 ], [ 312.882584779496028, -1163.62069551832974 ], [ 296.121109747395167, -1176.155486231669784 ], [ 299.576140319055412, -1180.964234561659396 ], [ 299.559684614601792, -1181.111809027381241 ], [ 340.266224289869569, -1227.412320137955248 ], [ 340.412124984464754, -1227.417158920317888 ], [ 348.010181288236708, -1235.017329191789031 ], [ 348.004846695268498, -1235.153047199361026 ], [ 360.268313362716071, -1249.192587374709547 ], [ 360.336505508586924, -1254.420596582815051 ], [ 360.241057447889034, -1254.52459336258471 ], [ 360.263717925405217, -1254.615002107806504 ], [ 375.636613862421655, -1271.773635287769139 ], [ 375.77198951954415, -1271.785180450417101 ], [ 380.646002566632887, -1278.045676526613533 ], [ 380.632443091681125, -1278.190680746920407 ], [ 395.127423676489343, -1294.61961717158556 ], [ 414.404182713396949, -1316.445867561735213 ], [ 414.546734288469452, -1316.453340007923543 ], [ 417.361835659805365, -1319.519151804037392 ], [ 417.355351713798882, -1319.659890080802143 ], [ 427.589542956118748, -1330.86510310228914 ], [ 442.588062768636519, -1321.423971562646329 ], [ 442.6184637745082, -1321.285323102027178 ], [ 463.742397186690141, -1307.636632720008492 ], [ 459.651534222648479, -1300.438991499133408 ], [ 460.670970259725436, -1297.7574104629457 ], [ 470.42083543388253, -1291.013716739602387 ], [ 470.459337253309059, -1290.902726584114134 ], [ 435.28732780230348, -1240.387825632467866 ], [ 435.169806161051383, -1240.38549361564219 ], [ 425.596044947920745, -1247.057569966651499 ], [ 426.65945601814019, -1238.272991059347987 ], [ 427.791735986787899, -1236.002126125618815 ], [ 426.432575458751671, -1233.279565885663033 ], [ 422.802015286632013, -1231.225885163061321 ], [ 420.279900861667556, -1231.683415747247636 ], [ 415.784579290973852, -1233.145379274152219 ], [ 412.254449720236153, -1233.230594395659864 ], [ 409.218151540921099, -1231.224515909329057 ], [ 406.163625834065897, -1227.523508807644248 ], [ 406.835532714554574, -1224.605634290724993 ], [ 409.639177933555402, -1222.373525660485029 ], [ 423.586170626464082, -1210.747491728514433 ], [ 421.837077123595009, -1202.06858294736594 ], [ 420.060259669540756, -1200.808308932930231 ], [ 417.840101283567492, -1200.510844642296433 ], [ 415.876116864417781, -1201.845907198265195 ], [ 410.867888750806742, -1208.129105189815164 ], [ 407.783363070549967, -1212.412002431228757 ], [ 375.153412436993676, -1241.11789763905108 ], [ 372.627686184701815, -1238.446349464356899 ], [ 372.634734417619256, -1238.308411189354956 ], [ 369.350035534724157, -1234.541431359946728 ], [ 385.166924250932425, -1220.744740420021117 ], [ 385.156544871239021, -1220.627712513320148 ], [ 382.157527906723772, -1217.18477594666183 ], [ 383.444550991951473, -1216.039175655692816 ], [ 382.369863008203538, -1214.742667220532894 ], [ 382.597728896564149, -1214.537847742438316 ], [ 382.603990899629935, -1214.447280156426132 ], [ 379.743520826597887, -1211.155464360490441 ], [ 379.602467879958567, -1211.145748323760927 ], [ 377.964993654157297, -1212.572465172037482 ], [ 374.984996759187197, -1209.151376836001873 ], [ 374.843959913621802, -1209.141656642779708 ], [ 374.401000822535934, -1209.527487087063491 ], [ 373.309138852338947, -1208.197805598378181 ], [ 387.35892850144046, -1196.42126845754683 ], [ 387.68232501442435, -1194.98578511364758 ], [ 386.52353342069182, -1193.040694614872336 ], [ 389.385018042814409, -1190.567013300955296 ], [ 393.123803964976105, -1189.508488182909787 ], [ 418.751618836373382, -1178.169921540655196 ], [ 421.340443060309553, -1175.774100149050355 ], [ 421.655052952615733, -1174.557367669418454 ], [ 416.419954655528272, -1166.579551597125828 ], [ 416.543765519740191, -1166.505471593700349 ], [ 416.558208598924466, -1166.388868423178792 ], [ 405.107298369959608, -1145.675999999977648 ], [ 417.152864650795891, -1145.675999999977648 ], [ 425.773142493942942, -1161.062630742788315 ], [ 427.258839259802699, -1165.676091401837766 ], [ 427.824501306031379, -1170.187347808852792 ], [ 434.132515810399127, -1172.113660767674446 ], [ 437.491093554219333, -1172.7092225831002 ], [ 445.463816201279769, -1172.653666674159467 ], [ 447.273049466821249, -1172.071179341524839 ], [ 447.413633444677544, -1171.711683394387364 ], [ 446.365747666366588, -1170.342568267136812 ], [ 447.555115440742156, -1169.390122096985579 ], [ 447.94173258601586, -1168.905470285564661 ], [ 427.705454266208108, -1145.675999999977648 ], [ 505.632300000013856, -1145.675999999977648 ], [ 505.632299999959287, -1180.145033937878907 ], [ 489.306167369479226, -1161.883893689140677 ], [ 484.805032905789631, -1161.172168749384582 ], [ 479.390318605466746, -1163.881843402981758 ], [ 479.590947340138882, -1168.343745755963027 ], [ 485.376447355276468, -1177.028136381879449 ], [ 505.632300000088435, -1200.329026343300939 ], [ 505.632300000001123, -1233.544562868773937 ], [ 491.997449272574158, -1218.0311185028404 ], [ 489.702097623987356, -1215.126606477424502 ], [ 470.535581369800639, -1193.280413357540965 ], [ 459.408560067837243, -1181.081047319807112 ], [ 458.51349143335392, -1180.660430834628642 ], [ 455.45597395369623, -1181.130690342746675 ], [ 454.117349438678502, -1181.625483095645905 ], [ 464.478750682783357, -1201.114572841674089 ], [ 466.589128215437086, -1204.380078724585474 ], [ 468.81882736746411, -1206.029858192428946 ], [ 481.337919702747968, -1210.997882784344256 ], [ 484.832016952239428, -1216.414671707898378 ], [ 505.632299999959287, -1254.170970395207405 ], [ 505.632300000022951, -1266.434743896126747 ], [ 477.023518531847003, -1214.950134051963687 ], [ 476.887582104183821, -1214.911317178048193 ], [ 469.144235577308791, -1219.214488301426172 ], [ 449.542825933232962, -1183.944033256731927 ], [ 449.385337371482819, -1183.917195793241262 ], [ 447.27486674692409, -1181.647552854381502 ], [ 444.258231261164838, -1179.716402573511004 ], [ 440.193452039171461, -1178.622937545180321 ], [ 437.055218786837941, -1178.872783380560577 ], [ 432.718156291544801, -1180.174717830494046 ], [ 429.277232494854616, -1181.93402143754065 ], [ 428.088520407836768, -1184.191354341804981 ], [ 427.379571855251925, -1195.787274643778801 ], [ 428.704667049936688, -1204.862485822290182 ], [ 429.42608504666714, -1210.544475535862148 ], [ 431.910749437731283, -1216.403420654125512 ], [ 443.188610470042477, -1235.180018777027726 ], [ 477.74711394343467, -1284.566662836819887 ], [ 475.866225959271105, -1288.495144452899694 ], [ 476.337290493536784, -1290.580576982349157 ], [ 480.919361062560711, -1297.422948019579053 ], [ 493.25064546725298, -1289.725253867916763 ], [ 490.646467705913892, -1285.531059096567333 ], [ 493.361616404848974, -1283.196926842443645 ], [ 493.461349041390349, -1281.482259674929082 ], [ 491.823529080904336, -1278.188864961266518 ], [ 496.162361052622146, -1275.15907484665513 ], [ 496.292058278619152, -1275.189805433154106 ], [ 505.632299999955649, -1269.990011419169605 ], [ 505.632299999961106, -1318.07433376275003 ], [ 498.776134076750168, -1311.824987974949181 ], [ 498.612834240951997, -1311.855829973705113 ], [ 496.678897564861472, -1310.988441852852702 ], [ 493.325005020282333, -1306.20638458058238 ], [ 493.213988611507375, -1306.168169726617634 ], [ 482.918311638846717, -1313.357469554059207 ], [ 482.889404263461984, -1313.487969954498112 ], [ 473.620323879829812, -1318.711520219221711 ], [ 473.478480001662319, -1318.676823649555445 ], [ 456.719887469749665, -1329.134375058114529 ], [ 456.67579995306005, -1329.243316721171141 ], [ 456.823492355530107, -1329.489178037270904 ], [ 452.775440276524023, -1331.898653416894376 ], [ 452.740418519482773, -1332.033479412086308 ], [ 446.169489720066849, -1335.765113864094019 ], [ 446.02420927114872, -1335.733081383630633 ], [ 437.255593615707767, -1341.769354362972081 ], [ 437.260682321997592, -1341.89385159406811 ], [ 450.296200482278437, -1356.946590266190469 ], [ 450.432890450458217, -1356.959412043914199 ], [ 453.343012907746015, -1360.685675972141325 ], [ 453.336724429622336, -1360.827177191153169 ], [ 468.593933968819329, -1377.440277959220111 ], [ 468.738878007232415, -1377.442892456427217 ], [ 472.448557690013331, -1381.09616363979876 ], [ 473.824238529776267, -1382.666705409064889 ], [ 472.942972920505781, -1385.186957343481481 ], [ 501.431470301598893, -1417.867215415462852 ], [ 505.318363477221283, -1414.885049289092422 ], [ 503.283627938273639, -1412.411446399986744 ], [ 505.63230000006115, -1410.381742669269443 ], [ 505.63230000002477, -1441.328151098452508 ], [ 465.314879377321631, -1394.447969743981957 ], [ 459.228428160291514, -1387.458656094036996 ], [ 459.239738558248064, -1387.319431173615158 ], [ 450.359536259453307, -1376.905534621328115 ], [ 450.215629678863479, -1376.896866717375815 ], [ 445.26345515943467, -1371.529366083443165 ], [ 433.562068312034171, -1380.092048224061728 ], [ 431.218837284681285, -1376.398847480304539 ], [ 431.101571032277207, -1376.391315922141075 ], [ 429.060850613723233, -1377.682503309100866 ], [ 427.609094657131209, -1375.445596248842776 ], [ 421.013530431899198, -1379.559775811620057 ], [ 413.372523828300473, -1366.716718434356153 ], [ 418.853926653922827, -1363.377865328453481 ], [ 420.998714286262839, -1365.990224371664226 ], [ 423.875322176487316, -1364.264863778837025 ], [ 425.829952901023717, -1366.770110806450248 ], [ 428.964634960695548, -1364.423658738844097 ], [ 435.345909725472666, -1371.24739536922425 ], [ 441.912311234265871, -1365.151279604993761 ], [ 428.446564722604307, -1350.584036353044212 ], [ 423.137688284738033, -1350.386719876900315 ], [ 408.842628190059258, -1359.280402796342969 ], [ 408.810484650417493, -1359.417946055531502 ], [ 400.590348806754264, -1364.513872561976314 ], [ 400.451590066673816, -1364.48228716198355 ], [ 387.750743290082028, -1372.589727483689785 ], [ 387.721358539232824, -1372.729478975757957 ], [ 359.228513963285877, -1390.728147021494806 ], [ 363.725432707027721, -1397.572048614732921 ], [ 375.907535990198085, -1415.820481674745679 ], [ 380.007608078458361, -1422.135622967034578 ], [ 380.676123625957189, -1422.408023901283741 ], [ 387.434269412795402, -1418.495924068614841 ], [ 393.421874847288564, -1414.688045907765627 ], [ 393.551075407265671, -1414.899042307399213 ], [ 409.550494061553763, -1405.490861427970231 ], [ 423.941674376474111, -1400.994556628167629 ], [ 427.903641344571952, -1407.304826091043651 ], [ 400.828654351411387, -1424.557925109751523 ], [ 406.204996866723377, -1433.040955429896712 ], [ 433.324913518461472, -1415.817967131733894 ], [ 433.884932976108757, -1416.61418067663908 ], [ 446.383928722039855, -1416.800191995687783 ], [ 450.85734042574768, -1422.629578952677548 ], [ 438.96071533374743, -1422.489329488016665 ], [ 438.950139065545955, -1422.658830972388387 ], [ 430.699138246542134, -1433.452836059965193 ], [ 413.252963808179629, -1448.654760785400867 ], [ 413.009810885063416, -1452.501415501348674 ], [ 399.306597013553983, -1451.902318346314132 ], [ 397.702034130794345, -1452.547020466998219 ], [ 387.391076175956186, -1433.824689075350761 ], [ 387.274242832021628, -1433.810260903090239 ], [ 382.945081686844787, -1436.213147282600403 ], [ 381.127278482899783, -1433.139414843171835 ], [ 380.980540976166594, -1433.109449606388807 ], [ 376.629183858842225, -1427.312204504385591 ], [ 375.391295142007948, -1425.524681354872882 ], [ 355.230688737148739, -1393.080940301530063 ], [ 353.518901174742496, -1394.080791472457349 ], [ 353.379663694353439, -1394.046398520469666 ], [ 336.292114378769838, -1404.699374781921506 ], [ 336.263039378507528, -1404.841682931408286 ], [ 326.447006374684861, -1411.725459531880915 ], [ 326.311045211899909, -1411.698784496635199 ], [ 319.748240536351659, -1415.987989614717662 ], [ 327.100384907784246, -1427.314047031104565 ], [ 327.245431435114369, -1427.338699263520539 ], [ 327.431747598391667, -1427.579585227183998 ], [ 327.425229744492754, -1427.701449940912426 ], [ 329.315913455482587, -1430.397758042439818 ], [ 329.427311657273094, -1430.435863384976983 ], [ 329.569778267090442, -1430.341259988956153 ], [ 332.039082498566131, -1433.530677618458867 ], [ 331.96789387390163, -1433.695366228930652 ], [ 335.766866730424226, -1439.589098753407598 ], [ 335.905348174406754, -1439.618770617991686 ], [ 346.937380976087297, -1456.601139757782221 ], [ 346.910077831093076, -1456.742434048093855 ], [ 359.778162680871901, -1474.754627863876522 ], [ 359.916923312126528, -1474.778203062713146 ], [ 385.368673154780481, -1510.985928427428007 ], [ 395.34985888268784, -1516.227653688751161 ], [ 409.379193151966319, -1507.480193288996816 ], [ 411.294342258361212, -1505.134283374994993 ], [ 412.31662756105834, -1501.765779746696353 ], [ 412.41012533634057, -1498.62489730399102 ], [ 411.430279279316892, -1496.884943217039108 ], [ 404.708948457831866, -1487.333142667077482 ], [ 410.881655063345534, -1483.807009303942323 ], [ 422.698895156572689, -1503.731103533878922 ], [ 421.994134643542566, -1504.145177836529911 ], [ 421.958793974095897, -1504.282362648285925 ], [ 434.162332815027185, -1524.85839026235044 ], [ 431.65948012260742, -1526.411235394887626 ], [ 433.864275258161797, -1530.167797558940947 ], [ 429.58636944119462, -1532.689003631472588 ], [ 427.438348151456012, -1529.070913128554821 ], [ 427.321327978648696, -1529.059933370910585 ], [ 426.103944239428529, -1529.781209480017424 ], [ 417.438987969504524, -1515.195129194296896 ], [ 411.987213284579411, -1518.385394871234894 ], [ 409.932968166063802, -1514.912131738848984 ], [ 409.82501969745681, -1514.865485314279795 ], [ 398.376058566431311, -1521.669045937247574 ], [ 418.01303316718986, -1554.857850469648838 ], [ 427.210487170241322, -1549.450482655316591 ], [ 427.828505506327929, -1550.49217292573303 ], [ 427.965428236369917, -1550.527173883281648 ], [ 446.263034144541962, -1539.689188105985522 ], [ 446.298104805415278, -1539.552243232727051 ], [ 445.680103132579461, -1538.508596590720117 ], [ 454.735488253421863, -1533.09679158590734 ], [ 451.41327767493749, -1527.468624642118812 ], [ 452.133598450775025, -1527.040272610262036 ], [ 452.180128554848125, -1526.932844519615173 ], [ 449.339131596665538, -1522.069227511994541 ], [ 449.202359051956591, -1522.033356578089297 ], [ 448.445620000251438, -1522.475815306417644 ], [ 433.489738155176383, -1497.213725534267724 ], [ 433.353028702356823, -1497.178526056930423 ], [ 432.17482444171219, -1497.871944088488817 ], [ 417.431229199961308, -1472.994292626157403 ], [ 431.957956608233872, -1472.323652788996696 ], [ 446.279585341870188, -1497.546574169769883 ], [ 452.062172137244488, -1494.285986094735563 ], [ 463.747014140410101, -1511.525766682811081 ], [ 502.302695633248732, -1485.730743965134025 ], [ 505.632300000059331, -1490.820187141187489 ], [ 505.632299999992028, -1495.182375657372177 ], [ 503.062954554203316, -1497.008143834769726 ], [ 499.916918425622498, -1492.221332907676697 ], [ 474.747790532030194, -1508.717793984338641 ], [ 482.628653565730929, -1520.108647829852998 ], [ 505.632299999922907, -1507.222884603776038 ], [ 505.632299999933821, -1522.713311893865466 ], [ 502.276084168730449, -1524.697418066672981 ], [ 502.138276042176585, -1524.662818629294634 ], [ 489.549201973481104, -1532.284937783144414 ], [ 489.516664278842654, -1532.424204211682081 ], [ 482.515259917336152, -1536.614241486415267 ], [ 482.410545176937376, -1536.44328741915524 ], [ 482.293618956617138, -1536.431216434575617 ], [ 475.663297404551486, -1540.277284531854093 ], [ 475.635775975290017, -1540.429112130776048 ], [ 446.975652486531544, -1559.374073366634548 ], [ 446.858008710934882, -1559.335040577687323 ], [ 441.016215439134612, -1561.525289275683463 ], [ 440.961139919358175, -1561.663092089816928 ], [ 433.22585926218926, -1565.969896223396063 ], [ 433.08948995143146, -1565.931420302949846 ], [ 424.958730101558103, -1570.62442693207413 ], [ 434.164386814309182, -1596.061844728887081 ], [ 434.270174561128442, -1596.126030676998198 ], [ 434.983033910148151, -1599.354138434864581 ], [ 434.910205703627071, -1599.484914382919669 ], [ 438.204490446680211, -1609.054494158364832 ], [ 438.331052928282588, -1609.116568909026682 ], [ 440.836631727632266, -1616.515339385718107 ], [ 451.528879202443932, -1645.675999999977648 ], [ 438.744910451287069, -1645.675999999977648 ], [ 429.82474358509171, -1620.050757869146764 ], [ 418.391442274190922, -1623.973743394948542 ], [ 418.324262413210818, -1624.070204973220825 ], [ 425.830797894894204, -1645.675999999977648 ], [ 419.032989066427035, -1645.676000001840293 ], [ 410.772299400079646, -1625.116740617901087 ], [ 410.259450849454879, -1622.041790617629886 ], [ 405.021010521133576, -1623.048228585161269 ], [ 401.482637950271965, -1627.432899107225239 ], [ 401.213516152267403, -1629.422172408550978 ], [ 402.131793164733608, -1632.605321103706956 ], [ 408.348753745716749, -1645.675999999977648 ], [ 401.1448225647855, -1645.675999999046326 ], [ 398.784225850260555, -1640.942539579235017 ], [ 398.650200417792803, -1640.897665260359645 ], [ 389.09317536665003, -1645.675999999977648 ], [ 382.569850424342803, -1645.675999999977648 ], [ 383.490413494868335, -1644.439593158662319 ], [ 395.762695265948423, -1626.676650459878147 ], [ 396.005497711710632, -1624.277636940591037 ], [ 395.971422369366337, -1623.796769293025136 ], [ 396.084350216027815, -1623.498533491976559 ], [ 396.213369299457554, -1622.223758338019252 ], [ 395.464967817772049, -1620.359282185323536 ], [ 426.776121789824174, -1607.150510666891932 ], [ 420.38735529951191, -1592.715373923070729 ], [ 409.853411301373853, -1576.494428063742816 ], [ 409.886541039875738, -1576.36227251123637 ], [ 399.616744246628514, -1558.091085931286216 ], [ 399.476961403584937, -1558.054984028451145 ], [ 396.002209977792518, -1552.438604664057493 ], [ 386.793492556083947, -1536.313896830193698 ], [ 382.464985924152643, -1528.91796800121665 ], [ 367.681875911401221, -1506.852487578056753 ], [ 348.269801072925475, -1478.69298788625747 ], [ 340.846643988048527, -1468.107079342007637 ], [ 338.600289574031194, -1468.887151968665421 ], [ 336.442676576778467, -1471.26224013324827 ], [ 336.14290039837033, -1470.823523486964405 ], [ 316.165062193129415, -1492.352202318608761 ], [ 312.819261031818314, -1495.957914717495441 ], [ 291.262470647745431, -1521.243057951331139 ], [ 273.704204070190826, -1535.026750545017421 ], [ 274.64104498334018, -1536.591857988387346 ], [ 272.279946390812256, -1538.147309578955173 ], [ 271.871146129898989, -1539.680037927813828 ], [ 276.105733312435405, -1547.914784647524357 ], [ 277.727069617420057, -1550.368890159763396 ], [ 279.196640243177171, -1551.965646759606898 ], [ 307.948554706945288, -1610.311879171058536 ], [ 307.903965294723093, -1610.447503994219005 ], [ 313.522154306352604, -1621.30583715159446 ], [ 313.657221024195678, -1621.348506443202496 ], [ 325.279548260165029, -1643.599870823323727 ], [ 325.00465780975901, -1643.735523142851889 ], [ 324.982942378559528, -1643.851017489098012 ], [ 325.847633372521159, -1645.675999999977648 ], [ 280.409680519835092, -1645.675999999977648 ], [ 301.68300185951739, -1635.575975763611495 ], [ 303.075599829106068, -1631.06527962628752 ], [ 275.998323709647593, -1575.588158097118139 ], [ 274.397702318477968, -1575.198334674350917 ], [ 268.921050600962189, -1576.289128679782152 ], [ 267.169377005047863, -1577.033526867628098 ], [ 242.165658673886355, -1589.464537817053497 ], [ 223.207650833996013, -1595.851077964529395 ], [ 212.264011741539434, -1595.771711659617722 ], [ 205.900859633715299, -1593.73586402926594 ], [ 201.909676893086726, -1589.856861772947013 ], [ 199.489231846493567, -1586.409374038688838 ], [ 196.411085273197386, -1579.814411712810397 ], [ 194.644312379079565, -1566.833889531902969 ], [ 191.505412233269453, -1553.768960937857628 ], [ 187.279362369981754, -1546.752396208234131 ], [ 189.078038420539087, -1543.900945986621082 ], [ 195.52087551736804, -1539.906395575962961 ], [ 211.960008690295581, -1532.786748986691236 ], [ 255.862739239533767, -1509.974886464886367 ], [ 256.490031211984387, -1508.807782472111285 ], [ 258.227843354579818, -1500.750512992963195 ], [ 258.405470763482299, -1500.361258873715997 ], [ 265.640287243089915, -1490.720411228947341 ], [ 265.869759803868874, -1490.499260201118886 ], [ 291.79554479788203, -1472.500556252896786 ], [ 290.525295636532974, -1465.077217017300427 ], [ 289.591111810514121, -1465.20540465041995 ], [ 289.47602867664682, -1465.120324118062854 ], [ 285.706195403661695, -1465.732168101705611 ], [ 285.624213041090115, -1465.85094494652003 ], [ 266.196794388741182, -1469.836112788878381 ], [ 266.082534720169861, -1469.757560627534986 ], [ 256.577742055356794, -1471.378658925183117 ], [ 255.767001583482852, -1471.517500077374279 ], [ 255.68530371752604, -1471.630043980665505 ], [ 231.423032315051387, -1475.079077815636992 ], [ 178.36494042418235, -1486.334125646390021 ], [ 139.853084913695056, -1505.714907607994974 ], [ 133.526084162833286, -1518.671576623804867 ], [ 144.113021129915069, -1523.357163404114544 ], [ 144.573276567209177, -1523.769315260462463 ], [ 144.686155073926784, -1524.060997144319117 ], [ 144.623248575901016, -1524.675608396530151 ], [ 144.21109671972772, -1525.135863834992051 ], [ 143.607127505942117, -1525.265961521305144 ], [ 143.304803584554975, -1525.185835843905807 ], [ 132.66126056711073, -1520.475184704177082 ], [ 117.382959807293446, -1553.003282891586423 ], [ 118.617853074543746, -1555.065103825181723 ], [ 84.53503705886942, -1589.52951483707875 ], [ 84.537273370377079, -1589.672305985353887 ], [ 77.575234832896967, -1597.004125273786485 ], [ 77.419225702193216, -1597.029688884504139 ], [ 69.751224932739206, -1611.186135143972933 ], [ 69.788604596473306, -1611.318722412921488 ], [ 57.996366869832855, -1636.170611870475113 ], [ 59.675526780134533, -1640.976261742413044 ], [ 59.613474222420336, -1641.101681411266327 ], [ 61.121674875643293, -1645.676000001840293 ], [ 45.360009002317383, -1645.675999999977648 ], [ 44.425461530732719, -1643.14841206278652 ], [ 35.600586695301899, -1645.675999999977648 ], [ 5.63230000002477, -1645.676000001840293 ], [ 5.632299999997485, -1640.860646558925509 ], [ 7.986061819039605, -1641.223068096674979 ], [ 13.009334877178844, -1639.369304936379194 ], [ 23.025741370771357, -1635.45387954171747 ], [ 23.136649894129732, -1635.736394111067057 ], [ 23.244003586056351, -1635.771038342267275 ], [ 38.890019855130959, -1631.141984993591905 ], [ 38.92584179984442, -1631.025217153131962 ], [ 33.875955497444011, -1617.604125871323049 ], [ 33.65314935634342, -1617.6140729887411 ], [ 31.907214783288509, -1616.981508504599333 ], [ 26.2441556725189, -1618.97961404453963 ], [ 5.632299999992028, -1629.779625218361616 ], [ 5.632300000052055, -1623.152070843614638 ], [ 6.627123456808476, -1625.781964919529855 ], [ 30.918207204542341, -1612.829560771584511 ], [ 31.882392805813652, -1611.251635022461414 ], [ 31.900294507579019, -1610.636597900651395 ], [ 31.687372943784794, -1610.139977600425482 ], [ 30.957717359846356, -1607.562960494309664 ], [ 13.89919970115443, -1561.065696504898369 ], [ 5.632299999966563, -1537.34300075378269 ], [ 5.632300000082978, -1488.993753299117088 ], [ 17.082499171145173, -1520.200701089575887 ], [ 17.21445034070166, -1520.258224122226238 ], [ 18.933770555084266, -1524.407592138275504 ], [ 31.52667049710908, -1517.229282151907682 ], [ 36.408500281711895, -1515.314300896599889 ], [ 38.88946045571538, -1514.894227933138609 ], [ 39.24138789857534, -1514.900710329413414 ], [ 39.569252524723197, -1515.028771772049367 ], [ 41.216251154050042, -1516.037074889987707 ], [ 41.466535863728495, -1516.254851991310716 ], [ 41.631762833332687, -1516.542548623867333 ], [ 41.693733174215595, -1516.868476498872042 ], [ 41.753523063416651, -1519.690878171473742 ], [ 42.212271923484877, -1525.253920732066035 ], [ 41.942181281425292, -1532.833823751658201 ], [ 41.459462423124933, -1535.140322830528021 ], [ 42.442265788162331, -1535.685505903325975 ], [ 42.638420629720713, -1535.982291847467422 ], [ 43.659621978458745, -1538.363516115583479 ], [ 46.136612670246905, -1549.262261151336133 ], [ 46.441955858501387, -1549.187855133786798 ], [ 48.25806714893406, -1550.106660797260702 ], [ 50.251184076010759, -1550.737191379070282 ], [ 51.707701260993417, -1550.702292365022004 ], [ 55.694178891202682, -1550.392332458868623 ], [ 57.261352102195815, -1551.619209962897003 ], [ 58.545007747839918, -1557.058177662082016 ], [ 59.763486106941855, -1560.017602361738682 ], [ 61.056483187972844, -1562.31792598683387 ], [ 63.100770583845588, -1566.412019645795226 ], [ 64.516405832504461, -1570.354905613698065 ], [ 64.786798911876758, -1574.107460389845073 ], [ 62.277014089013392, -1577.21928674262017 ], [ 61.798111866648469, -1579.111116709187627 ], [ 64.597111422661328, -1586.107861675322056 ], [ 68.196594471432036, -1584.538267448544502 ], [ 69.270712852576253, -1583.969115767627954 ], [ 72.173046117273771, -1582.021679230965674 ], [ 73.451788135969764, -1580.873441171832383 ], [ 76.171754300728935, -1578.21209416911006 ], [ 88.638982370750455, -1565.772861942648888 ], [ 99.076075355802459, -1555.080107408575714 ], [ 102.512475314162657, -1551.330981411039829 ], [ 105.840648517503723, -1544.319497453980148 ], [ 81.198333986196303, -1533.117328851483762 ], [ 79.19891003513294, -1532.426476574502885 ], [ 77.738413885241243, -1532.483211985789239 ], [ 74.926562240927524, -1534.301783664152026 ], [ 62.57356652181079, -1513.760425708256662 ], [ 64.739955146957072, -1512.553931844420731 ], [ 58.006061875896194, -1502.321123154833913 ], [ 49.63797593403433, -1492.873762179166079 ], [ 48.521495195220268, -1492.085324021056294 ], [ 44.207329147666314, -1493.41230036970228 ], [ 37.531934521495714, -1495.984519328922033 ], [ 36.853749170175433, -1497.477176832966506 ], [ 38.123526432160361, -1501.146361650899053 ], [ 33.822509600695412, -1501.911339688114822 ], [ 33.693970447639003, -1501.833335746079683 ], [ 26.35201092333773, -1504.031072609126568 ], [ 20.121817367682524, -1486.272827691398561 ], [ 24.38590503242267, -1483.293911510147154 ], [ 27.251429117286534, -1491.953208182007074 ], [ 28.373245513097572, -1493.159159163013101 ], [ 29.942854869255825, -1493.280419324524701 ], [ 42.663743787463318, -1488.527074125595391 ], [ 44.018795502644934, -1486.622410058043897 ], [ 44.12944532259462, -1484.686085383407772 ], [ 43.311144488770879, -1483.003391998820007 ], [ 40.637160183779997, -1481.308719238266349 ], [ 36.069300222290622, -1479.896552938036621 ], [ 31.216672364376791, -1478.005339365452528 ], [ 24.688001819584315, -1473.138231390155852 ], [ 22.184118922732523, -1472.360766803845763 ], [ 18.789849702208812, -1474.421664157882333 ], [ 18.652490816573845, -1474.388114866800606 ], [ 5.632300000053874, -1482.292035590857267 ], [ 5.632299999999304, -1470.929377285763621 ], [ 43.439091058577105, -1448.474428460933268 ], [ 43.873828487454375, -1446.138331720605493 ], [ 38.448789846735963, -1430.828708574175835 ], [ 37.402010259529561, -1430.584744568914175 ], [ 32.190504453488757, -1432.509992046281695 ], [ 24.672656117843871, -1411.484488291665912 ], [ 21.989299116419716, -1412.728462494909763 ], [ 20.188758047290321, -1414.649975755251944 ], [ 5.63229999997202, -1427.425939056091011 ], [ 5.632299999973839, -1424.765777033753693 ], [ 18.832540886180141, -1413.180143179371953 ], [ 20.062572460561569, -1411.862528674304485 ], [ 19.305444831657951, -1410.943723608739674 ], [ 5.632300000068426, -1400.598471653647721 ], [ 5.632299999979296, -1398.091375336050987 ], [ 20.605408162446111, -1409.420193903148174 ], [ 21.67205426790315, -1410.671825665980577 ], [ 24.001835449302234, -1409.607465611770749 ], [ 14.291538357925674, -1383.020175846293569 ], [ 5.632299999997485, -1386.288103538565338 ], [ 5.63229999997202, -1346.859307433478534 ], [ 15.550524142983704, -1343.271009000949562 ], [ 35.945048144822067, -1399.424391966313124 ], [ 52.075728000023446, -1393.618943193927407 ], [ 52.132857560782213, -1393.483241933397949 ], [ 56.066620434974539, -1391.683720639906824 ], [ 88.065561470328248, -1379.87670474126935 ], [ 98.164832295238739, -1397.70998168643564 ], [ 102.948018288418098, -1412.626648470759392 ], [ 104.255746790126068, -1410.75088750012219 ], [ 104.46995111330034, -1406.857907393947244 ], [ 94.723258812740823, -1378.013160463422537 ], [ 93.247542743103622, -1375.435484408400953 ], [ 91.550090631959392, -1374.458946024999022 ], [ 87.069357585181933, -1374.307343977503479 ], [ 76.505460208672957, -1345.31871747598052 ], [ 76.379818542543944, -1345.258530632592738 ], [ 74.318703472212292, -1339.123276336118579 ], [ 80.63929211836512, -1336.966466447338462 ], [ 81.369920228706178, -1336.068544437177479 ], [ 78.892122710885815, -1329.273291823454201 ], [ 72.935640328196314, -1320.160977107472718 ], [ 69.064484504713619, -1317.446105431765318 ], [ 65.926868300262868, -1316.138956889510155 ], [ 61.577471428263379, -1315.480052968487144 ], [ 54.317938545364086, -1315.966783352196217 ], [ 54.170800164041793, -1317.466189704835415 ], [ 52.148519748943727, -1317.890047691762447 ], [ 50.91696546563071, -1319.136801453307271 ], [ 49.663430702477854, -1321.389233239926398 ], [ 49.018625909471666, -1325.266950596123934 ], [ 49.549347605334333, -1329.664569874294102 ], [ 51.643820709776264, -1335.902316921390593 ], [ 37.330763201449372, -1341.239856517873704 ], [ 40.90479165839497, -1350.729894541203976 ], [ 37.119447445762489, -1352.119901846162975 ], [ 31.68911411541194, -1337.162170101888478 ], [ 42.640533885874902, -1333.207432987168431 ], [ 42.706489974860233, -1333.110052280128002 ], [ 36.865754537533576, -1316.997861344367266 ], [ 36.737685134939966, -1316.93798615783453 ], [ 25.611950674863692, -1320.975031965412199 ], [ 25.030894563569746, -1319.389965346083045 ], [ 24.933656699160565, -1319.324463382363319 ], [ 18.728003397665816, -1321.564343777485192 ], [ 13.975797503308058, -1308.204824208281934 ], [ 20.334521957653124, -1305.942346218973398 ], [ 20.394895326609912, -1305.813828376121819 ], [ 8.966116867984965, -1274.564573971554637 ], [ 17.279485468199709, -1271.523949696682394 ], [ 19.730491203359634, -1277.223845830187201 ], [ 18.727091484570337, -1280.595197074115276 ], [ 24.604748689163898, -1296.434407961554825 ], [ 29.821601642017413, -1306.041977834887803 ], [ 33.725710313727177, -1309.966117463074625 ], [ 45.900505677363981, -1311.424437022767961 ], [ 65.435461584776931, -1312.450561461038888 ], [ 70.234686914691338, -1313.992158214561641 ], [ 73.639187318663971, -1316.289890633895993 ], [ 76.516309541342707, -1319.080366589128971 ], [ 81.042093724559891, -1325.727091625332832 ], [ 87.974207973633384, -1341.437364142388105 ], [ 89.556722580064161, -1346.172575565986335 ], [ 91.78211114282567, -1341.992548735812306 ], [ 94.359445804091592, -1330.776229692623019 ], [ 95.117010053536433, -1322.63710065651685 ], [ 93.277222324126342, -1291.315964108332992 ], [ 92.654108402757629, -1291.293957505375147 ] ], [ [ 96.119766059218819, -1264.506395747885108 ], [ 96.157770404644907, -1264.398226304911077 ], [ 96.125935412504987, -1264.420617346651852 ], [ 96.119766059218819, -1264.506395747885108 ] ], [ [ 38.413796656948762, -1249.221230501309037 ], [ 38.715073820383623, -1249.362301743589342 ], [ 38.939289603713405, -1249.580354976467788 ], [ 39.138375236816501, -1250.165221910923719 ], [ 39.225152784927559, -1256.47487124428153 ], [ 41.019700968970938, -1264.333505781367421 ], [ 43.539690500940196, -1271.50215585436672 ], [ 45.752782584635497, -1276.345972221344709 ], [ 47.211663743122699, -1278.309464739635587 ], [ 49.050853701102824, -1279.51198735460639 ], [ 51.415149554301024, -1280.394245020113885 ], [ 54.7069727422695, -1280.809022426605225 ], [ 61.129884015730568, -1280.293507328256965 ], [ 67.604010599216053, -1278.283187625929713 ], [ 90.905749363571886, -1267.422613302245736 ], [ 94.228971896251096, -1263.434982513077557 ], [ 94.922058125775948, -1259.777726680971682 ], [ 94.429535074275918, -1256.756998885422945 ], [ 92.24939369958156, -1252.117583122104406 ], [ 88.872179168933144, -1246.449450327083468 ], [ 85.891413521381764, -1242.689306079410017 ], [ 83.539264637014639, -1241.45576105825603 ], [ 81.440227686942308, -1239.457595404237509 ], [ 81.220028995241591, -1239.148532627150416 ], [ 80.53017330768489, -1237.636694168671966 ], [ 80.010860207359656, -1235.107697764411569 ], [ 78.926507647256585, -1233.899969641119242 ], [ 67.737727008890943, -1228.735773076303303 ], [ 63.331508053972357, -1228.409488137811422 ], [ 57.950015667811385, -1236.13790967874229 ], [ 57.45757295513431, -1236.511011003516614 ], [ 56.839874976429201, -1236.523405753076077 ], [ 56.558409657956872, -1236.387034186162055 ], [ 56.187715579266296, -1235.899090472608805 ], [ 57.222831522973138, -1235.602868814952672 ], [ 56.593383032839483, -1234.58743202406913 ], [ 61.310549988011189, -1227.813055662438273 ], [ 53.599788867186362, -1224.524641870521009 ], [ 47.705339447744336, -1219.661892496049404 ], [ 47.401671900806832, -1219.231440873816609 ], [ 46.464584376511993, -1216.512537078931928 ], [ 47.119524885101782, -1213.856721355579793 ], [ 47.330881038489679, -1213.457123215310276 ], [ 50.529854614444048, -1209.7697331039235 ], [ 55.512596741202287, -1206.043547121807933 ], [ 60.410841778477334, -1203.784073599614203 ], [ 64.670239447643326, -1202.227329332381487 ], [ 64.991700989423407, -1200.272115668281913 ], [ 64.774544372736273, -1196.647434853948653 ], [ 63.905978610937382, -1193.563265669159591 ], [ 62.549071972323873, -1190.386146588250995 ], [ 60.485669260133363, -1187.777509748935699 ], [ 57.92744761810718, -1185.381549208424985 ], [ 50.928042267534693, -1185.484150383621454 ], [ 40.640524772834397, -1186.87509626429528 ], [ 38.576697074691765, -1194.063568469136953 ], [ 38.282293724025294, -1194.532809420488775 ], [ 35.961983602215696, -1196.608157065697014 ], [ 35.480218373117168, -1196.623417183756828 ], [ 35.219411019035761, -1197.272333913482726 ], [ 34.930556906245329, -1197.480566957034171 ], [ 26.464381077597864, -1201.62742692232132 ], [ 24.291097008554061, -1203.10903830267489 ], [ 25.140732041909359, -1211.815805660560727 ], [ 23.14766969381526, -1211.977200459688902 ], [ 22.30132206495, -1203.304121435619891 ], [ 18.987184369883835, -1201.843990846537054 ], [ 17.35779821914366, -1199.35059539694339 ], [ 13.463747293299093, -1195.146840695291758 ], [ 9.55511244346053, -1193.105831110849977 ], [ 9.240342642899122, -1192.848067822866142 ], [ 8.370305734553767, -1191.771547511219978 ], [ 10.15218021657347, -1197.313064572401345 ], [ 12.117046100402149, -1199.067070710472763 ], [ 13.913724933760022, -1199.659793650731444 ], [ 16.266262119119347, -1199.212686867453158 ], [ 19.597284661140293, -1212.264704592525959 ], [ 11.882344999688939, -1212.889447272755206 ], [ 11.791077147443502, -1213.000285639427602 ], [ 18.276927294678899, -1227.053834063000977 ], [ 18.397191068666871, -1227.109805669635534 ], [ 19.090894030923664, -1229.410827879793942 ], [ 21.894486623161356, -1232.144979366101325 ], [ 27.459002925292225, -1236.464619647711515 ], [ 31.139244784615585, -1238.54854071047157 ], [ 35.257804986340489, -1239.692442204803228 ], [ 35.898878237878307, -1239.118728963658214 ], [ 38.795138105604565, -1237.24499355815351 ], [ 40.424618773786278, -1239.672832726500928 ], [ 40.585915451321853, -1239.700936011970043 ], [ 41.6607862637793, -1240.860501029528677 ], [ 40.195310825427441, -1241.766571847721934 ], [ 39.452019788175676, -1242.858054954558611 ], [ 38.560823310510386, -1248.709052584134042 ], [ 38.413796656948762, -1249.221230501309037 ] ], [ [ 7.27682075391931, -1188.1724100606516 ], [ 7.784728365211777, -1188.165723191574216 ], [ 8.3012444489068, -1188.504715229384601 ], [ 10.664712975372822, -1191.429759599268436 ], [ 14.170273757734321, -1193.260292110033333 ], [ 39.088125945118009, -1185.171393202617764 ], [ 42.051466294069542, -1177.067872600629926 ], [ 44.706664645491401, -1168.743244743905962 ], [ 6.269383279166505, -1184.234861275181174 ], [ 7.27682075391931, -1188.1724100606516 ] ], [ [ 292.497857807953551, -1464.750287381000817 ], [ 293.873530177925204, -1472.790270211175084 ], [ 293.881391011891537, -1473.072486440651119 ], [ 293.665147284797058, -1473.587959169410169 ], [ 267.142523773678477, -1492.049545189365745 ], [ 260.136042514886867, -1501.386121785268188 ], [ 258.398554054871056, -1509.411028390750289 ], [ 260.976871616358039, -1510.093496697023511 ], [ 271.145870294916676, -1531.512244373559952 ], [ 272.576750264248403, -1533.37020253483206 ], [ 289.806143327496102, -1519.869577599689364 ], [ 311.339399896689429, -1494.613403261639178 ], [ 334.981585670446293, -1469.123905300162733 ], [ 334.66698603201985, -1468.663464305922389 ], [ 332.196074533607316, -1466.594991396181285 ], [ 330.156215483468259, -1462.815702044405043 ], [ 329.912275424747349, -1461.704576239921153 ], [ 329.107845955550147, -1460.527231266722083 ], [ 326.931015338021098, -1458.858804137445986 ], [ 323.939062187570016, -1458.634879833087325 ], [ 292.497857807953551, -1464.750287381000817 ] ], [ [ 20.135699384323743, -1533.368077238090336 ], [ 25.523586634088133, -1533.191486581228673 ], [ 30.41877509663027, -1534.204038149677217 ], [ 34.413639808270091, -1534.698387310840189 ], [ 39.503510277287205, -1534.726097306236625 ], [ 39.947299571651456, -1532.67380968015641 ], [ 40.212101860817711, -1525.242320222780108 ], [ 39.758580000967413, -1519.826647751964629 ], [ 39.706437071166874, -1517.456987871788442 ], [ 38.84038853070706, -1516.926787409000099 ], [ 37.038050087332522, -1517.214983034878969 ], [ 32.324357408533615, -1519.064009637571871 ], [ 19.704981133010733, -1526.269520642235875 ], [ 19.935388163457901, -1526.826002009212971 ], [ 18.973520112042024, -1527.323321603238583 ], [ 18.292233233698425, -1528.348533351905644 ], [ 20.135699384323743, -1533.368077238090336 ] ], [ [ 35.327646568312048, -1568.378474460914731 ], [ 36.76486853499955, -1566.640796452760696 ], [ 37.578532608309615, -1565.298475220799446 ], [ 39.002429940104776, -1562.666072242893279 ], [ 41.054147492095581, -1559.213540852069855 ], [ 44.93128879460528, -1554.236786527559161 ], [ 45.069208821754728, -1553.743464912287891 ], [ 41.786324981732832, -1539.067987056449056 ], [ 40.948255520714156, -1537.113787392154336 ], [ 40.103769269322584, -1536.705740861594677 ], [ 38.463329775306192, -1536.761530525051057 ], [ 34.328516235320421, -1536.696611808612943 ], [ 30.130390210450059, -1536.182915912941098 ], [ 25.456181207660848, -1535.193135586567223 ], [ 20.848687857072946, -1535.309286973439157 ], [ 28.738320200500311, -1556.788045737892389 ], [ 31.031059668237504, -1562.579691619612277 ], [ 33.145893058435831, -1568.78723531216383 ], [ 35.327646568312048, -1568.378474460914731 ] ], [ [ 222.500641645010546, -1548.606990299187601 ], [ 225.074603085502531, -1554.347293398343027 ], [ 240.834734407699216, -1584.321651407517493 ], [ 243.671793964524113, -1583.758132538758218 ], [ 265.301935403889729, -1574.679301569238305 ], [ 273.675020008384308, -1570.93121930398047 ], [ 253.572238404532982, -1529.680284295231104 ], [ 246.116721349066211, -1533.456226001493633 ], [ 241.305890003175591, -1523.770410633645952 ], [ 196.155343233260282, -1546.095402782782912 ], [ 202.338871448051577, -1558.56072352360934 ], [ 222.500641645010546, -1548.606990299187601 ] ], [ [ 255.895268735368518, -1321.235269122757018 ], [ 264.061149246785135, -1315.749523631297052 ], [ 264.267686440360194, -1316.044827869161963 ], [ 264.385148822071642, -1316.048533068969846 ], [ 290.795129779628041, -1298.068046189844608 ], [ 287.665705580200665, -1293.389741121791303 ], [ 291.147593531864914, -1291.024713126942515 ], [ 291.187429128734948, -1290.914156556129456 ], [ 280.829356353180629, -1275.688656049780548 ], [ 266.87723180698049, -1285.118790949694812 ], [ 266.873507154732579, -1285.23626524489373 ], [ 270.355764341113172, -1290.362205110490322 ], [ 261.314752457714349, -1296.503423597663641 ], [ 260.176359853963731, -1294.716213949024677 ], [ 257.882485835840271, -1296.334712877869606 ], [ 253.471940102859662, -1290.243504959158599 ], [ 251.009809779225179, -1288.24210237339139 ], [ 246.87969885300663, -1288.407544187270105 ], [ 238.560768836761781, -1293.629016177728772 ], [ 248.828533038224123, -1309.038236075080931 ], [ 255.895268735368518, -1321.235269122757018 ] ], [ [ 292.921150163787388, -1296.36170382425189 ], [ 315.086871368977882, -1281.471024855971336 ], [ 346.960299553848017, -1259.641549922525883 ], [ 307.768585356623589, -1215.522140549495816 ], [ 277.866678755601242, -1240.621647057123482 ], [ 288.377469433558872, -1253.730222584679723 ], [ 290.233746468473328, -1255.488295212388039 ], [ 285.003898119148289, -1259.668035208247602 ], [ 284.988246025939588, -1259.808570602908731 ], [ 289.006297752433966, -1264.831527543254197 ], [ 289.148068335267453, -1264.846138041466475 ], [ 305.848234344617595, -1286.622993762604892 ], [ 292.921150163787388, -1296.36170382425189 ] ], [ [ 348.283676127968647, -1261.158401598222554 ], [ 316.205488341227465, -1283.128123425878584 ], [ 256.90555581638182, -1322.96412022318691 ], [ 257.534953491605847, -1324.031603916548193 ], [ 257.517089656250391, -1324.160286436788738 ], [ 265.003083550740484, -1335.542480749078095 ], [ 265.124034335223769, -1335.578985017724335 ], [ 271.550546530746942, -1344.887743405066431 ], [ 273.255927273763518, -1348.129220095463097 ], [ 273.22024741558198, -1348.274680440314114 ], [ 289.430303666977125, -1371.995053413324058 ], [ 289.568882255254721, -1372.021333309821784 ], [ 297.416940817782233, -1383.599604569375515 ], [ 297.389971861350205, -1383.737982106395066 ], [ 311.012895729016236, -1404.00635205861181 ], [ 319.03553769418977, -1398.686789161525667 ], [ 319.064803802302777, -1398.552035944536328 ], [ 329.901454301614649, -1391.95344773773104 ], [ 330.039903756687636, -1391.986174691468477 ], [ 348.128318052446048, -1380.657508502714336 ], [ 348.161880551297145, -1380.524189632385969 ], [ 356.589422527698844, -1375.796155132353306 ], [ 356.728983249207886, -1375.832392389886081 ], [ 375.591288506708224, -1364.249161951243877 ], [ 375.616640791802638, -1364.100545302964747 ], [ 381.408488488441435, -1359.370154408738017 ], [ 381.538783285704994, -1359.391925741918385 ], [ 391.919697226172502, -1352.769731192849576 ], [ 391.952231051474882, -1352.63634324260056 ], [ 399.135670187022697, -1348.548335053957999 ], [ 399.275398953637705, -1348.583767537027597 ], [ 415.863105498248842, -1338.339175062254071 ], [ 396.761723210638593, -1315.689109954051673 ], [ 396.61207586486853, -1315.684783640317619 ], [ 393.156492973668719, -1312.438254468142986 ], [ 393.158244530699449, -1312.303155466914177 ], [ 384.78088592354834, -1303.099493463523686 ], [ 385.047776610426808, -1302.870242913253605 ], [ 385.039940466047483, -1302.753063276410103 ], [ 382.298276636218361, -1299.46231484413147 ], [ 382.101853004216537, -1299.495464440435171 ], [ 379.037593553657643, -1295.983251921832561 ], [ 379.044647849868852, -1295.840895028784871 ], [ 365.943723329639397, -1281.607012205757201 ], [ 352.103680622774846, -1265.462869739159942 ], [ 351.962966054496064, -1265.451888110488653 ], [ 348.283676127968647, -1261.158401598222554 ] ], [ [ 193.36989688030917, -1376.026482733897865 ], [ 187.731192731407646, -1367.433572521433234 ], [ 186.358667518146831, -1365.89226995036006 ], [ 183.212087005291323, -1363.340484442189336 ], [ 181.578423092747471, -1363.07557140942663 ], [ 180.503971035774157, -1363.553652973845601 ], [ 177.375411870778407, -1365.725767070427537 ], [ 177.038303030256429, -1365.888028065674007 ], [ 176.541016171944648, -1366.29371343459934 ], [ 173.76219652931286, -1367.754972493276 ], [ 173.626558204141475, -1367.713356930762529 ], [ 166.950391690095785, -1371.285161681473255 ], [ 166.340014240096934, -1370.146012859418988 ], [ 166.234289424241069, -1370.094823712483048 ], [ 162.568416996948145, -1372.049763154238462 ], [ 162.527428559826149, -1372.185095535591245 ], [ 163.137673751525654, -1373.325001780875027 ], [ 162.555649236113823, -1373.63515848852694 ], [ 162.504081377552211, -1373.732245775870979 ], [ 161.681351502034886, -1373.806240288540721 ], [ 156.530458444427495, -1378.559054967015982 ], [ 155.824998608206442, -1380.124540806747973 ], [ 156.516655302404615, -1381.998697628267109 ], [ 160.587757329785745, -1389.235480143688619 ], [ 166.066502888759715, -1398.625616191886365 ], [ 167.841131187455176, -1399.934823889285326 ], [ 169.795038340034807, -1399.876148886047304 ], [ 173.60819512177477, -1398.20654674153775 ], [ 183.596925486943292, -1393.058783275075257 ], [ 183.06952329611704, -1391.986497474834323 ], [ 184.300006365094305, -1391.416235039941967 ], [ 184.436219593586429, -1391.463207397609949 ], [ 192.986698061697098, -1387.093110612593591 ], [ 193.00492863623731, -1386.976940945722163 ], [ 188.62311216566377, -1378.416969832032919 ], [ 193.36989688030917, -1376.026482733897865 ] ], [ [ 61.14456325833271, -1185.655354323796928 ], [ 62.007479153660825, -1186.478696312755346 ], [ 64.199984328044593, -1189.25054969638586 ], [ 65.812915264079493, -1192.959088039584458 ], [ 66.76383944627014, -1196.420348805375397 ], [ 66.994124963630384, -1200.264171447604895 ], [ 66.751653609911955, -1201.891241383738816 ], [ 85.649182173445297, -1200.724444433115423 ], [ 77.010342702447815, -1191.955426953732967 ], [ 71.275599285461794, -1186.640060699544847 ], [ 61.14456325833271, -1185.655354323796928 ] ], [ [ 65.768104172346284, -1203.955091439187527 ], [ 61.21080192894442, -1205.61683891993016 ], [ 56.445594267119304, -1207.814944666810334 ], [ 51.969612408791363, -1211.161104686558247 ], [ 48.993139809921558, -1214.592022555880249 ], [ 48.509602685202481, -1216.421155344694853 ], [ 49.188262108769777, -1218.293407073244452 ], [ 54.758818084781524, -1222.888953790068626 ], [ 63.073707628296688, -1226.385608536191285 ], [ 68.066013365636536, -1226.755293788388371 ], [ 68.411114134451054, -1226.844577711075544 ], [ 79.951538386694665, -1232.171075872145593 ], [ 80.276450234299773, -1232.41087035369128 ], [ 81.834469665658617, -1234.200339891947806 ], [ 82.398340105019088, -1236.914685861207545 ], [ 82.958707266667261, -1238.142746519297361 ], [ 84.810590920969844, -1239.905636080540717 ], [ 86.812566268825321, -1240.914677514694631 ], [ 93.512355325434328, -1241.444588183425367 ], [ 96.25826050923024, -1241.295748276636004 ], [ 97.517622868286708, -1239.985798901878297 ], [ 100.343901474678205, -1233.727586776949465 ], [ 98.508579356468545, -1228.005091142840683 ], [ 94.86032651115238, -1218.076801912859082 ], [ 87.276444145250935, -1202.627094201743603 ], [ 65.768104172346284, -1203.955091439187527 ] ], [ [ 15.875782803474067, -1194.808666136115789 ], [ 18.88705534257133, -1198.0594328539446 ], [ 20.313337118956042, -1200.284890193492174 ], [ 23.127223720754046, -1201.482772938907146 ], [ 25.520667187258368, -1199.863402009010315 ], [ 33.927209418385246, -1195.7457514712587 ], [ 36.734560645470992, -1193.234781187027693 ], [ 38.380095070040625, -1187.503256915137172 ], [ 15.875782803474067, -1194.808666136115789 ] ], [ [ 216.006309347973001, -1566.029503067024052 ], [ 211.476243040320696, -1564.846176565624774 ], [ 206.546492596635289, -1565.886439831927419 ], [ 203.564038201551739, -1568.805004722438753 ], [ 202.215808623237535, -1571.876739998348057 ], [ 201.633446347597783, -1580.196165652945638 ], [ 206.649401267644862, -1589.306423701345921 ], [ 211.198436617962216, -1591.631348066031933 ], [ 217.779750196958048, -1592.145951059646904 ], [ 223.767497751025076, -1591.6133266184479 ], [ 228.673677273382054, -1589.981621040031314 ], [ 230.630531045249882, -1588.067859346978366 ], [ 230.666787359632508, -1584.797332366928458 ], [ 224.181082214607159, -1573.199724753387272 ], [ 221.08244565640598, -1569.768924455158412 ], [ 216.006309347973001, -1566.029503067024052 ] ], [ [ 46.962263438250375, -1579.135791420005262 ], [ 49.291349601184265, -1579.861406304873526 ], [ 52.658496570673378, -1579.997047499753535 ], [ 54.303146782978729, -1579.04495782405138 ], [ 55.0895712997808, -1577.459078779444098 ], [ 55.710156065428237, -1570.611328323371708 ], [ 54.983036638137492, -1568.657533907331526 ], [ 53.56882351979948, -1567.478527047671378 ], [ 50.916775566824072, -1566.948600389063358 ], [ 47.929456387912069, -1567.11313924472779 ], [ 46.072440696560079, -1568.226839801296592 ], [ 45.77847238882714, -1572.806704271584749 ], [ 45.276678732387154, -1577.804550994187593 ], [ 46.962263438250375, -1579.135791420005262 ] ], [ [ 96.723298764951323, -1416.442834964953363 ], [ 94.344909273646408, -1409.774110748432577 ], [ 46.986240586149506, -1426.761764081194997 ], [ 50.124321373381463, -1435.483804618008435 ], [ 52.361632398042275, -1440.430089161731303 ], [ 55.827544734514959, -1441.064474226906896 ], [ 96.723298764951323, -1416.442834964953363 ] ], [ [ 233.998216857153238, -1287.490980952046812 ], [ 236.804716284073947, -1286.783000881783664 ], [ 259.840201388324203, -1279.551219585351646 ], [ 265.686305111583351, -1275.541978361085057 ], [ 265.752207908180935, -1273.554619248956442 ], [ 255.257537750008851, -1258.438995962962508 ], [ 262.429169963075765, -1252.802594674751163 ], [ 257.390854544140893, -1246.28775614593178 ], [ 260.090084024683165, -1244.177093316800892 ], [ 260.122429660437774, -1244.06411618925631 ], [ 257.007346304661041, -1240.103364862501621 ], [ 254.219050318048176, -1242.23136302176863 ], [ 249.374098881231475, -1236.035649685189128 ], [ 251.928711043112344, -1234.043608179315925 ], [ 251.945954511707896, -1233.903155922889709 ], [ 237.241217872713605, -1215.11917975358665 ], [ 241.314141476130317, -1211.901379466056824 ], [ 239.305800280666517, -1209.289729855954647 ], [ 241.033898015677551, -1207.847230765037239 ], [ 248.128368580069946, -1209.506531591527164 ], [ 257.356682876685227, -1210.216617923229933 ], [ 260.896611522950479, -1207.698241692967713 ], [ 266.811093922235159, -1208.691344795748591 ], [ 280.09751142253117, -1197.918333228677511 ], [ 294.30235855250794, -1210.006408934481442 ], [ 297.483009474586652, -1210.105688699521124 ], [ 300.115260192529604, -1209.669096063822508 ], [ 301.543700170524971, -1208.450164108537138 ], [ 275.157771501500974, -1178.471687067300081 ], [ 250.509732797063407, -1199.938720937818289 ], [ 234.490195100459459, -1178.401296880096197 ], [ 223.321795632153226, -1187.262454998679459 ], [ 223.184057864107672, -1187.244186033494771 ], [ 205.937396797609836, -1200.111502978019416 ], [ 205.91753595956834, -1200.252055844292045 ], [ 194.998515314851829, -1208.537357948720455 ], [ 194.868265960656572, -1208.518950609490275 ], [ 185.071774379792259, -1215.09539835434407 ], [ 196.02538210066632, -1231.605527777224779 ], [ 196.165639491673574, -1231.632185320369899 ], [ 202.411138097435469, -1240.307646829634905 ], [ 223.017265929331188, -1226.159698091447353 ], [ 221.993226547459926, -1224.893078613094985 ], [ 226.011179095945408, -1221.735947237350047 ], [ 229.890820740482013, -1227.104503016918898 ], [ 227.746178534818682, -1228.51415129750967 ], [ 227.607870433737844, -1228.485327426344156 ], [ 204.152670205994582, -1243.877428153529763 ], [ 220.109749737111997, -1268.305818368680775 ], [ 220.255952229214017, -1268.32920562569052 ], [ 225.959509571695889, -1275.448566052131355 ], [ 225.943458323776213, -1275.588403550907969 ], [ 228.235102809170712, -1278.492776621133089 ], [ 228.363438515520102, -1278.516102716326714 ], [ 232.189789442925758, -1285.058523730374873 ], [ 233.998216857153238, -1287.490980952046812 ] ], [ [ 402.231468653346383, -1201.838816302828491 ], [ 404.246232612897074, -1203.036688479594886 ], [ 405.851918646318154, -1202.888385255821049 ], [ 407.738269681458405, -1202.237300909124315 ], [ 409.060638853348792, -1200.01196516584605 ], [ 414.672928571644661, -1191.790502681396902 ], [ 416.535774371453954, -1188.533655233681202 ], [ 416.460619534760554, -1187.596679222770035 ], [ 415.100857061563147, -1186.453129451721907 ], [ 413.372832115523124, -1186.719039855524898 ], [ 401.07131308282078, -1190.508498157374561 ], [ 399.050677416105827, -1191.521816323511302 ], [ 398.201026124850614, -1193.178915117867291 ], [ 397.978986357216854, -1195.502513917163014 ], [ 399.101498922651444, -1198.772853056900203 ], [ 402.231468653346383, -1201.838816302828491 ] ], [ [ 199.565430508660938, -1161.94327842630446 ], [ 192.667681752760473, -1166.842766501940787 ], [ 179.73725836675294, -1151.255899232812226 ], [ 172.239857208336616, -1157.430016197264194 ], [ 172.23693916614684, -1157.583487441763282 ], [ 166.007246856304846, -1164.730616210028529 ], [ 165.885824647122718, -1164.722761428914964 ], [ 156.538699186274243, -1171.104530737735331 ], [ 178.675428382322934, -1203.663825972937047 ], [ 188.069092887062652, -1197.312164125964046 ], [ 188.07967343908058, -1197.150148083455861 ], [ 190.015146572424783, -1194.851958299987018 ], [ 190.140041640281197, -1194.855367459356785 ], [ 201.762659150470427, -1185.857200550846756 ], [ 201.937495134316123, -1186.064025375060737 ], [ 202.053664202929212, -1186.058861616998911 ], [ 221.129426540148415, -1171.0721385627985 ], [ 204.926405214951956, -1150.383676930330694 ], [ 196.031773719565535, -1157.325977796688676 ], [ 196.0361561273603, -1157.443322317674756 ], [ 199.565430508660938, -1161.94327842630446 ] ], [ [ 271.606372936625121, -1174.169260177761316 ], [ 259.687552131696066, -1160.456495483405888 ], [ 256.697938842427902, -1160.083370397798717 ], [ 248.627487350542651, -1167.077636466361582 ], [ 261.460254734283808, -1181.907287161797285 ], [ 271.591024404431664, -1174.314546565525234 ], [ 271.606372936625121, -1174.169260177761316 ] ] ], [ [ [ 5.632299999939278, -1311.170923887751997 ], [ 10.207823846611063, -1309.553789655677974 ], [ 14.966542313117316, -1322.932502368465066 ], [ 9.028270956529013, -1325.09074966609478 ], [ 8.995816405531514, -1325.203800292685628 ], [ 9.710158049991151, -1327.164544374682009 ], [ 5.632299999924726, -1328.645781731233001 ], [ 5.632299999939278, -1311.170923887751997 ] ] ], [ [ [ 131.934932931646472, -1645.675999999977648 ], [ 131.774140397097653, -1645.185872403904796 ], [ 131.836855556859518, -1645.056524922139943 ], [ 129.576011238516003, -1638.86937415599823 ], [ 129.447821617884983, -1638.80978630296886 ], [ 128.609801967957537, -1636.515416323207319 ], [ 128.669245696284634, -1636.386791453696787 ], [ 126.419330883905786, -1630.313203900121152 ], [ 126.291153686994221, -1630.254131330177188 ], [ 119.801811250461469, -1612.578566376119852 ], [ 123.644649046291306, -1611.169743201695383 ], [ 123.62378498920225, -1610.56729668751359 ], [ 123.754926013241857, -1610.283356730826199 ], [ 124.240381844876538, -1609.901209105737507 ], [ 124.547176853040583, -1609.840408707968891 ], [ 125.141684555668689, -1610.008529986254871 ], [ 125.509327787289294, -1610.468043451197445 ], [ 127.839999772264491, -1609.60601838119328 ], [ 132.723141056903842, -1622.803021895699203 ], [ 135.504908370485282, -1622.018376231193542 ], [ 139.506928955568583, -1633.270901840180159 ], [ 139.64017088354376, -1633.329615948721766 ], [ 142.992483697467833, -1641.244543462060392 ], [ 142.937771540100584, -1641.371494563296437 ], [ 144.567839791909137, -1645.675999999977648 ], [ 131.934932931646472, -1645.675999999977648 ] ] ], [ [ [ 362.5805436935334, -1145.675999999977648 ], [ 362.815230559994234, -1146.067772180773318 ], [ 386.247108665238557, -1180.230918009765446 ], [ 382.48902655443635, -1191.86511006206274 ], [ 351.24512503916776, -1145.675999999977648 ], [ 362.5805436935334, -1145.675999999977648 ] ] ], [ [ [ 39.364825907663544, -1145.675999999977648 ], [ 38.939234421521178, -1146.026490645483136 ], [ 38.655100564974418, -1145.675999999977648 ], [ 39.364825907663544, -1145.675999999977648 ] ] ] ] } },
{ "type": "Feature", "properties": { }, "geometry": { "type": "MultiPolygon", "coordinates": [ [ [ [ 23.969592130904857, -2033.880518660880625 ], [ 24.03081435268723, -2033.501599830575287 ], [ 24.181749811565169, -2033.227668645791709 ], [ 24.409947354230098, -2033.013786231167614 ], [ 25.003402034561077, -2032.841985524632037 ], [ 25.584498876001817, -2033.051819745451212 ], [ 25.798381290536781, -2033.280017290264368 ], [ 25.961247997916871, -2033.802205364219844 ], [ 26.828532032710427, -2033.768122385255992 ], [ 26.192837007871276, -2051.668420790694654 ], [ 26.089326483721379, -2051.767438254319131 ], [ 25.996638216185602, -2061.845910297706723 ], [ 26.064820128083738, -2061.941609348170459 ], [ 40.082963343564188, -2062.078275865875185 ], [ 40.183867191997706, -2061.978941877372563 ], [ 52.574818099930781, -2062.056695615872741 ], [ 52.673108686207343, -2062.157275996170938 ], [ 68.975673760751306, -2062.406358269974589 ], [ 69.077167918429041, -2062.307072245515883 ], [ 76.502064840276944, -2062.356686566025019 ], [ 76.600504760544936, -2062.457309417426586 ], [ 95.203578714521427, -2062.695558815263212 ], [ 98.931114629296644, -2062.900658895261586 ], [ 98.933096272767216, -2063.150367341935635 ], [ 99.027332522064171, -2063.220549838617444 ], [ 123.42034070122827, -2063.511399678885937 ], [ 123.521491846473509, -2063.41257166210562 ], [ 123.534921031872727, -2062.225219637155533 ], [ 132.50229488217883, -2063.299597735516727 ], [ 132.518997849701918, -2063.439191421493888 ], [ 132.599075443611582, -2063.481797739863396 ], [ 148.205711893329863, -2063.763786342926323 ], [ 148.302035532051377, -2063.696387575007975 ], [ 148.310743182288206, -2063.477014212869108 ], [ 168.368562158771965, -2063.799235726706684 ], [ 168.473037099714929, -2063.900715476833284 ], [ 173.143215352460174, -2063.697527389042079 ], [ 173.205378036580441, -2064.199603549204767 ], [ 173.305743832443113, -2064.287279438227415 ], [ 183.851247214242903, -2064.142423546873033 ], [ 175.012776262296029, -2009.187225331552327 ], [ 174.894128509364236, -2009.104944651015103 ], [ 172.731218974047806, -1998.461561136879027 ], [ 172.808915934068864, -1998.341999012976885 ], [ 167.823617714191641, -1975.798296584747732 ], [ 167.68018198270147, -1975.727611768059433 ], [ 163.288566400853597, -1966.885608986951411 ], [ 152.736215641401941, -1943.484341748058796 ], [ 152.619105366236909, -1943.43011871445924 ], [ 151.434590430282697, -1939.082913250662386 ], [ 151.499431022817589, -1938.945208360441029 ], [ 141.811646576365092, -1917.343461704440415 ], [ 141.702186119468024, -1917.315636581741273 ], [ 131.193026791899683, -1921.168280320242047 ], [ 131.130072348089016, -1921.278753255493939 ], [ 123.544036128707376, -1922.573352728970349 ], [ 123.414592669199919, -1922.48916504252702 ], [ 107.522110366728157, -1927.231694121845067 ], [ 107.455264218508091, -1927.359538678079844 ], [ 103.753967876102251, -1928.602710265666246 ], [ 103.631583350952496, -1928.538441965356469 ], [ 63.763460101694363, -1940.213501922786236 ], [ 63.695792148138935, -1940.338277678005397 ], [ 29.13446469532937, -1950.746630602516234 ], [ 29.009385157069119, -1950.67990015912801 ], [ 12.258281317766887, -1955.826305255293846 ], [ 12.193097007857432, -1955.954523454420269 ], [ 5.632300000004761, -1958.221019799821079 ], [ 5.632300000026589, -1945.814245926216245 ], [ 13.871467005603336, -1943.227317336015403 ], [ 13.954338227318658, -1943.09296101052314 ], [ 23.941927280135133, -1940.212612612172961 ], [ 24.06658381156376, -1940.280697760172188 ], [ 45.109126366209239, -1933.992644575424492 ], [ 45.148116356980609, -1933.881789593026042 ], [ 40.988452153866092, -1919.946653379127383 ], [ 40.854907084170918, -1919.882196053862572 ], [ 31.305784456606489, -1896.348085103556514 ], [ 33.52187232500728, -1895.667009599506855 ], [ 33.488532929417488, -1895.168658338487148 ], [ 33.600694581218704, -1894.876700135879219 ], [ 34.059936104449662, -1894.463419058360159 ], [ 34.674390821799534, -1894.399003044702113 ], [ 34.966349022621216, -1894.511164695955813 ], [ 35.209357915353394, -1894.708056814968586 ], [ 35.428751493476739, -1895.080813967622817 ], [ 38.287331655526941, -1894.201834389008582 ], [ 39.390308841191654, -1898.020658121444285 ], [ 50.47759198575659, -1895.88555948715657 ], [ 50.610977582080523, -1895.960426113568246 ], [ 59.290911642401625, -1892.822486690245569 ], [ 59.702525989265268, -1893.946725727058947 ], [ 59.830399938280607, -1894.00636201351881 ], [ 66.461043122546471, -1891.607247435487807 ], [ 66.521137094427104, -1891.479557453654706 ], [ 66.115304381466558, -1890.345891383476555 ], [ 69.003747225278858, -1889.290198551490903 ], [ 70.798208226082352, -1891.158346297219396 ], [ 70.77038740691205, -1891.256632370874286 ], [ 73.071466645240434, -1899.285708314739168 ], [ 80.64002503300253, -1897.157131261192262 ], [ 81.441226975955942, -1898.080876776017249 ], [ 93.212896816530701, -1895.085244613699615 ], [ 96.103080969895018, -1902.737406587228179 ], [ 73.829411620055907, -1909.509443843737245 ], [ 78.273867583513493, -1924.269653242081404 ], [ 78.367493816300339, -1924.34065671544522 ], [ 100.603143058460773, -1917.624810256995261 ], [ 100.6685952861244, -1917.495841247029603 ], [ 109.127974822824399, -1914.512869942933321 ], [ 109.192521880970162, -1914.68792471382767 ], [ 109.304690241173375, -1914.722827606834471 ], [ 116.122347674310731, -1912.415143569931388 ], [ 116.190187277592486, -1912.319417295977473 ], [ 126.075501619649003, -1909.694265553727746 ], [ 126.206358084758904, -1909.762562954798341 ], [ 137.343531212729431, -1905.719202971085906 ], [ 130.806807316843333, -1887.553076351061463 ], [ 130.677702439783388, -1887.49312442727387 ], [ 127.103069110495198, -1877.924804762937129 ], [ 127.170811273635991, -1877.794225620105863 ], [ 111.801028927089646, -1835.068892777897418 ], [ 111.668882237492653, -1835.010251516476274 ], [ 107.824053460666619, -1825.672961493954062 ], [ 109.503938316742278, -1825.118708611465991 ], [ 102.411507298234937, -1806.103104973211884 ], [ 99.83375023347071, -1807.083791370503604 ], [ 97.329074739507632, -1800.360096367076039 ], [ 98.120696747209877, -1800.065350978635252 ], [ 98.179493430996445, -1799.936773589812219 ], [ 95.008013490712983, -1791.424370718188584 ], [ 94.879458504530703, -1791.36559247598052 ], [ 94.087794665278125, -1791.660353440791368 ], [ 91.398730419499771, -1784.444405604153872 ], [ 91.269753288694119, -1784.385788332670927 ], [ 88.450443294688739, -1777.465508379042149 ], [ 88.506356165764373, -1777.337897725403309 ], [ 80.865667822712567, -1757.274519625119865 ], [ 69.514956959175834, -1762.19860565289855 ], [ 69.465496719172734, -1762.336627679876983 ], [ 54.000819312961539, -1770.35992609988898 ], [ 53.934690377858715, -1770.177055389620364 ], [ 53.822474837188565, -1770.141693139448762 ], [ 49.561719264997009, -1771.572125610895455 ], [ 49.493572546663927, -1771.667710069566965 ], [ 49.555248841637876, -1771.868048436008394 ], [ 48.1025936643764, -1772.522646026685834 ], [ 47.967090243870189, -1772.474130583927035 ], [ 31.430665740046607, -1780.650123400613666 ], [ 31.387269459899471, -1780.787893106229603 ], [ 27.751097138079786, -1782.784575518220663 ], [ 35.010127298684893, -1803.089891231618822 ], [ 34.950345235462009, -1803.219567120075226 ], [ 40.465369852401636, -1817.725680650211871 ], [ 40.597068511086036, -1817.782566477544606 ], [ 45.543716221645809, -1829.730947639793158 ], [ 51.231783750212344, -1846.162061929702759 ], [ 48.129082576308065, -1847.521045121364295 ], [ 43.866773861334877, -1835.534098125994205 ], [ 43.769834514147078, -1835.467661726288497 ], [ 28.198770335475274, -1841.000194047577679 ], [ 28.145217107992721, -1841.147935286164284 ], [ 22.331587369641056, -1844.724582771770656 ], [ 18.167028930572997, -1833.204425685107708 ], [ 30.637360646136585, -1828.696205291897058 ], [ 30.697449716315532, -1828.568553173914552 ], [ 36.970356065872693, -1826.325379482470453 ], [ 37.210004564292831, -1821.192724174819887 ], [ 30.788392181282688, -1801.116978488862514 ], [ 30.848125962053018, -1800.978394037112594 ], [ 24.114380147451811, -1786.775593188591301 ], [ 18.599610673638381, -1789.346719238907099 ], [ 18.127668331053428, -1788.344345657154918 ], [ 17.994660456133715, -1788.296477514319122 ], [ 7.89040642166583, -1793.051818249747157 ], [ 7.842495782237165, -1793.18478637188673 ], [ 8.313506544776828, -1794.187085972167552 ], [ 5.632300000062969, -1795.450580228120089 ], [ 5.632299999904717, -1776.768765896558762 ], [ 7.076752931901865, -1776.090822781436145 ], [ 7.630827500486703, -1777.271816144697368 ], [ 7.763794122674881, -1777.319854308851063 ], [ 11.099292804490688, -1775.749262737110257 ], [ 11.121441657291143, -1775.63385706115514 ], [ 10.567352500576817, -1774.452832590788603 ], [ 19.655544048262527, -1770.186867955140769 ], [ 19.711824053856617, -1770.084792844951153 ], [ 27.218219936683454, -1769.20440019108355 ], [ 27.364307577103318, -1769.282277440652251 ], [ 51.848404324047806, -1757.361180550418794 ], [ 51.881983884968577, -1757.201789905317128 ], [ 52.161399595299372, -1756.950657090172172 ], [ 52.280640585611764, -1756.97335656452924 ], [ 62.550560876954478, -1751.736101617105305 ], [ 62.599289717749343, -1751.617293721064925 ], [ 65.332700926472171, -1750.753383554518223 ], [ 65.46660856922972, -1750.815510054118931 ], [ 80.551819167247231, -1744.54972249828279 ], [ 71.784026873190669, -1723.216984040103853 ], [ 71.683883683983368, -1723.155485797673464 ], [ 63.438320295465019, -1726.556672109290957 ], [ 63.37776459714587, -1726.645020603202283 ], [ 59.249454121205417, -1726.475950754247606 ], [ 42.532460058051583, -1732.386636772193015 ], [ 42.394290296075269, -1732.330084579996765 ], [ 28.757952398238558, -1738.891685930080712 ], [ 28.717685692654413, -1739.038539648987353 ], [ 23.522895468871866, -1742.565905191004276 ], [ 23.404559158652773, -1742.52841585688293 ], [ 5.632299999946554, -1749.498749482445419 ], [ 5.632299999944735, -1741.677924069575965 ], [ 22.567494192071536, -1734.815303578041494 ], [ 21.22767597409802, -1730.486885173246264 ], [ 30.726346754678161, -1726.828635164536536 ], [ 30.756690244226775, -1726.715118035674095 ], [ 29.370118353592261, -1723.108532941900194 ], [ 32.712322205892633, -1721.829356567002833 ], [ 35.841941960159602, -1729.431294688023627 ], [ 38.01692941204783, -1728.982818542048335 ], [ 38.13796561667732, -1729.093957084231079 ], [ 47.626413769310602, -1725.153920529410243 ], [ 47.680116006727985, -1725.02270547952503 ], [ 54.928543140187685, -1721.959788118489087 ], [ 55.63350689507206, -1720.743514723144472 ], [ 69.31888473115032, -1715.629343780688941 ], [ 60.986598456707725, -1693.302435374818742 ], [ 62.667440672799785, -1692.553497081622481 ], [ 62.179841353990923, -1691.217818288132548 ], [ 38.081943727365797, -1699.762964673340321 ], [ 36.585884143762087, -1695.962576839141548 ], [ 44.623644874207457, -1693.007855064235628 ], [ 44.808144346152403, -1693.503481227904558 ], [ 44.921087769087535, -1693.536068628542125 ], [ 59.079773221657888, -1688.405762729234993 ], [ 59.139702171416502, -1688.277716150507331 ], [ 58.946064459198169, -1687.743405480869114 ], [ 60.678658592081774, -1687.106997470371425 ], [ 45.360009002317383, -1645.675999999977648 ], [ 61.121674875643293, -1645.676000001840293 ], [ 67.640236549770634, -1665.446564199402928 ], [ 67.786851324181043, -1665.503340468741953 ], [ 70.073200834563977, -1669.879942274652421 ], [ 70.029753393262581, -1670.000235830433667 ], [ 82.092846194445883, -1702.310408784076571 ], [ 82.219857781725295, -1702.369597237557173 ], [ 84.717265937124466, -1709.418793431483209 ], [ 83.491558112074927, -1709.85739694070071 ], [ 83.431105444078639, -1709.985165958292782 ], [ 84.846935066125297, -1713.94607191067189 ], [ 84.974715037933493, -1714.006556994281709 ], [ 85.883224998229707, -1713.681815412826836 ], [ 86.743403456008309, -1716.091561371460557 ], [ 85.716094820516446, -1716.457128248177469 ], [ 85.655494222022753, -1716.585007067769766 ], [ 89.648494116825532, -1727.736866105347872 ], [ 89.776308642422009, -1727.797281797043979 ], [ 90.983957519418254, -1727.364852857775986 ], [ 92.985606819403984, -1732.877873906865716 ], [ 96.17881243161537, -1734.798214195296168 ], [ 105.753320273346617, -1730.074207752943039 ], [ 105.798906813499343, -1729.938802708871663 ], [ 131.821726749964, -1716.681621531955898 ], [ 131.958437811688782, -1716.7393728364259 ], [ 151.14664582426667, -1707.891507214866579 ], [ 151.189776932684254, -1707.746162299066782 ], [ 154.529800735001118, -1705.502357802353799 ], [ 146.576022624438338, -1686.14540147408843 ], [ 146.631509016724522, -1686.01749093644321 ], [ 143.641425702684501, -1678.214673507027328 ], [ 143.51486467893119, -1678.156563066877425 ], [ 134.800811947694456, -1653.526097572408617 ], [ 128.157862601581655, -1655.771001556888223 ], [ 128.02901460627254, -1655.712915598414838 ], [ 120.914035538853568, -1658.448434465564787 ], [ 119.211793371547174, -1657.779057504609227 ], [ 115.337487170500026, -1659.129624190740287 ], [ 107.655531570360836, -1661.968012102879584 ], [ 103.696531927229444, -1665.240045982412994 ], [ 98.266544053305552, -1666.951391401700675 ], [ 98.105124044455806, -1666.499388687312603 ], [ 97.662208887852103, -1666.562914397567511 ], [ 97.36062430057973, -1666.480049472302198 ], [ 96.904126706242096, -1666.063739383593202 ], [ 96.793898864270886, -1665.77104554604739 ], [ 96.862378250161782, -1665.157030299305916 ], [ 97.034382238362014, -1664.895812982693315 ], [ 97.432259774855993, -1664.613163388334215 ], [ 97.304491120366947, -1664.254604827612638 ], [ 97.754895911246422, -1663.96359702758491 ], [ 97.465420317317694, -1663.160058437846601 ], [ 97.526391537063319, -1663.030593141913414 ], [ 96.823644799333124, -1661.148333705030382 ], [ 101.718536649033922, -1659.221452800557017 ], [ 102.324078611491132, -1661.011435276828706 ], [ 109.056908855860456, -1657.037339724600315 ], [ 108.117073577386691, -1655.45427799411118 ], [ 132.17708052695707, -1646.414113988168538 ], [ 131.934932931646472, -1645.675999999977648 ], [ 144.567839791909137, -1645.675999999977648 ], [ 151.618528350596534, -1664.294684953987598 ], [ 151.752543595941461, -1664.350829081609845 ], [ 153.696848851061077, -1668.742686891928315 ], [ 153.570142869906704, -1668.815701411105692 ], [ 153.562534358092307, -1668.90565097052604 ], [ 156.267991996019191, -1675.600014274008572 ], [ 156.387020761845633, -1675.657807122915983 ], [ 159.171016328145924, -1685.722960143350065 ], [ 159.105899004580351, -1685.859255594201386 ], [ 165.498443846208829, -1700.794049177318811 ], [ 179.365313187787251, -1694.923055819235742 ], [ 179.414501940045739, -1694.783190007321537 ], [ 196.593116856780398, -1685.469942416995764 ], [ 280.409680519835092, -1645.675999999977648 ], [ 325.847633372521159, -1645.675999999977648 ], [ 330.008949090370152, -1654.458707883022726 ], [ 330.130189017369048, -1654.509730035439134 ], [ 331.53528195443505, -1658.775974665768445 ], [ 333.358591170694126, -1663.13961286842823 ], [ 333.308511444865871, -1663.278165657073259 ], [ 340.244864320457054, -1676.65709160733968 ], [ 340.376558856081829, -1676.70078023057431 ], [ 342.465223256862373, -1681.063191433437169 ], [ 342.423176719656112, -1681.197267829440534 ], [ 348.881263008672249, -1693.725250376388431 ], [ 349.01589496145607, -1693.768314766697586 ], [ 350.072953934080942, -1693.223808577284217 ], [ 351.163912919460927, -1696.740875554271042 ], [ 352.780747403226997, -1696.297776224091649 ], [ 356.608756459365395, -1708.769615578465164 ], [ 355.831194156769925, -1709.011213795281947 ], [ 355.76522407858829, -1709.135792690329254 ], [ 358.317724566142715, -1717.502927193418145 ], [ 358.428875021854765, -1717.541273109614849 ], [ 372.256841864505986, -1713.316779041662812 ], [ 372.323462148022372, -1713.193455568514764 ], [ 389.386784393080234, -1708.795494166202843 ], [ 389.981377415120733, -1709.372458648867905 ], [ 425.443644455785034, -1699.223180190660059 ], [ 425.567928596068668, -1699.291586857289076 ], [ 450.075403216776976, -1692.086762613616884 ], [ 449.557535043250027, -1681.248123784549534 ], [ 449.428759026122862, -1681.157633022405207 ], [ 448.066949213467524, -1674.316580747254193 ], [ 440.100073638843241, -1649.879210591316223 ], [ 440.163087391349109, -1649.750041216611862 ], [ 438.744910451287069, -1645.675999999977648 ], [ 451.528879202443932, -1645.675999999977648 ], [ 455.373510388939394, -1656.161352633498609 ], [ 461.527918664303797, -1673.59798070974648 ], [ 461.938047931849724, -1683.811383686959743 ], [ 461.84218734037313, -1683.915605865418911 ], [ 462.148704024091785, -1690.975947028957307 ], [ 462.253212298250219, -1691.071469628252089 ], [ 465.501256073415789, -1761.253193340264261 ], [ 467.946650412151939, -1762.063064402900636 ], [ 497.995584328369659, -1752.240173844620585 ], [ 505.632300000030227, -1749.720279512926936 ], [ 505.632300000001123, -1761.962950819171965 ], [ 499.682354688929991, -1763.829218992963433 ], [ 496.153650268808633, -1764.979186308570206 ], [ 496.088555454351081, -1765.105778581462801 ], [ 478.512181701080408, -1770.879118954762816 ], [ 478.388633255348395, -1770.81450105831027 ], [ 463.782098156547363, -1775.345362252555788 ], [ 465.472289907438608, -1793.456806146539748 ], [ 465.578924490653662, -1793.546871403232217 ], [ 466.367310047171486, -1797.585771094076335 ], [ 466.929631858469293, -1819.369407155551016 ], [ 466.832419252814361, -1819.475257521495223 ], [ 467.33904919554152, -1828.101573483087122 ], [ 467.438396925965208, -1828.194875096902251 ], [ 467.409095532624633, -1834.709724648855627 ], [ 505.632300000012037, -1833.30576565861702 ], [ 505.632299999961106, -1850.27995452657342 ], [ 491.820318819196473, -1854.607277070172131 ], [ 491.762351330320598, -1854.756608576513827 ], [ 484.824859687616481, -1859.015769111923873 ], [ 484.710262721197068, -1858.972314704209566 ], [ 479.540096505026668, -1860.648745257407427 ], [ 485.514875755270623, -1879.647196665406227 ], [ 485.081192380534048, -1879.972138679586351 ], [ 485.715113709326033, -1880.28544750623405 ], [ 485.799018157125829, -1880.415114340372384 ], [ 485.932840119614411, -1880.393056454136968 ], [ 493.591984315624359, -1884.178506459109485 ], [ 498.664026821288644, -1887.286685268394649 ], [ 499.863074754210174, -1886.962120529264212 ], [ 505.632300000030227, -1884.341217341832817 ], [ 505.632299999970201, -1905.703382165171206 ], [ 490.724983312649783, -1914.741771088913083 ], [ 476.613742852701762, -1923.709711824543774 ], [ 471.522931364037504, -1929.199693747796118 ], [ 470.629396793581691, -1933.805765328928828 ], [ 469.969680016807615, -1938.122965526767075 ], [ 469.854561739755809, -1938.21915873605758 ], [ 469.451997209558613, -1950.303091279231012 ], [ 469.577119675792346, -1950.40726472157985 ], [ 470.688400399203601, -1954.852218814194202 ], [ 475.892415998237993, -1958.417242364026606 ], [ 505.632300000072064, -1956.120655319653451 ], [ 505.632299999995666, -1969.581899149343371 ], [ 489.967519912521311, -1970.445730859413743 ], [ 477.726993266060163, -1970.962883127853274 ], [ 477.631449832273574, -1971.06967200897634 ], [ 473.913881248181497, -1971.327251699753106 ], [ 472.224511806063674, -1973.03283566609025 ], [ 473.497596890985733, -1993.603260343894362 ], [ 474.247764789544817, -2019.815275330096483 ], [ 474.150704040886922, -2019.918204337358475 ], [ 474.698057639450781, -2038.1236268337816 ], [ 474.802359252147653, -2038.220501650124788 ], [ 475.071522744136018, -2044.356819245964289 ], [ 474.975922219720815, -2044.457266143523157 ], [ 475.147637739204583, -2060.658577298745513 ], [ 475.217703066367903, -2060.752908823080361 ], [ 485.151757610388813, -2060.654201025143266 ], [ 485.250591664720559, -2060.544863106682897 ], [ 501.29006317447238, -2059.038873107172549 ], [ 505.632299999942916, -2058.88889533188194 ], [ 505.632299999992028, -2071.807554512284696 ], [ 501.759334424257759, -2071.81023723538965 ], [ 492.325619939076205, -2072.045588923618197 ], [ 488.967458910632558, -2072.655844539403915 ], [ 488.870804497999416, -2072.573540534824133 ], [ 481.060522597877934, -2072.532298131845891 ], [ 480.960011943674544, -2072.635125886648893 ], [ 476.40998832891637, -2072.765437547117472 ], [ 477.539615112400497, -2106.96967595256865 ], [ 477.443093359372142, -2107.074963160790503 ], [ 478.054782816752777, -2118.474794602952898 ], [ 478.158112527877165, -2118.569070869125426 ], [ 479.112434648919589, -2145.675999999977648 ], [ 466.363920629186396, -2145.675999999977648 ], [ 466.199933328456609, -2136.867664024233818 ], [ 466.098685446373565, -2136.769648330286145 ], [ 465.912815454777956, -2122.48455049470067 ], [ 466.011459951874713, -2122.382564574480057 ], [ 465.744260513527479, -2109.20997261069715 ], [ 465.637110788436985, -2109.112158230505884 ], [ 464.430299310603004, -2092.38814755808562 ], [ 464.523131091737014, -2092.288967669941485 ], [ 464.508729353266972, -2087.869423190131783 ], [ 464.406996579240513, -2087.769786071032286 ], [ 464.282976900656649, -2080.756265288218856 ], [ 464.381139171084214, -2080.653631889261305 ], [ 464.131211178633748, -2072.868628561496735 ], [ 452.478994616396449, -2073.150931105948985 ], [ 452.381684908863463, -2073.254913555458188 ], [ 438.83006641868451, -2073.804361755028367 ], [ 438.729963689362194, -2073.708430077880621 ], [ 428.619333225969967, -2073.775405355729163 ], [ 428.520066514824066, -2073.875756773166358 ], [ 425.427249232385293, -2073.887763705104589 ], [ 425.324967942216972, -2073.788212544284761 ], [ 416.634341546643554, -2073.987766455858946 ], [ 416.536954069173589, -2074.100989436730742 ], [ 412.906248360521204, -2074.584817048162222 ], [ 412.807138675192618, -2074.497909106314182 ], [ 402.972534298687606, -2074.613257642835379 ], [ 402.874325648841477, -2074.710384356789291 ], [ 396.789663917237704, -2074.536974585615098 ], [ 396.686766038050337, -2074.434196427464485 ], [ 387.039596998194611, -2074.711160656064749 ], [ 386.973218967472349, -2074.808095226995647 ], [ 387.70728174146825, -2101.320317476056516 ], [ 387.879618563933036, -2101.415548508055508 ], [ 388.015845261998038, -2107.441527836956084 ], [ 388.309481290090844, -2120.43049677181989 ], [ 388.223636838416496, -2120.529370477423072 ], [ 388.325649363074263, -2129.610891845077276 ], [ 388.430870289259474, -2129.709685653448105 ], [ 388.879692916927524, -2138.232786046341062 ], [ 388.784959272774358, -2138.333113905973732 ], [ 388.839223483570095, -2143.337824681773782 ], [ 388.940913789067054, -2143.436693537048995 ], [ 388.979683678668152, -2145.675999999977648 ], [ 376.989334704927387, -2145.675999999977648 ], [ 376.867419671856624, -2128.576173239387572 ], [ 376.966650922437111, -2128.47412087302655 ], [ 376.592637483101498, -2110.5096077285707 ], [ 376.485400142631988, -2110.41185047943145 ], [ 375.948841495859597, -2103.06692548841238 ], [ 376.041587032155803, -2102.967745533213019 ], [ 376.023388266365146, -2097.805543767288327 ], [ 375.925557317012135, -2097.706292585469782 ], [ 376.094156444703913, -2089.837360574863851 ], [ 376.196244644339458, -2089.735295383259654 ], [ 375.885611708476063, -2074.718059919774532 ], [ 375.789293239140534, -2074.650903473608196 ], [ 365.136322376749376, -2074.851717928424478 ], [ 365.03829652665263, -2074.955480875447392 ], [ 344.915747610721155, -2075.723854633048177 ], [ 328.699314757866887, -2076.343074715696275 ], [ 328.599022542673993, -2076.246910749934614 ], [ 310.886907078174772, -2076.392059822566807 ], [ 310.792400069296491, -2076.461921419948339 ], [ 310.874769816187836, -2086.938601128757 ], [ 310.977657386567444, -2087.037714710459113 ], [ 311.549588917401707, -2106.577972808852792 ], [ 311.452540101501654, -2106.678199203684926 ], [ 311.505486072213898, -2114.932984431274235 ], [ 311.60834803866419, -2115.032293865457177 ], [ 312.35198055660112, -2140.676700214855373 ], [ 312.206448485943838, -2140.696020092815161 ], [ 312.165356946741667, -2140.776918799616396 ], [ 312.170698421066845, -2145.675999999977648 ], [ 300.480631286851349, -2145.675999999046326 ], [ 300.397844844657811, -2135.878685193136334 ], [ 300.496966973052622, -2135.779033488593996 ], [ 300.506700078462018, -2129.746509416028857 ], [ 300.398953580839589, -2129.646356359124184 ], [ 298.887035166322676, -2110.216949983499944 ], [ 298.97931394907755, -2110.117871123366058 ], [ 298.968623588292758, -2106.577069159597158 ], [ 298.886051273049816, -2106.480151938274503 ], [ 299.50323576917981, -2103.030348865315318 ], [ 299.621117722608687, -2102.928782588802278 ], [ 299.537376889344159, -2096.816026269458234 ], [ 299.435405047930544, -2096.717447400093079 ], [ 299.030463354196399, -2076.636954071000218 ], [ 268.658488899023723, -2076.880847783759236 ], [ 268.5567020640392, -2076.78170142415911 ], [ 255.95016657683118, -2077.01118775550276 ], [ 255.852246233023834, -2077.111510050483048 ], [ 205.179165345889487, -2077.301105019636452 ], [ 212.578959866023069, -2140.2612982140854 ], [ 212.490777639215594, -2140.36615903954953 ], [ 212.825347077079641, -2145.675999999977648 ], [ 192.780518275530994, -2145.675999999977648 ], [ 192.237997840393291, -2139.740059083327651 ], [ 192.132301786174139, -2139.649719972163439 ], [ 192.065862519009897, -2138.573948711156845 ], [ 191.481406930191952, -2138.430539387278259 ], [ 191.24373952508904, -2138.227231783792377 ], [ 191.007754134701827, -2137.656254797242582 ], [ 191.152449795688881, -2137.055615980178118 ], [ 191.355757397586785, -2136.817948575131595 ], [ 191.622557684471758, -2136.654738945886493 ], [ 191.94254081071449, -2136.580731583759189 ], [ 191.848445135496149, -2135.062604681588709 ], [ 191.941427506570108, -2134.950114345178008 ], [ 188.867707351526406, -2110.386652814224362 ], [ 188.759002555525512, -2110.29999937210232 ], [ 188.631272244649153, -2108.969858791679144 ], [ 188.029803087385517, -2108.837247493676841 ], [ 187.788140770606333, -2108.638705038465559 ], [ 187.540850647033949, -2108.072532412596047 ], [ 187.559429320619529, -2107.760323165915906 ], [ 187.872119106950777, -2107.227473335340619 ], [ 188.440218288738834, -2106.979994499124587 ], [ 186.761285789389149, -2089.491013620048761 ], [ 186.852212063082334, -2089.385686527006328 ], [ 186.007954826729474, -2076.362377683632076 ], [ 184.779545679091825, -2075.52079308219254 ], [ 176.246071137964464, -2075.506364744156599 ], [ 176.146322029868315, -2075.611634456552565 ], [ 170.628892152220942, -2075.905376772396266 ], [ 170.491810244497174, -2075.9041320187971 ], [ 170.392754234502718, -2075.802814942784607 ], [ 159.99713142820292, -2075.70894421916455 ], [ 159.896903523229412, -2075.804147576913238 ], [ 153.141431619782452, -2075.480514724738896 ], [ 153.044077315587856, -2075.375796170905232 ], [ 146.33223726754477, -2075.206585465930402 ], [ 146.229741449844369, -2075.305628745816648 ], [ 137.387921364643262, -2075.226860779337585 ], [ 137.538495786719068, -2092.841722671873868 ], [ 135.600667724931554, -2101.894276219420135 ], [ 135.289568900936501, -2102.428056497126818 ], [ 134.724136490269302, -2102.677034511230886 ], [ 134.120346455150866, -2102.54610912874341 ], [ 133.878092922628639, -2102.348288470879197 ], [ 133.629114906500035, -2101.782856059260666 ], [ 135.538302492921503, -2092.74735545925796 ], [ 135.388381291460973, -2075.209075479768217 ], [ 133.781310254398704, -2075.194803369231522 ], [ 133.682878445097231, -2075.093961058184505 ], [ 112.026500987030886, -2074.784458941780031 ], [ 111.925838139852203, -2074.878750362433493 ], [ 107.906965553971531, -2074.649363100528717 ], [ 107.808475992847889, -2074.543705438263714 ], [ 94.132110853752238, -2074.35108223836869 ], [ 94.030741442264116, -2074.450067101977766 ], [ 82.203770710106255, -2074.335194424726069 ], [ 82.106488186471324, -2074.234290192835033 ], [ 64.928095811321327, -2073.811934158205986 ], [ 64.82563058933556, -2073.912281045690179 ], [ 35.103576619234445, -2074.034549322910607 ], [ 34.88388724448123, -2107.196774988435209 ], [ 31.162827696061868, -2107.223077406175435 ], [ 31.118188726197332, -2100.216436288319528 ], [ 31.006904738422236, -2100.117177162319422 ], [ 30.727316248990974, -2097.649955840781331 ], [ 30.816146937255326, -2097.553494486957788 ], [ 30.892869217554107, -2092.975919957272708 ], [ 30.794361611293425, -2092.874288583174348 ], [ 30.93176711347769, -2083.363103534094989 ], [ 31.033175504620885, -2083.263671814464033 ], [ 31.043639161816827, -2073.492474709637463 ], [ 16.814290516340407, -2073.41347538959235 ], [ 16.714365660038311, -2073.510094015859067 ], [ 5.632300000019313, -2073.137420848011971 ], [ 5.632300000077521, -2061.087139525450766 ], [ 17.961825806922207, -2061.349754896946251 ], [ 18.064007804583525, -2061.24667938798666 ], [ 22.158607489474889, -2061.207334778271616 ], [ 23.019334269580213, -2033.917904298752546 ], [ 23.969592130904857, -2033.880518660880625 ] ], [ [ 214.898292444448089, -1968.245818079449236 ], [ 215.382200655960332, -1968.255299779586494 ], [ 215.671527835635061, -1968.374083552509546 ], [ 216.074239385283363, -1968.842620991170406 ], [ 216.148203542978081, -1969.146510946564376 ], [ 216.005856702919118, -1969.74771083239466 ], [ 215.803479606016481, -1969.986171125434339 ], [ 215.398676514845647, -1970.184166813269258 ], [ 215.543329843771062, -1970.744559777900577 ], [ 182.734743909502868, -1974.189882352948189 ], [ 192.739717202826796, -1997.932811915874481 ], [ 195.20716239515059, -2012.250535484403372 ], [ 199.55891367384902, -2011.928747555240989 ], [ 199.67242793706464, -2012.020394093357027 ], [ 216.541333767825563, -2009.657816429622471 ], [ 215.344904728515758, -2001.007752763107419 ], [ 215.240969047936233, -2000.952597241848707 ], [ 213.628221969502192, -2001.182083842344582 ], [ 211.62033222057471, -1986.758025133982301 ], [ 212.777570930340516, -1986.599677364341915 ], [ 212.86306160555614, -1986.487083399668336 ], [ 211.701880688391611, -1978.000232398509979 ], [ 217.208062746181895, -1977.283285987563431 ], [ 221.74506825500066, -1995.107846172526479 ], [ 225.679673363656548, -1994.34778141323477 ], [ 226.744866574723346, -2009.728583659045398 ], [ 225.441039106768585, -2009.81335458625108 ], [ 225.347794183870064, -2009.919959901832044 ], [ 226.307050961282584, -2023.607061178423464 ], [ 232.928851488339205, -2023.178086329251528 ], [ 232.949187094067383, -2022.872064140625298 ], [ 235.844398248365906, -2015.011322025209665 ], [ 236.944662634175984, -2013.679642956703901 ], [ 239.286280078160416, -2013.454193532466888 ], [ 240.277983633954136, -2018.495151044800878 ], [ 240.198497263600075, -2018.608684599399567 ], [ 246.802224286955607, -2059.550826049409807 ], [ 246.922626993795348, -2059.632663110271096 ], [ 247.475603959375803, -2062.122301819734275 ], [ 235.739892560550288, -2065.253629421815276 ], [ 263.024193927365559, -2065.289590429514647 ], [ 268.111556390567785, -2065.705626036040485 ], [ 268.212948644733842, -2065.813766968436539 ], [ 280.8416803860855, -2065.647314624860883 ], [ 280.940305172020089, -2065.544906198978424 ], [ 288.093200424458701, -2065.369456510059536 ], [ 288.20038368565838, -2065.466713417321444 ], [ 298.776210157646346, -2064.691254609264433 ], [ 297.675867308093075, -2049.038546840660274 ], [ 297.562486013061061, -2048.946579657495022 ], [ 295.667126099879169, -2035.197472878731787 ], [ 295.752770287950625, -2035.086846225894988 ], [ 294.239457492047222, -2022.412863493897021 ], [ 294.128090712236371, -2022.325485150329769 ], [ 292.128605590518418, -2005.936365243047476 ], [ 292.215916845154425, -2005.826648917980492 ], [ 290.720343867098563, -1991.928655547089875 ], [ 290.608229399527772, -1991.840177345089614 ], [ 289.692165631808166, -1984.69938304554671 ], [ 289.778797952314562, -1984.58914347179234 ], [ 287.260390565386842, -1962.442001456394792 ], [ 287.151162825932261, -1962.354024526663125 ], [ 284.042930492261803, -1931.19326027110219 ], [ 284.130752832867074, -1931.073407380841672 ], [ 283.297758692689968, -1927.280827347189188 ], [ 283.393563418192571, -1918.526654705405235 ], [ 280.869767763848358, -1917.080253711901605 ], [ 259.100837552272424, -1916.736692885868251 ], [ 259.000701195151123, -1916.827139525674284 ], [ 250.452904706891786, -1916.002652579918504 ], [ 250.357105507247979, -1915.893148253671825 ], [ 230.744185056841161, -1915.133714659139514 ], [ 230.639997040419985, -1915.240628288127482 ], [ 223.916424276607358, -1915.71130418498069 ], [ 223.818952804338551, -1915.618402455002069 ], [ 198.454697116638272, -1914.89383804704994 ], [ 198.352415483948789, -1914.994422522373497 ], [ 186.626692185300271, -1915.139467249624431 ], [ 186.531710131694126, -1915.040820305235684 ], [ 176.66407678849464, -1914.619341385550797 ], [ 176.559708851322284, -1914.72032605484128 ], [ 169.311342686985881, -1914.800704424269497 ], [ 169.231415303744143, -1922.402121378108859 ], [ 161.337729921287973, -1923.039597114548087 ], [ 169.932084946081886, -1941.497758857905865 ], [ 169.88189584479187, -1941.626623216085136 ], [ 180.072335107206527, -1965.917913976125419 ], [ 180.201568632321141, -1965.972113506868482 ], [ 181.721178679659715, -1969.781669815070927 ], [ 202.721809429089262, -1967.839375928975642 ], [ 202.852153403136981, -1965.18481882289052 ], [ 213.886683270249705, -1961.617770407348871 ], [ 214.568525548447724, -1966.968495328910649 ], [ 214.898292444448089, -1968.245818079449236 ] ], [ [ 442.517263331235881, -1994.683449824340641 ], [ 442.188448624458033, -1994.623600665479898 ], [ 441.914631349225601, -1994.472458746284246 ], [ 441.56823723121488, -1993.96087790094316 ], [ 441.529567858095106, -1993.650516079738736 ], [ 441.739840098332934, -1993.069577680900693 ], [ 441.968198799695529, -1992.855867397971451 ], [ 442.540105442401909, -1992.687215059995651 ], [ 442.546844198403051, -1992.09972379822284 ], [ 444.469973061255587, -1992.030009487643838 ], [ 444.566225833414137, -1991.92577735427767 ], [ 451.600288253977851, -1991.620672601275146 ], [ 451.704367906530024, -1991.716217738576233 ], [ 461.150493590188489, -1991.31531223654747 ], [ 461.24253823838626, -1991.242318129166961 ], [ 460.590310804158435, -1975.519638977013528 ], [ 460.486603956509498, -1975.423982481472194 ], [ 459.919743602133167, -1960.642177667468786 ], [ 460.015807608286195, -1960.538519638590515 ], [ 459.32152629823031, -1942.150406462140381 ], [ 459.277290343445202, -1942.07114046253264 ], [ 459.126969612865651, -1942.057727462612092 ], [ 458.873158222839265, -1938.294369572773576 ], [ 458.966203187121209, -1938.188400099053979 ], [ 458.736655459197209, -1934.551749286241829 ], [ 458.633946826570536, -1934.458596070297062 ], [ 458.202189135576191, -1919.861103308387101 ], [ 458.299142673153256, -1919.757786414586008 ], [ 457.964004064597248, -1909.225963119417429 ], [ 437.574153232913886, -1911.604539000429213 ], [ 437.487001640774906, -1911.718447773717344 ], [ 420.014565268844308, -1914.303958634845912 ], [ 419.907622088974676, -1914.218903610482812 ], [ 408.125303076441924, -1915.260773533955216 ], [ 408.034999883515411, -1915.374537535011768 ], [ 392.787145387701457, -1917.557189454324543 ], [ 392.68283769707341, -1917.471453502774239 ], [ 383.341183379121503, -1918.078457160852849 ], [ 384.513793517931845, -1937.443441150709987 ], [ 384.611764308510828, -1937.536192974075675 ], [ 384.395705666780486, -1949.426276104524732 ], [ 384.293942328251433, -1949.528296674601734 ], [ 384.574945397982447, -1963.60009822063148 ], [ 384.676712416059672, -1963.698020330630243 ], [ 384.920733313827441, -1977.085467123426497 ], [ 384.822584033485327, -1977.184801242314279 ], [ 384.782689150446458, -1990.779941516928375 ], [ 384.899174991878681, -1990.880252351984382 ], [ 386.176318349534995, -1998.612218387424946 ], [ 386.445010971363445, -2020.189542796462774 ], [ 386.346335160640592, -2020.292513712309301 ], [ 386.455970581064321, -2023.94781503174454 ], [ 386.551336852342502, -2024.043769664131105 ], [ 386.381381877863532, -2027.73625657055527 ], [ 386.276835627953915, -2027.838690272532403 ], [ 386.586430601830216, -2041.137261763215065 ], [ 386.680543401695104, -2041.233773862011731 ], [ 386.472142947097382, -2044.76943348441273 ], [ 386.366300313726242, -2044.871725475415587 ], [ 386.80363991244667, -2063.020173895172775 ], [ 395.866498974502974, -2062.841424742713571 ], [ 395.964234542207123, -2062.738167042843997 ], [ 446.345347213242349, -2061.066228494048119 ], [ 446.442840915953639, -2061.162886596284807 ], [ 451.796222090697484, -2061.25530887208879 ], [ 451.896156478995181, -2061.167070032097399 ], [ 453.362966536353269, -2061.34199508652091 ], [ 453.465193739855749, -2061.453888871707022 ], [ 463.663045817425882, -2061.205312483943999 ], [ 463.40030610571921, -2047.200487774796784 ], [ 463.28856705450562, -2047.102757439017296 ], [ 462.340677175916426, -2039.08621099870652 ], [ 462.428820195875232, -2038.981818533502519 ], [ 462.18009836424244, -2034.744916751980782 ], [ 462.007861115842388, -2034.654938942752779 ], [ 461.86031123363864, -2022.797936853952706 ], [ 461.959005036575036, -2022.695610602386296 ], [ 461.398137927093558, -1999.044513984583318 ], [ 461.301392120994933, -1998.977706058882177 ], [ 451.560400425862099, -1999.235457189381123 ], [ 448.167105500997422, -1995.031614257954061 ], [ 442.512567484503961, -1995.094828629866242 ], [ 442.517263331235881, -1994.683449824340641 ] ], [ [ 496.011904719900485, -1888.004760222509503 ], [ 492.665123815790139, -1885.950589227490127 ], [ 483.741357617274844, -1881.540113351307809 ], [ 483.337669298005494, -1881.27751075476408 ], [ 482.574356286644615, -1881.8487449567765 ], [ 470.108526726082346, -1872.55927053745836 ], [ 468.739751079507187, -1872.399964828975499 ], [ 469.057885469346729, -1883.539502183906734 ], [ 470.597023508165876, -1886.578315486200154 ], [ 472.83917465995728, -1887.994496919214725 ], [ 479.455563354817059, -1889.961622308008373 ], [ 483.928656485037209, -1890.181769182905555 ], [ 491.871067308597048, -1889.126199881546199 ], [ 496.011904719900485, -1888.004760222509503 ] ], [ [ 161.787373535998995, -1718.762287179008126 ], [ 162.775232240926925, -1721.070424580015242 ], [ 162.649808759644657, -1721.675381640903652 ], [ 162.192754194646113, -1722.091080107726157 ], [ 161.578647854592418, -1722.158737300895154 ], [ 161.042057488573846, -1721.852510470896959 ], [ 160.067745128681054, -1719.81229801196605 ], [ 159.008117219475025, -1720.459028341807425 ], [ 158.162239671359202, -1718.282806570641696 ], [ 158.026609198350343, -1718.228520509786904 ], [ 138.299886189066456, -1727.482574622146785 ], [ 138.249682267318349, -1727.609205680899322 ], [ 134.185783354545492, -1729.193756382912397 ], [ 134.049998747788777, -1729.139644359238446 ], [ 96.623007698504807, -1746.718610461801291 ], [ 113.465616197117924, -1793.814331823959947 ], [ 124.510189663096753, -1789.904092739336193 ], [ 124.566150657354228, -1789.763820108957589 ], [ 139.036501516324279, -1782.314152600243688 ], [ 139.164972083264729, -1782.360270413570106 ], [ 153.454005208019225, -1775.993982212617993 ], [ 153.499313303227609, -1775.851311036385596 ], [ 160.184716035246311, -1771.858444981276989 ], [ 160.316407672387868, -1771.896055185236037 ], [ 172.650142294729449, -1765.418268554843962 ], [ 172.688912594525391, -1765.277101406827569 ], [ 175.887968886672752, -1763.300855663605034 ], [ 176.015283317168723, -1763.339066687040031 ], [ 183.832755096500478, -1759.574130023829639 ], [ 183.871234239055411, -1759.422939401119947 ], [ 188.582489174328657, -1755.904776164330542 ], [ 190.424088972975369, -1759.790797262452543 ], [ 197.23084735759403, -1756.653942892327905 ], [ 197.279457361777531, -1756.521195807494223 ], [ 195.538342654768712, -1752.767846309579909 ], [ 198.119139298200025, -1751.578445285558701 ], [ 198.167368077351057, -1751.44426285661757 ], [ 206.932841672862196, -1747.221179883927107 ], [ 207.066062615789633, -1747.267958347685635 ], [ 216.417509423048614, -1742.788137875497341 ], [ 216.463854178306065, -1742.653509485535324 ], [ 224.548226035711195, -1738.637790978886187 ], [ 224.148195683977974, -1737.852998080663383 ], [ 224.193445681838057, -1737.721757433377206 ], [ 217.961670301841878, -1724.474422028288245 ], [ 217.827207182885104, -1724.427201907150447 ], [ 204.301943349899375, -1696.792056131176651 ], [ 197.995455272161053, -1699.752023347653449 ], [ 199.298858037635, -1701.35710062738508 ], [ 191.586484528663277, -1704.855531580746174 ], [ 191.222274275167365, -1704.061305250972509 ], [ 191.11997146914473, -1704.003664928488433 ], [ 187.482823454520258, -1705.659850754775107 ], [ 187.433325924868768, -1705.792077356018126 ], [ 187.790183460427215, -1706.578690120019019 ], [ 174.04687200965418, -1712.863246419467032 ], [ 173.811352388886007, -1712.348353206180036 ], [ 173.708997182131498, -1712.290627343580127 ], [ 169.971633707344154, -1713.994379730895162 ], [ 169.922217281136909, -1714.126688810065389 ], [ 170.156954840000253, -1714.642623049207032 ], [ 162.938388548038347, -1717.94450656324625 ], [ 162.899335965670616, -1718.099441134370863 ], [ 161.787373535998995, -1718.762287179008126 ] ], [ [ 324.307128716398438, -2063.458477267064154 ], [ 327.058579375723639, -2063.581581279635429 ], [ 327.155692005309902, -2063.685977419838309 ], [ 331.848794939582149, -2063.807886891067028 ], [ 331.951116455737065, -2063.707156634889543 ], [ 361.477232000836011, -2063.473697118461132 ], [ 361.577377730311127, -2063.572872713208199 ], [ 374.953764183192106, -2063.536936303600669 ], [ 375.048678141647542, -2063.467522973194718 ], [ 375.022713700709573, -2055.311885223723948 ], [ 374.912644162954166, -2055.212326616980135 ], [ 374.214041360341071, -2048.302964266389608 ], [ 374.304027725811466, -2048.202460676431656 ], [ 374.119227041614067, -2039.003152611665428 ], [ 374.021558457445281, -2038.90582496766001 ], [ 374.381693895771605, -2023.193089725449681 ], [ 374.483920667458733, -2023.090483519248664 ], [ 374.267336007356789, -2014.579212828539312 ], [ 374.163708818332452, -2014.481852514669299 ], [ 373.520905483163006, -1997.096752934157848 ], [ 373.617173292830557, -1996.995420678518713 ], [ 373.461966470998959, -1987.984566202387214 ], [ 373.36060293517221, -1987.886382819153368 ], [ 373.197845671720643, -1976.376182813197374 ], [ 373.201876428654941, -1962.711944105103612 ], [ 373.09234072513209, -1962.612111308611929 ], [ 372.441084137552025, -1955.809989446774125 ], [ 372.592038150673034, -1955.701159025542438 ], [ 372.803720458365206, -1952.155296145938337 ], [ 372.701386562837797, -1952.049038282595575 ], [ 372.138521197770388, -1929.87362745217979 ], [ 372.23595247575031, -1929.775815539062023 ], [ 372.392232092515769, -1919.752222966402769 ], [ 372.324667960650913, -1919.656091507524252 ], [ 345.551265279675135, -1919.226712578907609 ], [ 345.450831390393432, -1919.321451608091593 ], [ 341.150169679538521, -1919.094600349664688 ], [ 341.054741224084864, -1918.989465772174299 ], [ 327.313806435318838, -1918.383680863305926 ], [ 327.209323076511282, -1918.483990769833326 ], [ 317.75974201990357, -1918.525650959461927 ], [ 317.647716146519087, -1918.426786571741104 ], [ 313.802368237331393, -1918.870143783278763 ], [ 313.715953615122999, -1918.949333201162517 ], [ 308.842874170244613, -1917.947555810213089 ], [ 308.743681548980021, -1917.827080365270376 ], [ 294.337987414495728, -1917.742915440350771 ], [ 294.240330249380349, -1917.819005872122943 ], [ 295.176952700983747, -1927.950753699056804 ], [ 295.31484655186614, -1928.041689172387123 ], [ 296.947436290498445, -1932.306074629537761 ], [ 296.711600172680846, -1935.20643393881619 ], [ 299.46348707006473, -1956.880193534307182 ], [ 299.37603782907172, -1956.9816909218207 ], [ 299.479169156013086, -1960.04431264847517 ], [ 299.574431986029595, -1960.139878941699862 ], [ 299.473372909282261, -1962.291699519380927 ], [ 300.63951632190583, -1972.533011600375175 ], [ 300.551322784993317, -1972.641973562538624 ], [ 301.683374464102599, -1984.086102499626577 ], [ 301.792634064879167, -1984.175745198503137 ], [ 302.514038083398191, -1991.514362525194883 ], [ 302.371314976393478, -1991.546035232022405 ], [ 302.337343253215295, -1991.630245647393167 ], [ 303.54310400788745, -2005.29612849932164 ], [ 303.657110130627188, -2005.386429196223617 ], [ 304.204069501796766, -2009.142947796732187 ], [ 304.118850573364398, -2009.250832801684737 ], [ 306.711703251567087, -2034.587418128736317 ], [ 306.83390970417895, -2034.675405276939273 ], [ 307.645747715880134, -2038.176917139440775 ], [ 308.549850096809678, -2048.153019551187754 ], [ 308.459172887602108, -2048.259911035187542 ], [ 309.692986615824339, -2064.54176455643028 ], [ 309.800135832871092, -2064.633897200226784 ], [ 324.215893717990184, -2063.553747321479023 ], [ 324.307128716398438, -2063.458477267064154 ] ], [ [ 49.637538550934551, -1922.367827158421278 ], [ 52.270118988952163, -1930.77804771438241 ], [ 68.725267602803797, -1925.76049514580518 ], [ 66.751646848972086, -1917.222174929454923 ], [ 66.824840535544354, -1917.09586267452687 ], [ 61.948441690989057, -1900.897981636226177 ], [ 44.686942471458678, -1906.064779119566083 ], [ 49.511942154405915, -1922.301204443909228 ], [ 49.637538550934551, -1922.367827158421278 ] ], [ [ 148.344428288784911, -1843.882800213061273 ], [ 164.996940394661578, -1834.457603072747588 ], [ 165.124024663111413, -1834.50004786811769 ], [ 184.470245370685006, -1825.785816642455757 ], [ 180.206512330163605, -1816.198080479167402 ], [ 180.068085304988927, -1816.150682240724564 ], [ 174.072562506316899, -1802.001775945536792 ], [ 184.817334003590076, -1796.718152390792966 ], [ 184.86291482944398, -1796.584306284785271 ], [ 181.831394736043876, -1790.467407613061368 ], [ 171.041771202711971, -1795.732133518904448 ], [ 168.158628921226409, -1789.881311669014394 ], [ 184.613412392585815, -1781.703438381664455 ], [ 187.661799302264626, -1787.746993069536984 ], [ 195.12564070548251, -1784.087550258263946 ], [ 195.145520056663372, -1783.971624137833714 ], [ 192.584478780414429, -1778.771738515235484 ], [ 217.759307546108175, -1766.412245969288051 ], [ 213.371607949909958, -1757.417797734960914 ], [ 191.49185270005546, -1766.873603626154363 ], [ 190.511250229796133, -1764.879069382324815 ], [ 190.377438851388433, -1764.833463022485375 ], [ 155.482531457968435, -1781.987502857111394 ], [ 155.438556761884684, -1782.124651338905096 ], [ 133.004483463544602, -1794.20735852047801 ], [ 132.877690787223401, -1794.162528187967837 ], [ 119.580762118828716, -1799.925645332783461 ], [ 121.05361330591586, -1803.441107969731092 ], [ 120.320690796128474, -1803.972927968017757 ], [ 119.82910167170121, -1805.660972598940134 ], [ 121.27437177345746, -1808.925419792532921 ], [ 122.551441486833937, -1809.569853316992521 ], [ 123.318009957745744, -1809.290733720175922 ], [ 125.181257400208779, -1814.153482264839113 ], [ 124.42919027969765, -1814.759356159716845 ], [ 124.353371011195122, -1816.135017190128565 ], [ 125.250721300066289, -1818.61597092077136 ], [ 125.943276718764537, -1819.550239338539541 ], [ 126.700243882198265, -1819.878720763139427 ], [ 127.426659966517036, -1819.943223717622459 ], [ 128.488843210034247, -1822.954941776581109 ], [ 124.382118357551008, -1824.781256247311831 ], [ 124.322859569881984, -1824.8767547653988 ], [ 133.797113470160184, -1851.647918711416423 ], [ 133.92154606593067, -1851.672999722883105 ], [ 148.303125554488361, -1844.021005193702877 ], [ 148.344428288784911, -1843.882800213061273 ] ], [ [ 450.748903529423842, -1712.103277224116027 ], [ 450.679376655138185, -1703.92182326503098 ], [ 450.777995710965115, -1703.809948506765068 ], [ 450.04317841680313, -1696.325213916599751 ], [ 449.940918162594244, -1696.235025051049888 ], [ 441.802779458872465, -1698.999571465887129 ], [ 441.739695292279066, -1699.126617726869881 ], [ 430.756490000188933, -1702.862280015833676 ], [ 430.6384520667998, -1702.797195546329021 ], [ 426.006514874479763, -1703.957852940075099 ], [ 425.935509964843732, -1704.08576113730669 ], [ 405.39978538944888, -1710.752757634967566 ], [ 381.857672964099038, -1717.834785860963166 ], [ 360.691873582283733, -1723.692260885611176 ], [ 363.260528581853578, -1745.11428944952786 ], [ 363.172537450987875, -1745.218528975732625 ], [ 363.418278920613375, -1749.477313037961721 ], [ 363.531382723082061, -1749.570923534221947 ], [ 364.924684568182784, -1759.977575337514281 ], [ 364.8382445280713, -1760.084334522485733 ], [ 365.670660338950256, -1769.803781622089446 ], [ 382.859663584200462, -1768.411980257369578 ], [ 382.950352774425482, -1768.296460382640362 ], [ 388.942035859907264, -1767.334121990017593 ], [ 389.048222441808321, -1767.418025312013924 ], [ 406.314344822005296, -1765.969081812538207 ], [ 406.405321078222187, -1765.857838303782046 ], [ 411.216395005645609, -1765.294668074697256 ], [ 411.325711628287536, -1765.382509990595281 ], [ 424.826603500161582, -1763.995255164802074 ], [ 424.915330331175937, -1763.88071524258703 ], [ 437.088168137901448, -1762.023283432237804 ], [ 443.216016726959424, -1761.266777090728283 ], [ 443.39949599722604, -1761.363820036873221 ], [ 452.992595872006859, -1761.130599458701909 ], [ 452.719760764226521, -1747.182746880687773 ], [ 452.615628629295315, -1747.085100934840739 ], [ 451.679468029973577, -1724.783923740498722 ], [ 451.774958253516161, -1724.676507322117686 ], [ 450.849451684674932, -1712.195206892676651 ], [ 450.748903529423842, -1712.103277224116027 ] ], [ [ 302.097711770536989, -1905.841910463757813 ], [ 335.48626310293912, -1907.311892052181065 ], [ 335.583462694408809, -1907.416219281032681 ], [ 342.141882958545466, -1907.592576406896114 ], [ 342.244549862381973, -1907.493402813561261 ], [ 352.254843313410674, -1907.569092676974833 ], [ 352.354023694788339, -1907.670182446017861 ], [ 367.798768552356705, -1907.790830323472619 ], [ 369.431801250451826, -1905.930736873298883 ], [ 368.549632707150522, -1897.832495974376798 ], [ 368.440144101828992, -1897.743439141660929 ], [ 365.216025869656733, -1865.89790150243789 ], [ 365.305066830371288, -1865.785384187474847 ], [ 363.400353228218592, -1851.280697477050126 ], [ 363.28835357843127, -1851.194597515277565 ], [ 359.256682074490527, -1820.18144510500133 ], [ 357.923701709811212, -1807.386343264020979 ], [ 358.01273308715281, -1807.276199347339571 ], [ 355.373355212348542, -1783.180641207844019 ], [ 341.919418160807254, -1784.614063000306487 ], [ 341.832127464946097, -1784.696801040321589 ], [ 315.847334404035792, -1787.189863163977861 ], [ 315.736844886849212, -1787.100049416534603 ], [ 303.792035974156533, -1788.418836542405188 ], [ 303.710245781625417, -1788.58902376331389 ], [ 296.881105738495535, -1789.328042770735919 ], [ 296.769282659302917, -1789.239608620293438 ], [ 280.081227603450316, -1791.371100723743439 ], [ 281.606813751417576, -1803.727572896517813 ], [ 281.715588260649383, -1803.81427054759115 ], [ 282.654144936022931, -1813.522004039958119 ], [ 283.782748047342466, -1814.287364159710705 ], [ 284.182151084574798, -1818.135163438506424 ], [ 283.296308552829942, -1819.074362199753523 ], [ 285.243738190794829, -1832.05027099698782 ], [ 285.102267056818164, -1832.165553443133831 ], [ 286.24008179183329, -1843.033563243225217 ], [ 286.346815409462579, -1843.122406085021794 ], [ 287.394838094112856, -1857.349410166032612 ], [ 287.302729234666913, -1857.459228034131229 ], [ 289.42677415658909, -1878.400947875343263 ], [ 289.540206724388554, -1878.48992162104696 ], [ 290.083633417409146, -1882.341389286331832 ], [ 289.99830375986312, -1882.451985687948763 ], [ 292.84171407724898, -1906.124662346206605 ], [ 292.944001664653115, -1906.212660394608974 ], [ 302.002251800446174, -1905.937493655830622 ], [ 302.097711770536989, -1905.841910463757813 ] ], [ [ 368.548858243488212, -1796.445540227927268 ], [ 369.946986445822404, -1805.444257509894669 ], [ 369.862951372557291, -1805.554024892859161 ], [ 370.389414357803616, -1810.091543425805867 ], [ 370.500865041889483, -1810.179249407723546 ], [ 371.197009275685559, -1815.86402471922338 ], [ 371.109790398784753, -1815.974165508523583 ], [ 372.803975413038643, -1831.180900368839502 ], [ 372.910290251533297, -1831.268992668017745 ], [ 373.202549514169732, -1835.43060043361038 ], [ 373.110163648108937, -1835.541066196747124 ], [ 374.566909853674588, -1849.099101945757866 ], [ 374.679776521996246, -1849.18751625623554 ], [ 376.255819352496474, -1860.77923586871475 ], [ 376.169776999822716, -1860.88799449428916 ], [ 377.702217330279382, -1875.88535931892693 ], [ 377.81396152061825, -1875.97442673239857 ], [ 379.206142954430106, -1887.209080658853054 ], [ 379.119019092819144, -1887.318781647831202 ], [ 381.253414094919208, -1906.90627614967525 ], [ 392.179722813983972, -1905.767539261840284 ], [ 392.267862945534944, -1905.652799526229501 ], [ 399.225064209924312, -1904.572571106255054 ], [ 399.335161801318463, -1904.656575812958181 ], [ 408.351038145476195, -1903.583991781808436 ], [ 408.438246139874536, -1903.470858811400831 ], [ 425.905760852238018, -1901.024550372734666 ], [ 447.688338466259665, -1899.497496545314789 ], [ 456.303378426307972, -1897.051088732667267 ], [ 457.34383417880963, -1894.595998215489089 ], [ 457.405863007163134, -1882.250667321495712 ], [ 456.074796503717153, -1868.61219887342304 ], [ 456.338665899511398, -1862.934362221509218 ], [ 456.443276101555966, -1862.834740743972361 ], [ 456.471642805901865, -1854.216351145878434 ], [ 456.366915946613517, -1854.116027022711933 ], [ 455.394641236782263, -1833.698442679829895 ], [ 455.489710879930499, -1833.593280133791268 ], [ 454.256255503532884, -1809.364552742801607 ], [ 454.07603890714563, -1809.273222363553941 ], [ 453.558075837419892, -1806.010496575385332 ], [ 453.642367618795106, -1805.907044213265181 ], [ 453.412211998289422, -1801.926139784045517 ], [ 453.31791503000386, -1801.833243860863149 ], [ 453.772540675574419, -1793.680675096809864 ], [ 453.877949435469418, -1793.574648017063737 ], [ 452.719985614428879, -1773.272957599721849 ], [ 441.601603471191993, -1773.863377950154245 ], [ 441.507735102411971, -1773.973577124997973 ], [ 433.736547052832975, -1774.78508838545531 ], [ 433.623935021547368, -1774.696401746943593 ], [ 424.823922154366301, -1775.931743908673525 ], [ 424.738332301851187, -1776.042137933894992 ], [ 408.168923731396717, -1777.9663255661726 ], [ 408.072982438930921, -1777.917586263269186 ], [ 396.507989882997208, -1779.201331855729222 ], [ 396.427190490820067, -1779.38558586128056 ], [ 395.629326380239945, -1779.48202620819211 ], [ 392.076684885396389, -1779.844739217311144 ], [ 391.967104411733089, -1779.755529321730137 ], [ 380.163464074761578, -1780.960554501973093 ], [ 380.074661900243882, -1781.061380174010992 ], [ 374.627683524609893, -1781.137202917598188 ], [ 374.517994705440287, -1781.039076781831682 ], [ 367.115704164172712, -1781.743693324737251 ], [ 367.055882013892187, -1781.84484145604074 ], [ 368.226675265266749, -1794.235646833665669 ], [ 368.433991806461563, -1796.356308802030981 ], [ 368.548858243488212, -1796.445540227927268 ] ], [ [ 251.665612516317196, -1806.985260201618075 ], [ 243.42202354656547, -1810.938923895359039 ], [ 243.288539705627045, -1810.89207521174103 ], [ 212.58765101192148, -1825.669085767120123 ], [ 212.540463006156642, -1825.800936625339091 ], [ 205.426499526109183, -1829.083294475451112 ], [ 205.293057061207946, -1829.034775170497596 ], [ 166.970085210585239, -1847.1031050439924 ], [ 166.923761223024485, -1847.239335003308952 ], [ 146.73821153029894, -1857.634787834249437 ], [ 146.610763586650137, -1857.588234323076904 ], [ 137.003912532612958, -1861.748297898098826 ], [ 136.974349797861578, -1861.85687602031976 ], [ 150.690242821003267, -1901.632480252534151 ], [ 163.816417639678548, -1901.916521982289851 ], [ 163.913884914027221, -1901.845787854865193 ], [ 163.866445774354361, -1901.656934717670083 ], [ 189.288600919617238, -1902.407312244176865 ], [ 189.386184662407686, -1902.510199972428381 ], [ 212.866998657842487, -1903.060437243431807 ], [ 212.966952089778715, -1902.982065833173692 ], [ 212.952214196398927, -1902.820020537823439 ], [ 224.584008238243769, -1903.988411917351186 ], [ 224.680175706262162, -1904.098328617401421 ], [ 240.801454416270644, -1904.664516549557447 ], [ 240.904935648706669, -1904.565946979448199 ], [ 280.778341135905066, -1905.098257655277848 ], [ 278.321702199846186, -1879.918884198181331 ], [ 278.41137491965128, -1879.808583536185324 ], [ 275.482980693774152, -1852.868960157036781 ], [ 275.366600911756905, -1852.781055092811584 ], [ 270.224115495482692, -1809.69756715092808 ], [ 270.310149794446261, -1809.576063143089414 ], [ 268.495934194603251, -1799.109625245444477 ], [ 268.364779602434282, -1799.065012349747121 ], [ 253.643104909719113, -1805.95330663677305 ], [ 251.715490759132081, -1806.855711382813752 ], [ 251.665612516317196, -1806.985260201618075 ] ], [ [ 346.95916122399467, -1719.525504080578685 ], [ 342.701068276863225, -1708.237702924758196 ], [ 339.115789059487724, -1700.922593407332897 ], [ 328.189261360637829, -1679.146743912249804 ], [ 313.621584492371767, -1685.947415826842189 ], [ 308.638630393226777, -1675.453400323167443 ], [ 302.586531889537582, -1678.266282003372908 ], [ 293.164450551772461, -1658.414102047681808 ], [ 281.294022236030287, -1663.999582965858281 ], [ 281.237555892317687, -1664.102645607665181 ], [ 290.874239452838083, -1684.516539242118597 ], [ 291.00732401960704, -1684.56423513777554 ], [ 294.464181823670515, -1682.931433094665408 ], [ 298.965378369941391, -1692.460225041955709 ], [ 294.749600834908051, -1694.10240279790014 ], [ 288.893913747129773, -1696.760327419266105 ], [ 287.135236550693662, -1692.477880808524787 ], [ 283.23361631269654, -1694.536782768554986 ], [ 280.955659814771934, -1688.732118385843933 ], [ 278.072192159235783, -1686.463702482171357 ], [ 270.009293740416979, -1668.741554128006101 ], [ 268.708868482344769, -1666.271787285804749 ], [ 210.800615972264495, -1693.696592956781387 ], [ 211.966708232239398, -1696.523858210071921 ], [ 211.914141866225691, -1696.658351492136717 ], [ 219.686764227990352, -1713.349693628959358 ], [ 236.181156853717766, -1705.737117463722825 ], [ 238.56993243688521, -1710.898531500250101 ], [ 238.672547537158607, -1710.95580022316426 ], [ 255.2163406992604, -1703.302758613601327 ], [ 260.246912871165478, -1710.921756342053413 ], [ 263.662839356742552, -1709.184348994866014 ], [ 271.516507401034687, -1727.66989953815937 ], [ 271.462537327843165, -1727.798484490253031 ], [ 259.763337093098016, -1732.465281744487584 ], [ 220.347470571263329, -1751.475396243855357 ], [ 218.896828198487128, -1754.152292733080685 ], [ 221.163776347284511, -1757.953276771120727 ], [ 221.125771500577684, -1758.084349615499377 ], [ 225.81306264059458, -1767.159887967631221 ], [ 225.949062204957954, -1767.202156634069979 ], [ 235.026897791023657, -1784.16115300450474 ], [ 225.878113793187367, -1788.481892622075975 ], [ 222.273093997957403, -1780.864020523615181 ], [ 222.139998248556367, -1780.816411418840289 ], [ 221.167195047713903, -1781.276464470662177 ], [ 220.470377293493584, -1779.802749308757484 ], [ 220.367286912181953, -1779.746326834894717 ], [ 203.667577880971294, -1787.643724302761257 ], [ 203.645772685984412, -1787.759193508885801 ], [ 206.818993646917079, -1794.471035851165652 ], [ 198.625802908449259, -1798.345296540297568 ], [ 198.603990790938042, -1798.460832865908742 ], [ 199.312725754334679, -1799.958116927184165 ], [ 197.766407696006354, -1800.711085027083755 ], [ 198.264997526959633, -1801.859565830789506 ], [ 183.466344922069766, -1808.890019718557596 ], [ 189.870394691404726, -1822.566036743111908 ], [ 190.003515257136314, -1822.613782223314047 ], [ 241.679115528542752, -1798.198276371695101 ], [ 241.720501045643687, -1798.051873924210668 ], [ 246.185181449014635, -1795.077688569203019 ], [ 246.311692936269537, -1795.112537603825331 ], [ 251.411788807876292, -1792.590918140485883 ], [ 251.457091601283537, -1792.456996809691191 ], [ 251.147202894851944, -1791.830309752374887 ], [ 263.056085800655637, -1785.943469011224806 ], [ 263.365986154009079, -1786.570179644040763 ], [ 263.499899485355854, -1786.615480905398726 ], [ 267.954293083963421, -1784.413200457580388 ], [ 267.996186642829343, -1784.272394392639399 ], [ 275.925443830830773, -1779.563084189780056 ], [ 276.021181951837207, -1779.612001944333315 ], [ 296.745162333378175, -1777.36714253667742 ], [ 296.833558815773358, -1777.25494921952486 ], [ 310.042065605130119, -1775.548774942755699 ], [ 310.149274968911413, -1775.635634400881827 ], [ 323.992101536228802, -1774.433788758702576 ], [ 324.082836307945399, -1774.323171910829842 ], [ 341.62392133679532, -1772.377088151872158 ], [ 341.73277780834178, -1772.465580953285098 ], [ 353.558281514446207, -1771.29638328962028 ], [ 352.218686134767268, -1756.94121889770031 ], [ 352.106654421444546, -1756.851578067988157 ], [ 349.550180191912659, -1736.601639844477177 ], [ 350.049482493395772, -1736.550884869880974 ], [ 350.109574897469429, -1736.449892484582961 ], [ 349.041760159809201, -1724.822513088583946 ], [ 348.933128655931796, -1724.732103046961129 ], [ 348.044782381719415, -1724.813169832341373 ], [ 346.95916122399467, -1719.525504080578685 ] ], [ [ 229.494796816530652, -1732.211743000894785 ], [ 231.126943974360984, -1732.634997774846852 ], [ 242.833618951517565, -1725.053449963219464 ], [ 237.518287835833689, -1713.688326633535326 ], [ 224.62823504753942, -1719.986120123416185 ], [ 229.494796816530652, -1732.211743000894785 ] ], [ [ 207.302684006459458, -2059.82243016641587 ], [ 219.240824139531469, -2057.817853304557502 ], [ 216.763650403874635, -2042.674177513457835 ], [ 221.506276386167883, -2041.905391848646104 ], [ 220.854240220307474, -2037.517816925421357 ], [ 223.488611382126692, -2037.101346633397043 ], [ 223.571731932192051, -2037.018274177797139 ], [ 222.495936503726625, -2030.445588055998087 ], [ 214.959529866329831, -2031.617555450648069 ], [ 213.052668628095489, -2020.034916079603136 ], [ 212.969084157975885, -2019.952329171821475 ], [ 201.072800998774255, -2021.903285255655646 ], [ 200.990195284153742, -2021.986859699711204 ], [ 207.187822766782119, -2059.739995249547064 ], [ 207.302684006459458, -2059.82243016641587 ] ], [ [ 166.928226657830237, -1920.090938981622458 ], [ 167.057894370014765, -1914.752767371013761 ], [ 162.657292456404321, -1914.610212643630803 ], [ 162.490968381353014, -1920.036461408250034 ], [ 166.825755757266961, -1920.188087264075875 ], [ 166.928226657830237, -1920.090938981622458 ] ] ], [ [ [ 425.830797894894204, -1645.675999999977648 ], [ 429.223858238950925, -1655.442125331610441 ], [ 423.445949900487904, -1658.545361507683992 ], [ 418.820647581011144, -1657.16464670561254 ], [ 416.322710640044534, -1654.151979737915099 ], [ 414.630762145177869, -1648.914889654144645 ], [ 419.542146494364715, -1646.943194394931197 ], [ 419.032989066427035, -1645.676000001840293 ], [ 425.830797894894204, -1645.675999999977648 ] ] ], [ [ [ 408.348753745716749, -1645.675999999977648 ], [ 410.262785044824341, -1649.700102804228663 ], [ 404.589065296788249, -1652.582383691333234 ], [ 401.1448225647855, -1645.675999999046326 ], [ 408.348753745716749, -1645.675999999977648 ] ] ], [ [ [ 389.09317536665003, -1645.675999999977648 ], [ 387.747177974435544, -1646.348973657004535 ], [ 392.366032023732259, -1655.714942681603134 ], [ 387.996608884392117, -1658.00998717918992 ], [ 384.906552931503029, -1659.501545049250126 ], [ 381.91010639131855, -1653.719090084545314 ], [ 381.798750874177131, -1653.668565624393523 ], [ 380.559477101984157, -1648.376129313372076 ], [ 382.569850424342803, -1645.675999999977648 ], [ 389.09317536665003, -1645.675999999977648 ] ] ], [ [ [ 5.632299999946554, -1813.919596803374588 ], [ 5.91949924360415, -1814.763295923359692 ], [ 5.857706223827336, -1814.891928562894464 ], [ 9.664145588709289, -1825.425713511183858 ], [ 5.98320840701308, -1826.761789638549089 ], [ 5.923302381663234, -1826.889736406505108 ], [ 13.526700129941673, -1847.926513271406293 ], [ 13.654703221176533, -1847.986543471924961 ], [ 17.260322506357625, -1846.682916576974094 ], [ 19.60269981869169, -1853.169465004466474 ], [ 17.0273165063536, -1854.101926917210221 ], [ 15.000157391830726, -1854.107296152971685 ], [ 14.893372064690993, -1854.007618205621839 ], [ 12.410210402389566, -1854.844388151541352 ], [ 11.930844672775493, -1853.417552134022117 ], [ 11.803933409400997, -1853.354733784683049 ], [ 5.632299999952011, -1855.450962419621646 ], [ 5.632299999946554, -1813.919596803374588 ] ] ], [ [ [ 35.600586695301899, -1645.675999999977648 ], [ 25.328355807059779, -1648.618134293705225 ], [ 12.715258900772824, -1653.221200693398714 ], [ 13.929775695407443, -1657.559094079770148 ], [ 13.860540684674561, -1657.682585175149143 ], [ 16.440374966887248, -1666.893984900787473 ], [ 18.98029206623869, -1673.91851953137666 ], [ 10.304699840724425, -1676.995034669525921 ], [ 5.632300000013856, -1669.483389556407928 ], [ 5.632300000066607, -1667.22740314155817 ], [ 7.231191764587493, -1666.650817829184234 ], [ 5.632299999999304, -1662.122795766219497 ], [ 5.63230000002477, -1645.676000001840293 ], [ 35.600586695301899, -1645.675999999977648 ] ] ], [ [ [ 505.632300000050236, -2039.490696644410491 ], [ 501.262562208921736, -2039.52483600191772 ], [ 501.25182899066931, -2030.818641933612525 ], [ 505.632299999942916, -2030.610440092161298 ], [ 505.632300000050236, -2039.490696644410491 ] ] ], [ [ [ 142.991246764353491, -1748.378844046033919 ], [ 145.043696853657821, -1752.933068012818694 ], [ 137.107734103599796, -1756.841449410654604 ], [ 137.062232342781499, -1756.975319318473339 ], [ 135.963540169324915, -1757.516774520277977 ], [ 135.83074310212578, -1757.470773465000093 ], [ 130.781189837020065, -1759.958631226792932 ], [ 130.735856221384893, -1760.094347357749939 ], [ 123.952798740952858, -1763.583338518626988 ], [ 120.664280413289816, -1765.042576549574733 ], [ 118.454860708146953, -1758.860981492325664 ], [ 121.227959235362505, -1757.610939625650644 ], [ 121.723976395831414, -1758.710632781498134 ], [ 121.856180908189344, -1758.760665962472558 ], [ 125.399694122761503, -1757.142474819906056 ], [ 124.585793565471249, -1755.236281142570078 ], [ 139.038028249824492, -1748.723419634625316 ], [ 139.535869133334927, -1749.827204260975122 ], [ 139.637915222079755, -1749.885471202433109 ], [ 142.991246764353491, -1748.378844046033919 ] ] ], [ [ [ 138.656318833514888, -1800.406549553386867 ], [ 139.522032006601876, -1802.639912469312549 ], [ 136.931757787197057, -1803.756262259557843 ], [ 135.995724989590599, -1801.562950868159533 ], [ 138.656318833514888, -1800.406549553386867 ] ] ], [ [ [ 141.416583586791603, -1807.527468035928905 ], [ 142.764804693893893, -1811.0056027257815 ], [ 142.716141723276451, -1811.026288248598576 ], [ 141.393436859019857, -1807.536244032904506 ], [ 141.416583586791603, -1807.527468035928905 ] ] ], [ [ [ 141.496030839967716, -1825.166547078639269 ], [ 141.68564124207478, -1825.692907270975411 ], [ 139.355765278014587, -1826.531851929612458 ], [ 139.166284356426331, -1826.005958640016615 ], [ 141.496030839967716, -1825.166547078639269 ] ] ], [ [ [ 143.286432293631151, -1830.136717714369297 ], [ 143.373005001305501, -1830.377044336870313 ], [ 141.043394072878073, -1831.216375596821308 ], [ 140.957182483212819, -1830.97724386677146 ], [ 143.286432293631151, -1830.136717714369297 ] ] ], [ [ [ 144.777189642407393, -1834.275073603726923 ], [ 144.950568876682155, -1834.756375928409398 ], [ 142.620621975609538, -1835.595770669169724 ], [ 142.447184981872851, -1835.114629819057882 ], [ 144.777189642407393, -1834.275073603726923 ] ] ] ] } },
{ "type": "Feature", "properties": { }, "geometry": { "type": "MultiPolygon", "coordinates": [ [ [ [ 505.632300000001123, -510.625955983996391 ], [ 520.468913915252415, -509.641800130717456 ], [ 520.251221484797497, -511.190337708219886 ], [ 520.309732654703112, -511.295656562782824 ], [ 528.701304383430397, -512.088116839528084 ], [ 528.810319271933622, -511.996173408813775 ], [ 528.876669355928243, -511.124277720227838 ], [ 540.216721133539977, -510.243350849486887 ], [ 540.280329640463606, -510.152143801562488 ], [ 540.313112334615653, -508.445612041279674 ], [ 547.983323342015865, -508.058816531673074 ], [ 547.937044508033068, -510.339612936601043 ], [ 548.034947417179865, -510.441585813648999 ], [ 555.033155075425384, -510.584589620120823 ], [ 555.135153664255995, -510.486023626290262 ], [ 555.147147188203235, -509.61663475446403 ], [ 560.126882770568045, -509.678588071838021 ], [ 560.760624621270836, -479.457047521136701 ], [ 560.666992237991508, -479.386037883348763 ], [ 548.676421926600597, -479.139591024257243 ], [ 548.883264999029052, -476.666336129419506 ], [ 550.557744958006879, -470.485142194665968 ], [ 557.354786697285817, -470.517078374512494 ], [ 566.645854903237705, -470.741656341589987 ], [ 568.218409422477635, -470.215623854659498 ], [ 568.590077724904404, -469.445735943503678 ], [ 590.665277304082338, -449.52568247076124 ], [ 577.734969755327256, -435.23013014998287 ], [ 575.713873183281976, -432.892868248745799 ], [ 575.723614451588219, -432.751306348480284 ], [ 568.85784950102061, -424.929174160584807 ], [ 568.716896978512523, -424.919913986697793 ], [ 557.933811758113734, -412.599880950525403 ], [ 552.800815465041524, -406.145659575238824 ], [ 552.812956301499071, -406.000598289072514 ], [ 544.481469761856715, -396.696954981423914 ], [ 544.337732402880647, -396.691482914611697 ], [ 540.875190683444089, -393.08430645801127 ], [ 528.64618690462521, -404.573406212963164 ], [ 528.504369003529064, -404.569484106265008 ], [ 522.174117517570267, -410.601651067845523 ], [ 519.310686427863402, -408.514636928215623 ], [ 527.302457518759184, -396.537349285557866 ], [ 505.632299999933821, -371.845399206504226 ], [ 505.63230000000658, -310.30597716011107 ], [ 509.864918619161472, -308.542144596576691 ], [ 519.100772120578767, -310.336286310106516 ], [ 559.237067562344237, -286.855452549643815 ], [ 555.944439958855583, -281.274558746255934 ], [ 565.950039913963337, -275.257981074042618 ], [ 568.887908825674458, -280.492784976959229 ], [ 611.719600991575135, -254.470800831913948 ], [ 608.603627071508527, -249.638297782279551 ], [ 621.743742403790748, -241.330366998910904 ], [ 624.653148194489404, -246.754022656939924 ], [ 656.54023415724987, -227.607196353375912 ], [ 654.296892376945834, -224.965151945129037 ], [ 646.077743919984641, -223.304047653451562 ], [ 648.50343110646827, -221.22967042401433 ], [ 648.530787920273724, -221.115371380001307 ], [ 636.091136842798733, -206.638131805695593 ], [ 622.651079576002303, -213.977490664459765 ], [ 622.644253528298577, -214.102654165588319 ], [ 626.532122160300787, -219.511056730523705 ], [ 616.266721955214962, -222.345931750722229 ], [ 613.061104887876354, -218.113011494278908 ], [ 612.938604302169551, -218.083001787774265 ], [ 605.295647076645764, -221.708235953003168 ], [ 605.283781393482059, -221.843010937795043 ], [ 607.470774838591751, -224.687403574585915 ], [ 605.342604804138318, -226.062980812974274 ], [ 603.346941171506842, -222.425356005318463 ], [ 592.791921733698473, -228.197206224314868 ], [ 577.969056163425194, -235.114657533355057 ], [ 577.832655482763585, -235.063278422690928 ], [ 569.260478593138032, -239.078632258810103 ], [ 569.210912021735567, -239.205249306745827 ], [ 564.737508957114187, -241.023495961911976 ], [ 564.656759211127792, -240.896843148395419 ], [ 564.566036460266332, -240.894020135514438 ], [ 537.693036024315006, -253.558803440071642 ], [ 537.643952153408463, -253.687380007468164 ], [ 534.39901797323364, -255.037399106658995 ], [ 534.264139016471745, -254.98535024933517 ], [ 511.561989900121262, -265.637245703488588 ], [ 511.50871497191838, -265.752231705002487 ], [ 509.581893293685425, -266.244906597770751 ], [ 509.437958627415355, -266.180891233496368 ], [ 505.632300000048417, -268.089092800393701 ], [ 505.632300000030227, -253.286213312298059 ], [ 513.584754028121097, -249.333524043671787 ], [ 517.79873659786972, -246.846307393163443 ], [ 516.228047881939347, -245.288410758599639 ], [ 544.21750904655164, -231.917796175926924 ], [ 545.88844025569415, -233.623582379892468 ], [ 546.843144615364508, -233.170569553039968 ], [ 545.540449154892485, -224.490981857292354 ], [ 541.616347828852668, -205.392842036671937 ], [ 541.685098146625023, -204.7788564581424 ], [ 542.101609993016609, -204.322542111389339 ], [ 542.394352717743459, -204.212443289346993 ], [ 543.008338300562173, -204.281193607486784 ], [ 543.269479972132103, -204.453312987461686 ], [ 543.574751466341695, -204.9904481805861 ], [ 547.505053476616013, -224.118766161613166 ], [ 548.696269711148489, -232.319956881925464 ], [ 561.522784111606597, -226.622034371830523 ], [ 561.216925423066641, -223.930588123388588 ], [ 555.548352388897911, -226.610892592929304 ], [ 552.968190775207404, -220.761678412556648 ], [ 552.038991206605715, -221.177404627203941 ], [ 545.232422324426807, -203.846662702970207 ], [ 561.22417884553397, -195.432166200131178 ], [ 563.815814049350593, -201.661549431271851 ], [ 563.763595066944617, -201.796063533052802 ], [ 571.802892533069098, -219.089454840868711 ], [ 565.812152455064279, -221.756624283269048 ], [ 566.856600863828135, -224.020814009010792 ], [ 611.705487520936003, -202.676100913435221 ], [ 623.216742332508147, -197.293262916617095 ], [ 622.28121695714799, -194.428548383526504 ], [ 598.987692062575661, -179.739362409338355 ], [ 594.5016128199386, -186.675338927656412 ], [ 591.373986510094255, -185.055427825078368 ], [ 593.888856680416211, -180.980194456875324 ], [ 542.553052759303682, -149.357015165500343 ], [ 544.834802567675069, -145.675999999977648 ], [ 560.02480916722925, -145.675999999977648 ], [ 558.278975550176256, -148.463912906125188 ], [ 584.57985334028308, -164.981479343026876 ], [ 584.717411716468632, -164.950060647912323 ], [ 604.449633392268879, -177.262446998618543 ], [ 604.353715397584892, -177.42484827619046 ], [ 604.397636043435341, -177.533849054947495 ], [ 615.566839042357969, -184.505156403407454 ], [ 639.89756395151926, -145.676000000908971 ], [ 647.417398842919283, -145.675999999977648 ], [ 634.313956224114008, -168.824726295657456 ], [ 625.988494146677112, -179.559531131759286 ], [ 625.078151169556804, -181.790294347330928 ], [ 625.101051871659365, -184.633188359439373 ], [ 627.925070394234353, -195.096341324038804 ], [ 646.029392941427432, -186.320067351683974 ], [ 674.117333381480421, -173.807734154164791 ], [ 685.995185123223564, -168.207737724296749 ], [ 686.127445145455567, -168.255897468887269 ], [ 698.240398417518009, -162.66385334264487 ], [ 698.297737385768414, -162.560965375974774 ], [ 698.244723540085033, -162.43571007065475 ], [ 701.658796024865296, -160.761341518722475 ], [ 701.705559264688418, -160.631863700225949 ], [ 704.839075838248391, -159.260669448412955 ], [ 704.996910155186924, -159.369419318623841 ], [ 714.547123326949077, -155.12164471577853 ], [ 714.595276190952063, -154.98393844999373 ], [ 719.014238529205613, -152.675976648926735 ], [ 719.305280657175899, -152.979853926226497 ], [ 719.422074195226742, -153.000174238346517 ], [ 724.986769189044935, -150.226164293475449 ], [ 725.034153953034547, -150.09755543526262 ], [ 724.808265559258871, -149.824798691086471 ], [ 727.962741738087061, -148.317899321205914 ], [ 728.180175282101118, -148.821328701451421 ], [ 728.311582659784108, -148.87346448469907 ], [ 735.715046403078304, -145.676000000908971 ], [ 766.83073845513718, -145.675999999977648 ], [ 736.732063282062882, -160.188430521637201 ], [ 736.677351528487634, -160.295147988945246 ], [ 734.202241338749445, -160.715703853406012 ], [ 738.795917998964796, -169.646976189687848 ], [ 741.373687176694148, -170.853029569610953 ], [ 744.743914130569465, -167.016781619749963 ], [ 748.846452228264752, -165.0030756900087 ], [ 749.615443274742574, -166.560482463799417 ], [ 749.731271051381555, -166.580610550008714 ], [ 750.334877748797226, -166.284143443219364 ], [ 753.046736873648115, -168.943712102249265 ], [ 766.197804126331903, -180.519351387396455 ], [ 760.706463754311699, -186.804834980517626 ], [ 745.315744297266065, -173.497242174111307 ], [ 745.201297818330204, -173.523957820609212 ], [ 740.240720359470288, -179.256896832026541 ], [ 740.250939078901865, -179.397956646978855 ], [ 744.445349346042349, -183.022782338783145 ], [ 744.846753861287652, -183.606182038784027 ], [ 762.302463109435848, -198.708598429337144 ], [ 755.612709451739647, -206.434015440754592 ], [ 748.905637079089502, -201.560004152357578 ], [ 756.25673067970456, -217.299046500585973 ], [ 721.152218950515817, -233.209880294278264 ], [ 709.094311259317692, -208.384405513294041 ], [ 694.820005039706302, -179.867399979382753 ], [ 694.718585279146282, -179.91398851107806 ], [ 694.565441570402982, -179.626471540890634 ], [ 665.367707166662512, -193.210642764344811 ], [ 665.310515417235365, -193.311098522506654 ], [ 665.362578666390618, -193.399065532721579 ], [ 661.21564694193512, -195.304014475084841 ], [ 661.054596225021669, -195.229129255749285 ], [ 651.631590698154469, -199.63069333601743 ], [ 651.582136571416413, -199.760927294380963 ], [ 652.520909925346132, -200.846405619755387 ], [ 652.588843987537985, -201.413288326002657 ], [ 678.394691191157108, -230.736433649435639 ], [ 695.440910594143133, -249.410904815420508 ], [ 707.832411171733838, -239.048150816000998 ], [ 717.651329893546063, -244.360678929835558 ], [ 755.714238051341454, -219.135998183861375 ], [ 758.113321070490201, -221.204629232175648 ], [ 793.878577536544981, -196.11730498727411 ], [ 795.462892417017429, -192.465742936357856 ], [ 794.344639212540642, -186.371734062209725 ], [ 800.106431469223025, -181.496155083179474 ], [ 801.865902768176966, -178.402791966684163 ], [ 804.906225717568304, -167.481550992466509 ], [ 807.176576729318185, -162.139551856555045 ], [ 808.928314585838962, -160.147390048950911 ], [ 809.068426458656177, -160.139421639963984 ], [ 813.827365710663798, -154.835215614177287 ], [ 804.205447330317838, -146.098983725532889 ], [ 804.066744954672686, -146.104237363673747 ], [ 803.621311241049625, -145.675999999977648 ], [ 823.070476957078426, -145.675999999977648 ], [ 845.385782725174067, -165.850447790697217 ], [ 852.132204618712422, -169.384426298551261 ], [ 861.231133528262944, -159.06976524926722 ], [ 868.242731068343346, -165.293767660856247 ], [ 868.359699780925439, -165.305217410437763 ], [ 878.899404349260294, -153.435139080509543 ], [ 879.358002806371587, -153.757778372615576 ], [ 879.497310302771439, -153.733499782159925 ], [ 882.446906164126631, -149.536625288426876 ], [ 882.445062982620584, -149.419126947410405 ], [ 882.286393509109985, -149.301618006080389 ], [ 882.445093640648338, -149.218199363909662 ], [ 884.959529715108147, -145.99685869179666 ], [ 886.01467460629101, -145.676000000908971 ], [ 894.726081402686759, -145.675999999977648 ], [ 894.811625771508261, -145.743627396412194 ], [ 894.981842057553877, -146.337539219297469 ], [ 894.922123572214332, -146.644546937197447 ], [ 894.541689437866808, -147.131347415968776 ], [ 893.683553566330374, -147.428187364712358 ], [ 893.087965852490015, -149.282468440942466 ], [ 885.37572701094723, -151.67929826118052 ], [ 883.769848866308166, -154.404769325628877 ], [ 883.640804276716153, -154.428963233716786 ], [ 869.589035509956375, -172.645645059645176 ], [ 869.589114061624059, -172.766752889379859 ], [ 862.440050967978095, -178.195921187289059 ], [ 861.500860081903738, -179.263035589829087 ], [ 861.354631046322538, -179.753610601648688 ], [ 868.732158888749836, -187.108296847902238 ], [ 868.586113543609827, -187.309083614498377 ], [ 868.613992689617589, -187.418136961758137 ], [ 884.852625856074155, -201.732633086852729 ], [ 884.974688477037489, -201.740479447878897 ], [ 885.131934234806977, -201.541462271474302 ], [ 891.785222884973336, -206.802049973979592 ], [ 895.697486028409912, -208.598161137662828 ], [ 897.171801533097096, -200.903141152113676 ], [ 906.418289958985042, -204.774468515999615 ], [ 905.640746455552289, -206.638126374222338 ], [ 905.684173033059778, -206.762502719648182 ], [ 902.992700659495313, -211.496259720996022 ], [ 922.810941577001358, -219.20746879465878 ], [ 925.722679415222956, -216.344581442885101 ], [ 927.618109630906474, -211.737500067800283 ], [ 927.252023795392233, -206.947981228120625 ], [ 926.344405899939375, -205.986766517162323 ], [ 925.274706045171115, -207.295893120579422 ], [ 908.503440155442149, -200.294712371192873 ], [ 909.680500751248474, -197.423621866852045 ], [ 907.088287470634896, -196.296841405332088 ], [ 919.101921943185516, -167.525391509756446 ], [ 935.497269004619739, -178.234881022945046 ], [ 925.669567316184839, -173.963129460811615 ], [ 925.554839995513248, -173.988578205928206 ], [ 916.413334436889272, -195.008773014880717 ], [ 916.46514559204843, -195.140292838215828 ], [ 929.173053442460514, -200.646293786354363 ], [ 938.363024838585261, -179.589505895972252 ], [ 938.311188530024083, -179.45799152366817 ], [ 936.055090133815611, -178.477345980703831 ], [ 938.681869751886552, -174.677410665899515 ], [ 938.863671813058318, -174.676871500909328 ], [ 943.946697953779221, -166.901036025956273 ], [ 943.872317009245307, -166.733084732666612 ], [ 948.03216988029817, -158.495262266136706 ], [ 956.123072139642318, -162.619745747186244 ], [ 955.558973731749575, -163.510575776919723 ], [ 955.797080411191928, -163.76709805149585 ], [ 955.918772614681075, -164.05521441064775 ], [ 955.874576440341116, -164.671454223804176 ], [ 955.713014292445223, -164.939255829900503 ], [ 955.18848795212034, -165.265717049129307 ], [ 954.876868052448117, -165.292420362122357 ], [ 954.495334376091705, -165.190286027267575 ], [ 953.944291585425162, -166.063774701207876 ], [ 953.74701170674598, -166.05711173824966 ], [ 951.848663965563901, -169.056202893145382 ], [ 951.840210028716683, -169.146531595848501 ], [ 951.945229145232588, -169.23571003228426 ], [ 949.02718526055105, -173.064487867988646 ], [ 948.884356248276163, -173.092136056162417 ], [ 944.83708457573448, -179.45735568460077 ], [ 944.873073246557396, -179.598698572255671 ], [ 943.609943602066778, -181.96296479832381 ], [ 936.301400954898781, -201.60226733237505 ], [ 936.056992129169885, -201.510124285705388 ], [ 935.957621279665545, -201.572895340621471 ], [ 931.280361677669134, -213.318484654650092 ], [ 931.309418064043712, -213.432413438335061 ], [ 931.51997481961007, -213.521308798342943 ], [ 928.34536622568703, -221.426390171051025 ], [ 960.492709567599377, -233.8119478803128 ], [ 962.293751537912613, -229.979425670579076 ], [ 984.013666284598003, -238.689274114556611 ], [ 989.501630743190617, -233.619101651012897 ], [ 989.504191740299575, -233.476397151127458 ], [ 996.366213114541097, -226.724308696575463 ], [ 996.918069397246654, -226.25149909965694 ], [ 997.056974843884745, -226.382738779298961 ], [ 997.169948153274163, -226.36814945936203 ], [ 1005.131774662460884, -219.214306975714862 ], [ 1005.632300000046598, -218.756378857418895 ], [ 1005.632299999913812, -237.367393317632377 ], [ 1005.256795893048547, -237.707867483608425 ], [ 1005.107457156576857, -237.708334751427174 ], [ 997.310608248400968, -244.769355483353138 ], [ 997.292470838687223, -244.937603360041976 ], [ 995.161817467980654, -247.290981510654092 ], [ 1005.632299999930183, -251.284855343401432 ], [ 1005.632299999990209, -268.066418776288629 ], [ 1004.644713359235539, -265.727116835303605 ], [ 998.624967763733366, -263.396421546116471 ], [ 990.350733916751778, -286.181436927057803 ], [ 990.235497332500017, -290.098860394209623 ], [ 992.224459425458917, -294.400622185319662 ], [ 1005.632299999930183, -310.517292912118137 ], [ 1005.63230000004296, -313.309777477756143 ], [ 1001.715539084010743, -315.538899435661733 ], [ 1005.632299999942916, -323.457702471874654 ], [ 1005.632299999937459, -335.994642689824104 ], [ 1001.63730063695948, -338.310374723747373 ], [ 1005.632300000090254, -341.437054605223238 ], [ 1005.632299999995666, -350.590076513588428 ], [ 984.10282502071459, -333.407255512662232 ], [ 983.984049820450309, -333.40319952648133 ], [ 982.855526235956859, -331.759220409207046 ], [ 980.988626629141436, -333.778213415294886 ], [ 975.617536727329934, -342.294883402995765 ], [ 971.38059158301985, -350.612071610987186 ], [ 968.06749034035056, -357.770206622779369 ], [ 967.856192089828255, -358.059185487218201 ], [ 999.748408703182577, -389.249410153366625 ], [ 1001.6443857779268, -389.81455702893436 ], [ 1003.68833712869673, -390.570203288458288 ], [ 1003.71110915614554, -390.675648682750762 ], [ 1005.632300000046598, -392.578943459317088 ], [ 1005.632300000015675, -412.697866078466177 ], [ 986.907129859207998, -394.491969803348184 ], [ 986.906311790267864, -394.351761952973902 ], [ 980.031280958071875, -387.474835451692343 ], [ 979.891670604143656, -387.473558413796127 ], [ 974.952114158149925, -382.316128885373473 ], [ 974.267112945401095, -384.198444493114948 ], [ 974.162632089703038, -384.220608986914158 ], [ 965.900128321391094, -392.491725794039667 ], [ 965.918573973467574, -392.607827103696764 ], [ 969.364965668566583, -396.049189109355211 ], [ 969.506076225392462, -396.049278258346021 ], [ 973.067778483435177, -399.606242710724473 ], [ 988.870604432426262, -414.759801464155316 ], [ 998.845686320953973, -423.291429023258388 ], [ 1001.222471974835571, -427.200272775255144 ], [ 1005.632300000075702, -431.60960672609508 ], [ 1005.632300000057512, -444.814810015261173 ], [ 948.322070553171216, -387.527024011127651 ], [ 948.180752563745045, -387.527001965790987 ], [ 939.154595243002404, -396.543329941108823 ], [ 937.783998581622654, -395.133060567080975 ], [ 936.452500512999904, -396.307236739434302 ], [ 935.674599101632339, -397.489762775599957 ], [ 935.424409317885875, -398.57007450144738 ], [ 935.187315100723936, -400.360007626004517 ], [ 935.254899746321826, -401.062786568887532 ], [ 935.570426375983516, -401.822333605028689 ], [ 936.644624985465271, -403.056796689517796 ], [ 943.724958810351382, -410.812930797226727 ], [ 951.67159044685468, -419.03256587870419 ], [ 968.014927434953279, -435.238675961270928 ], [ 985.217849768472661, -451.592057597823441 ], [ 985.676262836244859, -451.04082618560642 ], [ 997.463921488435517, -462.225243586115539 ], [ 1003.90270725362825, -461.413049438036978 ], [ 1004.07365961036885, -461.486274517141283 ], [ 1005.632299999919269, -459.928304995410144 ], [ 1005.632300000015675, -469.744587323628366 ], [ 961.425465504893509, -518.69097173307091 ], [ 955.749932910654024, -524.031711800023913 ], [ 955.025762513023437, -524.628724335692823 ], [ 946.905691661708261, -528.142965736798942 ], [ 946.773334225430517, -528.09133902285248 ], [ 939.04186708810812, -531.275734234601259 ], [ 938.987944558781237, -531.407287318259478 ], [ 946.08053179358285, -539.525674548000097 ], [ 946.226640262766523, -539.530704788863659 ], [ 948.638514616111934, -541.941854284144938 ], [ 948.626079638799638, -542.068449887447059 ], [ 953.219409908355374, -548.726208983920515 ], [ 953.358337120964279, -548.751808798871934 ], [ 954.138101470423862, -548.215569438412786 ], [ 957.187756272003753, -552.634840652346611 ], [ 957.305246122356039, -552.637790136039257 ], [ 958.146950703017865, -552.057884725742042 ], [ 963.112422557842365, -557.922191650606692 ], [ 980.47556860228724, -578.011759214103222 ], [ 985.47791024480648, -581.387648929841816 ], [ 1005.632299999995666, -565.930451217107475 ], [ 1005.6323, -583.946557869203389 ], [ 1003.993674388215368, -585.274379373528063 ], [ 1003.848112542780655, -585.258987777866423 ], [ 1001.448741929680182, -587.336605192162097 ], [ 993.831411688810476, -593.509128570556641 ], [ 994.040853258389689, -593.751103404909372 ], [ 993.922957288292309, -593.859661743044853 ], [ 993.932974274079243, -593.976751608774066 ], [ 1005.632300000052055, -607.487591749988496 ], [ 1005.632299999919269, -631.567353115417063 ], [ 1002.702826888757045, -628.194707890972495 ], [ 1002.561786010555807, -628.184813098981977 ], [ 1000.839210654152339, -629.68184922542423 ], [ 973.680461404430389, -598.411457834765315 ], [ 973.539420376957423, -598.40154642611742 ], [ 964.415953379819257, -606.32883345708251 ], [ 964.389498680950055, -606.443296792916954 ], [ 964.647535010148204, -606.747935107909143 ], [ 964.171455688123388, -607.161912946030498 ], [ 957.568491930584059, -614.511504937894642 ], [ 972.610438099713065, -634.817425299435854 ], [ 971.67595618201085, -640.830594253726304 ], [ 975.676237585001218, -645.675999999977648 ], [ 950.417235412263835, -645.675999999977648 ], [ 963.607922377046634, -634.964991580694914 ], [ 953.473233799893933, -622.84387032687664 ], [ 932.094772540058329, -639.268769346177578 ], [ 937.648632465698029, -645.675999999977648 ], [ 930.728946042872849, -645.675999999977648 ], [ 929.262023849272737, -643.98520862031728 ], [ 927.135782661911435, -645.675999999977648 ], [ 896.09641570992062, -645.675999999977648 ], [ 903.034188721316241, -640.420137556269765 ], [ 906.738050469866721, -641.506462728604674 ], [ 907.662302706705304, -641.048161560669541 ], [ 907.817875359700338, -641.079671756364405 ], [ 910.300095462414902, -639.031313012354076 ], [ 910.323812114378597, -638.907950481399894 ], [ 914.603452990826554, -636.641313246451318 ], [ 914.753315177415061, -636.673591033555567 ], [ 924.400573536089723, -629.362144242972136 ], [ 924.419875858986416, -629.2221092088148 ], [ 924.081847169618413, -628.775903976522386 ], [ 933.679834778897202, -620.662972143851221 ], [ 934.023545393874883, -621.034926973283291 ], [ 934.140388980073112, -621.022248104214668 ], [ 936.883393004502068, -618.535261547192931 ], [ 936.907453217138027, -618.420281516388059 ], [ 936.662334183396524, -618.142256183549762 ], [ 940.67643934613443, -614.756369389593601 ], [ 941.448571206532506, -609.598503286018968 ], [ 937.653712501896734, -605.402064752765 ], [ 937.144336299868883, -605.358260156586766 ], [ 934.974378159851767, -603.267860417254269 ], [ 934.777112969852169, -603.472174379974604 ], [ 932.926129044773916, -601.387040426023304 ], [ 932.377744830257143, -601.320476702414453 ], [ 930.423255623985824, -599.155662324279547 ], [ 929.625340800910635, -599.074931993149221 ], [ 927.716224650735967, -596.947170742787421 ], [ 927.115630944974328, -596.996348654851317 ], [ 925.246161744260462, -594.832336311228573 ], [ 924.768407446405035, -594.573804472573102 ], [ 922.811018260412311, -592.160697195678949 ], [ 907.097749346907221, -573.598389034159482 ], [ 914.306317874345041, -567.270732357166708 ], [ 928.886408236117859, -581.707475125789642 ], [ 925.958507153078244, -584.748558675870299 ], [ 930.064178920278209, -589.155032779090106 ], [ 933.330485668760957, -592.193076676689088 ], [ 938.922934618380168, -597.945914261043072 ], [ 938.593477887203335, -598.264392576180398 ], [ 945.522668405872537, -605.406913544982672 ], [ 948.208894148117906, -602.802310957573354 ], [ 952.635764317257781, -602.423000851646066 ], [ 968.924843680864797, -587.251363592222333 ], [ 965.924763744065785, -582.937227697111666 ], [ 965.943545860500308, -582.789974837563932 ], [ 960.684380857210272, -576.610758970491588 ], [ 960.540880826869397, -576.6016138298437 ], [ 930.716097936532606, -543.922446615062654 ], [ 926.986781789377346, -538.954431162215769 ], [ 898.49895926573663, -541.23416113294661 ], [ 875.426819620295646, -546.694205502048135 ], [ 858.96265389330074, -553.637534367851913 ], [ 857.81682738292875, -554.669728393666446 ], [ 856.36669625686045, -557.599045261740685 ], [ 855.063952548629459, -570.389204070903361 ], [ 856.216946859616655, -576.824988936074078 ], [ 857.988818030309631, -579.045674623921514 ], [ 861.768439872754243, -581.34618547745049 ], [ 867.955096863275685, -582.853801018558443 ], [ 870.34352183867486, -582.700494051910937 ], [ 902.555372194137817, -554.282103143632412 ], [ 906.376694864678939, -558.338935627602041 ], [ 857.427043721601876, -601.320536287501454 ], [ 861.18618797560157, -605.668266507796943 ], [ 860.758176685440048, -606.044134898111224 ], [ 860.748990803074776, -606.185171402059495 ], [ 863.691922379610332, -609.539964256808162 ], [ 863.83290189015861, -609.549270793795586 ], [ 864.464838347121258, -608.996283927932382 ], [ 865.737294942080553, -610.446254245936871 ], [ 863.14412157359402, -613.340113380923867 ], [ 892.024191321257604, -645.675999999977648 ], [ 889.343561328141732, -645.675999999977648 ], [ 861.801719684535783, -614.838454523123801 ], [ 858.461604481160975, -618.567278738133609 ], [ 858.329149647872327, -618.566267846152186 ], [ 854.421524959107046, -622.048969718627632 ], [ 853.69248785264972, -621.22956017497927 ], [ 853.577666957809924, -621.204453421756625 ], [ 850.777089403018181, -623.690919058397412 ], [ 850.768848628329579, -623.832008138298988 ], [ 851.511349912620062, -624.667142432183027 ], [ 850.28353603546384, -625.81627902481705 ], [ 867.963018955959342, -645.675999999977648 ], [ 862.970738810150579, -645.675999999977648 ], [ 862.396841779915121, -645.032329883426428 ], [ 862.25570680726014, -645.024236004799604 ], [ 861.524576319396147, -645.675999999977648 ], [ 838.166999037624919, -645.675999999046326 ], [ 838.70894571208737, -639.636444162577391 ], [ 838.022000175889843, -622.097621139138937 ], [ 816.41609804417385, -640.826086671091616 ], [ 820.834004173531866, -645.675999999977648 ], [ 797.981572827053242, -645.675999999977648 ], [ 795.577157415120382, -643.003088203258812 ], [ 796.710915733114234, -627.747770256362855 ], [ 785.478750523545386, -615.777677409350872 ], [ 766.201025099906474, -631.546078841201961 ], [ 778.018835713190128, -645.675999999977648 ], [ 759.97099644136506, -645.675999999046326 ], [ 756.964267638171805, -641.8537637302652 ], [ 756.952880926617581, -641.678807727061212 ], [ 754.667297988111386, -639.158456356264651 ], [ 754.814597785854858, -637.83275234606117 ], [ 744.692398699773548, -633.765937493182719 ], [ 744.582827616712166, -633.856375039555132 ], [ 741.778022845093801, -633.649106943979859 ], [ 740.494471812236952, -635.072073101066053 ], [ 739.333818843653717, -636.702248558402061 ], [ 738.820312417050445, -637.790270910598338 ], [ 736.5616644603233, -645.675999999046326 ], [ 730.413437584169515, -645.675999999977648 ], [ 731.74697745929916, -640.277276237495244 ], [ 733.436484744623158, -635.057387526147068 ], [ 735.204598314750911, -631.032799320295453 ], [ 737.443737854251594, -627.869790479540825 ], [ 736.157645106157361, -626.617602773010731 ], [ 736.328234998780317, -626.334182281047106 ], [ 708.218549250388605, -609.261464725248516 ], [ 699.060216550420591, -636.351189131848514 ], [ 702.931803566356393, -645.675999999046326 ], [ 700.771208945689068, -645.676000001840293 ], [ 699.094428629883623, -641.64220030978322 ], [ 699.178705239879491, -645.676000001840293 ], [ 697.180778958316296, -645.675999999977648 ], [ 696.996873355468779, -636.596134743653238 ], [ 693.000326345900248, -626.980876524932683 ], [ 684.240314970134932, -610.780870823189616 ], [ 671.46573139926295, -591.030602333135903 ], [ 671.312152569184036, -590.603053148835897 ], [ 670.9273804292352, -587.290160746313632 ], [ 666.665728743097134, -585.519896760582924 ], [ 651.173394762978205, -574.355875238776207 ], [ 638.478744736217777, -565.555273737758398 ], [ 624.512814676974813, -557.558051339350641 ], [ 607.163074437632531, -549.615091391839087 ], [ 578.473448597645984, -539.675931258127093 ], [ 552.168236739111308, -533.435311557725072 ], [ 526.162635933855199, -530.374376917257905 ], [ 511.673783896299938, -530.405724935233593 ], [ 505.632300000048417, -530.963986678980291 ], [ 505.63230000009753, -528.956960481591523 ], [ 511.534637570111954, -528.410749333910644 ], [ 526.216460516012376, -528.374939856119454 ], [ 540.169229203333089, -529.96619925647974 ], [ 552.418462804400406, -522.330087677575648 ], [ 557.2800341628772, -518.61988608725369 ], [ 553.404655925325642, -518.712160320952535 ], [ 541.762444976748156, -519.297069426625967 ], [ 517.219389609239443, -521.240958353504539 ], [ 505.632300000030227, -522.269874907098711 ], [ 505.632300000001123, -510.625955983996391 ] ], [ [ 969.792014466731416, -502.623479560017586 ], [ 968.49602003727523, -501.419400738552213 ], [ 956.784086279778421, -488.151835081167519 ], [ 952.822772045685269, -483.878938112407923 ], [ 903.579761120518015, -426.34181955549866 ], [ 899.034474911251891, -430.515208807773888 ], [ 885.630093048857816, -415.279493434354663 ], [ 876.46962896689729, -423.275508178398013 ], [ 876.46064609262794, -423.416715633124113 ], [ 955.979664254526142, -513.971514496020973 ], [ 956.120892402401296, -513.980778323486447 ], [ 965.193381051667529, -506.007196024991572 ], [ 965.208037288140986, -505.874904124066234 ], [ 969.792014466731416, -502.623479560017586 ] ], [ [ 905.06443477191533, -425.086380278691649 ], [ 954.335550795740346, -482.571532546542585 ], [ 957.484066329767302, -485.966422464698553 ], [ 979.540885624875955, -459.415554251521826 ], [ 979.095527501765901, -459.01182104088366 ], [ 983.903278700019655, -453.177053207531571 ], [ 983.705242907883076, -452.899500674568117 ], [ 966.614802021986179, -436.665920598432422 ], [ 950.25634389098559, -420.444816392846406 ], [ 942.25801433561719, -412.171438033692539 ], [ 933.955490198375628, -403.012150026857853 ], [ 933.351019011763128, -401.691274299286306 ], [ 933.190310667818267, -400.210720128379762 ], [ 933.448703884148927, -398.259991057217121 ], [ 933.76721037331663, -396.864337504841387 ], [ 933.905936704126361, -396.540488393977284 ], [ 934.881797766980526, -395.066524413414299 ], [ 933.73559125036445, -394.872412988916039 ], [ 921.290714978526012, -391.502204314805567 ], [ 919.853443431073174, -392.581536259502172 ], [ 901.042742347475723, -410.106929514557123 ], [ 910.669372127315, -420.346848130226135 ], [ 905.06443477191533, -425.086380278691649 ] ], [ [ 899.621656063380215, -408.717409870587289 ], [ 918.529347460913414, -391.082589431665838 ], [ 920.438531927964505, -389.641863333061337 ], [ 940.842450420479508, -370.66916280426085 ], [ 941.269018127399249, -370.355434986762702 ], [ 941.100351881181268, -370.004412423819304 ], [ 941.281986939546186, -368.181335154920816 ], [ 932.228306397792039, -358.290012058801949 ], [ 930.707605964222239, -358.960729676298797 ], [ 930.544470547067249, -358.928887790068984 ], [ 888.077508269196187, -397.160367703065276 ], [ 888.089808223829095, -397.277261930517852 ], [ 896.221550460932121, -406.303793027997017 ], [ 896.336457477167642, -406.328217905946076 ], [ 896.555121972896814, -406.138065838254988 ], [ 899.621656063380215, -408.717409870587289 ] ], [ [ 942.122249880871095, -372.209229908883572 ], [ 923.080287272230635, -389.915507909841835 ], [ 934.209386282534979, -392.92938972171396 ], [ 936.395358048333946, -393.28972049523145 ], [ 946.148763108445564, -382.638450425118208 ], [ 946.07791852263108, -381.314412137493491 ], [ 942.122249880871095, -372.209229908883572 ] ], [ [ 953.932649361817312, -354.527095307596028 ], [ 953.666182823853887, -354.026103628799319 ], [ 953.656281989935451, -353.713498487137258 ], [ 953.919200786525835, -353.154411373659968 ], [ 954.460529723024592, -352.85664018522948 ], [ 954.773134863226005, -352.846739353612065 ], [ 955.073499544474544, -352.933923400938511 ], [ 955.369276752206133, -353.144437782466412 ], [ 958.929134452117069, -349.718255420215428 ], [ 966.373192415207086, -356.670948136597872 ], [ 969.59056448856245, -349.72132973279804 ], [ 973.856831872726616, -341.346581503748894 ], [ 978.03296293081803, -334.716858790256083 ], [ 967.816233612995347, -338.360956844873726 ], [ 952.275832525054284, -345.056016488932073 ], [ 933.922270299350203, -353.515340019017458 ], [ 943.390228941289024, -364.673294708132744 ], [ 953.932649361817312, -354.527095307596028 ] ], [ [ 815.111023517854846, -639.31146540120244 ], [ 848.67341997593212, -610.235746962018311 ], [ 851.053150744042796, -609.086314477957785 ], [ 853.187175607319659, -604.507717130705714 ], [ 853.320016414960264, -601.091411016881466 ], [ 850.466682513080741, -580.271291024982929 ], [ 850.549895962938535, -580.142862731590867 ], [ 849.521019495719884, -578.948485217988491 ], [ 850.279451609148964, -578.279420232400298 ], [ 850.305038124939529, -578.164694520644844 ], [ 847.438388757220309, -574.917921589687467 ], [ 847.321405034674171, -574.929062270559371 ], [ 846.636865539561768, -575.533386772498488 ], [ 843.134108277476116, -571.573264893144369 ], [ 843.017111610324719, -571.584417888894677 ], [ 794.441931617278897, -614.489667974412441 ], [ 794.453077969697915, -614.606643840670586 ], [ 798.519340126546012, -619.212554126046598 ], [ 797.591016847094579, -620.032117606140673 ], [ 797.582252271215111, -620.173234854824841 ], [ 800.354074787788704, -623.304050554521382 ], [ 800.47104990772641, -623.292897038161755 ], [ 801.280608283454058, -622.57810224685818 ], [ 802.179213930612605, -623.59601055085659 ], [ 802.316950271493624, -623.606931917369366 ], [ 815.111023517854846, -639.31146540120244 ] ], [ [ 579.409919486939543, -537.884444730356336 ], [ 607.590799300829531, -547.647372142411768 ], [ 649.673854690976441, -537.910295539535582 ], [ 641.924551864558453, -534.365512863732874 ], [ 625.881451928156821, -528.910497606731951 ], [ 624.515530263986875, -528.531020782887936 ], [ 588.685401361513868, -520.113542960956693 ], [ 568.555205243728778, -518.387653479352593 ], [ 567.055523885013827, -518.387319779954851 ], [ 579.409919486939543, -537.884444730356336 ] ], [ [ 657.430905842225911, -545.451829894445837 ], [ 663.548270831970513, -564.018229228444397 ], [ 672.500814256600279, -585.544226933270693 ], [ 702.697855436330428, -583.591787287034094 ], [ 688.496960471704369, -572.793074542656541 ], [ 687.64033044824464, -570.344260947778821 ], [ 680.904867571911382, -563.801392802037299 ], [ 672.268482798455807, -557.29611664544791 ], [ 671.469837586804715, -558.267784474417567 ], [ 668.291317768778754, -555.848572967574 ], [ 669.046485295899402, -554.869177124463022 ], [ 668.513211967427196, -554.4674939699471 ], [ 668.020052269244843, -553.965325254946947 ], [ 666.406087738878341, -552.732930322177708 ], [ 657.430905842225911, -545.451829894445837 ] ], [ [ 673.077561773929119, -588.473401338793337 ], [ 673.271208707352343, -590.140703611075878 ], [ 685.980317504026971, -609.795379584655166 ], [ 694.78320951733258, -626.074685088358819 ], [ 697.896366426411987, -633.551122368313372 ], [ 706.464427816461466, -608.207380257546902 ], [ 673.077561773929119, -588.473401338793337 ] ], [ [ 708.873790701407415, -607.320249065756798 ], [ 737.377270617947943, -624.63213730417192 ], [ 737.892723126349665, -624.203596248291433 ], [ 738.280454647174338, -622.851043689996004 ], [ 737.967051817433457, -621.424092426896095 ], [ 734.726080162785365, -616.47342436760664 ], [ 726.444765641484992, -607.025831282138824 ], [ 713.682693298876984, -593.03831606451422 ], [ 708.873790701407415, -607.320249065756798 ] ], [ [ 803.183586907531208, -591.376576204784214 ], [ 783.87403815280959, -568.630702588707209 ], [ 759.375900192129848, -574.75366329960525 ], [ 750.742142058823447, -577.031695189885795 ], [ 752.428232982068948, -583.768846805207431 ], [ 751.957927617520909, -591.372817161493003 ], [ 749.187489319345332, -596.262157019227743 ], [ 742.305550207662236, -605.150288363918662 ], [ 750.187422962548226, -613.812404913827777 ], [ 752.855343933695622, -616.939751539379358 ], [ 759.122968050567579, -623.794501987285912 ], [ 762.249909977126663, -626.816303396597505 ], [ 767.865050943250026, -622.534558242186904 ], [ 791.743572988711094, -601.828626248985529 ], [ 803.183586907531208, -591.376576204784214 ] ], [ [ 815.985139765232816, -579.681960280053318 ], [ 801.436042146920954, -564.479484726674855 ], [ 786.027910752010939, -568.078672398813069 ], [ 804.660635246988022, -590.027171416208148 ], [ 815.985139765232816, -579.681960280053318 ] ], [ [ 675.150792269309022, -587.376378482207656 ], [ 707.117495698526909, -606.270941782742739 ], [ 712.097466413673828, -591.480951715260744 ], [ 708.146687994338208, -587.564975990913808 ], [ 705.497180731166736, -585.516178796067834 ], [ 703.943786669702604, -585.514719812199473 ], [ 675.150792269309022, -587.376378482207656 ] ], [ [ 838.144737309685297, -561.184205534867942 ], [ 833.952695209627564, -556.722524239681661 ], [ 815.71392620147526, -561.093686000443995 ], [ 828.021611974312691, -569.607562756165862 ], [ 838.144737309685297, -561.184205534867942 ] ], [ [ 803.614997850421787, -563.864628746174276 ], [ 817.49372226959531, -578.366648936644197 ], [ 826.42619094362999, -570.935009705834091 ], [ 813.141265082967948, -561.745218713767827 ], [ 803.614997850421787, -563.864628746174276 ] ], [ [ 836.144405230559641, -556.135256896726787 ], [ 843.494812179504152, -563.957568481564522 ], [ 857.1954029221979, -552.272597546689212 ], [ 855.726011723740157, -551.566432293504477 ], [ 836.144405230559641, -556.135256896726787 ] ], [ [ 610.619673416817022, -548.998693720437586 ], [ 625.38631365134097, -555.759073474444449 ], [ 639.509630671976993, -563.841683007776737 ], [ 652.334849103473971, -572.728493944741786 ], [ 667.738234117046886, -583.828410566784441 ], [ 670.007331733831961, -584.755203192122281 ], [ 661.661242693906388, -564.679913822561502 ], [ 655.257987241548108, -545.245827859267592 ], [ 655.234218224166398, -544.704606446437538 ], [ 655.4175883506432, -543.923232750967145 ], [ 651.632489716621421, -541.075995235703886 ], [ 652.516958606387561, -539.304977962747216 ], [ 610.619673416817022, -548.998693720437586 ] ], [ [ 676.7525732652648, -456.522855336777866 ], [ 677.804120684279042, -448.522719196043909 ], [ 681.265283939052097, -427.144420189782977 ], [ 681.365758056477716, -426.841878806240857 ], [ 681.556368752280832, -426.586352092213929 ], [ 682.677553380648533, -425.499700254760683 ], [ 676.228709555603928, -427.649181252345443 ], [ 665.006578155103853, -430.439241166226566 ], [ 650.32017332761643, -433.94487387035042 ], [ 631.889469307247055, -439.504346257075667 ], [ 631.95618661628032, -455.457820173352957 ], [ 630.258132786779242, -458.744056177325547 ], [ 627.411263178248191, -460.197720209136605 ], [ 623.344174715151894, -459.625492525286973 ], [ 619.362898921797751, -457.806281791999936 ], [ 615.50767249128512, -454.511736928485334 ], [ 612.644625060453109, -449.170209204778075 ], [ 611.91772520532686, -445.735448721796274 ], [ 605.403400016184605, -449.012884732335806 ], [ 612.425325249654634, -456.755391603335738 ], [ 619.759973609965527, -462.126877292990685 ], [ 624.968562341549841, -467.352073470130563 ], [ 626.782697480130082, -465.725342521443963 ], [ 630.30187428618774, -469.642270855605602 ], [ 628.413790642885942, -471.320991890504956 ], [ 633.048865972947169, -476.660619414411485 ], [ 638.209163718904165, -483.215754286386073 ], [ 638.891127371391121, -484.29237846005708 ], [ 642.966133513686145, -489.61556803714484 ], [ 671.015186069975243, -460.527596699073911 ], [ 674.880173110879696, -457.118169788271189 ], [ 676.7525732652648, -456.522855336777866 ] ], [ [ 772.783511574978547, -431.117094496265054 ], [ 766.23014997880091, -423.11281680315733 ], [ 756.323196428535084, -412.400326748378575 ], [ 755.262227526975039, -412.182744526304305 ], [ 753.99918133632309, -413.126890738494694 ], [ 747.859219447585929, -421.758029987104237 ], [ 754.758924158422815, -422.537048973143101 ], [ 750.032252913832053, -425.747816448099911 ], [ 739.526634053429007, -437.796000856906176 ], [ 728.697356893540928, -452.381381927058101 ], [ 724.80150227940976, -453.617999700829387 ], [ 716.470713245204024, -453.915700898505747 ], [ 714.540831140893715, -454.82400734256953 ], [ 712.538038213937398, -456.355463492684066 ], [ 707.251757575540978, -463.440757026895881 ], [ 702.424684006842654, -471.959525654092431 ], [ 700.980311681714738, -475.032964384183288 ], [ 701.358573919967967, -477.090230350382626 ], [ 701.869755864652689, -478.525030250661075 ], [ 704.202143129921751, -480.764790952205658 ], [ 713.47811572039609, -484.211813853122294 ], [ 737.630306660210408, -462.287314569577575 ], [ 739.771344132324884, -460.593771544285119 ], [ 740.132780777481457, -460.989030821248889 ], [ 740.249622124787493, -460.976980634965003 ], [ 747.556234415080326, -454.428375327959657 ], [ 747.580917707316985, -454.313452288508415 ], [ 747.261393516984754, -453.949911803007126 ], [ 749.283510208433654, -451.548561180941761 ], [ 749.641759153544626, -451.914733055047691 ], [ 749.758157301906976, -451.898765090852976 ], [ 754.519452676084256, -447.332654593512416 ], [ 754.5402604438259, -447.216994117945433 ], [ 754.160707732793526, -446.814153513871133 ], [ 755.072871387210398, -445.936472924426198 ], [ 771.224128650452258, -432.279757232405245 ], [ 771.258102601419523, -432.374888042919338 ], [ 772.783511574978547, -431.117094496265054 ] ], [ [ 543.335943028236215, -530.348255000077188 ], [ 552.577729923219522, -531.4775529531762 ], [ 576.595789229684669, -537.178650139831007 ], [ 564.723918149999008, -518.442903000861406 ], [ 560.346864970997558, -518.546925193630159 ], [ 559.587324272080878, -519.374063902534544 ], [ 553.593865676897622, -523.94808697886765 ], [ 543.335943028236215, -530.348255000077188 ] ], [ [ 958.841397392159706, -487.461329038254917 ], [ 969.96116042977701, -500.058069234713912 ], [ 971.458711541910816, -501.441189859993756 ], [ 973.469524697624365, -500.014679445885122 ], [ 974.374834884743905, -499.049058598466218 ], [ 978.428674734594097, -494.436320471577346 ], [ 999.126432003376976, -470.244852258823812 ], [ 998.98637375792714, -467.336677836254239 ], [ 996.551366702437008, -465.17638055793941 ], [ 992.412764841903481, -470.004504619166255 ], [ 991.212140320018079, -470.000818418338895 ], [ 981.023160884280514, -460.760061944834888 ], [ 958.841397392159706, -487.461329038254917 ] ], [ [ 687.208818988381609, -423.98985871206969 ], [ 686.611545263960579, -424.470856566913426 ], [ 683.185909569981959, -427.791258395649493 ], [ 679.780623279859356, -448.824426304548979 ], [ 678.841837460622628, -456.322589674033225 ], [ 682.595314824888192, -456.892988572828472 ], [ 700.324963018936614, -431.889292306266725 ], [ 724.396342138661566, -410.071248840540648 ], [ 722.648158765243352, -408.143164750188589 ], [ 718.62838305965488, -408.822617407888174 ], [ 716.522575962591873, -409.368819610215724 ], [ 715.794226818010429, -409.748956211842597 ], [ 705.099217504341141, -416.432599492371082 ], [ 691.99404507494728, -422.17049366235733 ], [ 689.39339974133145, -423.264838181436062 ], [ 687.208818988381609, -423.98985871206969 ] ], [ [ 809.453129074174285, -363.757875530049205 ], [ 807.92239185517974, -363.642506408505142 ], [ 807.494221940072748, -363.237276416271925 ], [ 807.068314192978505, -363.602387096732855 ], [ 805.522983110176938, -363.553787196986377 ], [ 804.733251148134514, -363.923039580695331 ], [ 800.09075920469877, -367.697913134470582 ], [ 799.244334743159925, -369.171035598963499 ], [ 799.551109163583533, -370.503825976513326 ], [ 799.472433561055368, -370.669738978147507 ], [ 807.297280219499953, -379.287760308943689 ], [ 813.974198150966913, -385.940680786035955 ], [ 820.41010460245343, -387.977850091643631 ], [ 831.893809050519849, -377.029824450612068 ], [ 840.757597899890243, -368.366693627089262 ], [ 829.202711092910249, -355.781762901693583 ], [ 826.971099723541556, -356.232276858761907 ], [ 814.018005768859439, -367.740671570412815 ], [ 809.453129074174285, -363.757875530049205 ] ], [ [ 791.562678667338332, -320.170707634650171 ], [ 791.939820060364582, -320.132468763738871 ], [ 792.24129533708583, -320.21573144942522 ], [ 792.502285779237354, -320.388079951517284 ], [ 792.762302642640861, -320.806090981699526 ], [ 794.13110218051952, -321.531078518368304 ], [ 775.589586697851701, -342.986139476299286 ], [ 796.88191413045206, -366.953946526162326 ], [ 803.779785754455588, -361.959087101742625 ], [ 804.717819741841595, -361.723188809119165 ], [ 805.095472045211864, -361.546611160971224 ], [ 806.279538100028731, -361.330445374362171 ], [ 807.538195738730792, -361.375020056962967 ], [ 809.778541426745505, -361.784909725189209 ], [ 810.028219078147231, -362.051563043147326 ], [ 810.14500146730461, -362.038584475405514 ], [ 878.19877950076625, -299.980330442078412 ], [ 869.817342501091844, -290.764384592883289 ], [ 869.66471401331728, -290.768301100470126 ], [ 865.126736834907206, -287.112881389446557 ], [ 868.678699987014625, -283.319206071086228 ], [ 860.388467356808178, -273.361975168809295 ], [ 857.361257814083729, -275.267872449941933 ], [ 851.853307878136548, -268.384549065493047 ], [ 851.864970948137852, -268.239124062471092 ], [ 844.964172296740799, -260.618555782362819 ], [ 844.819262254000932, -260.614915383048356 ], [ 842.787605436144077, -258.585266907699406 ], [ 837.777041883091442, -263.444424482993782 ], [ 835.561135893563915, -261.083791828714311 ], [ 841.749781666800118, -255.166614190675318 ], [ 832.880572029187533, -243.612444906495512 ], [ 828.688086526564803, -245.479340173304081 ], [ 828.526262151215633, -245.446976767852902 ], [ 760.058834509638473, -305.809967805631459 ], [ 758.169541322753503, -298.470960543490946 ], [ 741.447032289468552, -290.744164067320526 ], [ 741.146003436675528, -284.947892064228654 ], [ 740.291204991130144, -284.72952778916806 ], [ 734.765046634798637, -284.562326322309673 ], [ 726.946821417252067, -286.644118678756058 ], [ 759.707466127261796, -324.013524009846151 ], [ 772.197451968400856, -339.39138700067997 ], [ 790.788074566769865, -319.760436954908073 ], [ 791.562678667338332, -320.170707634650171 ] ], [ [ 932.544759730202713, -351.932422118261456 ], [ 951.450340342302297, -343.235032242722809 ], [ 967.054652054177495, -336.5120959430933 ], [ 977.805884965200676, -332.675166698172688 ], [ 979.671365634361791, -332.257902687415481 ], [ 981.638916081381467, -330.132835655473173 ], [ 980.796654530446176, -329.072447147220373 ], [ 979.292052438830069, -313.945224292576313 ], [ 977.831776219456515, -309.456979218870401 ], [ 979.763253640137918, -306.321279881522059 ], [ 980.64361455861399, -298.945793674327433 ], [ 980.190598517971011, -293.191754051484168 ], [ 978.559701409529225, -290.05676977802068 ], [ 977.013852104231773, -287.960405308753252 ], [ 966.35919670693329, -297.716282383538783 ], [ 965.685449339938714, -300.983617865480483 ], [ 923.381844309900771, -339.208044035360217 ], [ 923.407305886988979, -339.339144189842045 ], [ 922.558919306989992, -340.465942342765629 ], [ 924.354047834211087, -342.837767927907407 ], [ 932.544759730202713, -351.932422118261456 ] ], [ [ 648.920504882205933, -430.648583145812154 ], [ 652.945789167210023, -429.588835290633142 ], [ 658.500013836777725, -427.80648965574801 ], [ 662.134751327332197, -425.517504304647446 ], [ 662.811693963991274, -423.806647365912795 ], [ 662.201862109248395, -417.755400692112744 ], [ 660.095918052706111, -409.806010145694017 ], [ 662.409924024186694, -408.408557240851223 ], [ 661.738006247533121, -404.415888189338148 ], [ 651.243479730699619, -382.892492523416877 ], [ 639.789476202357037, -347.477059150114655 ], [ 636.134763754422238, -345.292209208011627 ], [ 618.878380094520253, -350.571096966043115 ], [ 634.366472149908077, -422.834138018079102 ], [ 636.046126207280395, -433.06496808771044 ], [ 644.452460255162805, -431.570857496932149 ], [ 648.920504882205933, -430.648583145812154 ] ], [ [ 708.12588747893642, -409.129293427802622 ], [ 709.777043284289903, -408.114081447012722 ], [ 717.77415985114385, -404.431534986943007 ], [ 717.991984397271153, -404.392091592773795 ], [ 719.308341213518361, -403.68955244589597 ], [ 719.792433530948983, -402.710553893819451 ], [ 718.474760784902173, -397.047913048416376 ], [ 712.523845407042245, -384.90384369622916 ], [ 712.986914447059462, -383.723772881552577 ], [ 715.814391841027827, -381.808938713744283 ], [ 715.118256906720489, -380.146719325333834 ], [ 699.685285165911409, -358.292292621918023 ], [ 683.785310044477228, -331.443699917756021 ], [ 681.107183212383461, -328.90228140540421 ], [ 677.760782257193569, -328.772568447515368 ], [ 665.195980107842843, -336.07556136418134 ], [ 664.129694301240306, -337.318702097050846 ], [ 662.702820038688515, -342.148078380152583 ], [ 688.857024747165269, -411.993443287909031 ], [ 691.566764614004569, -414.946545798331499 ], [ 694.160462715950416, -415.572929696179926 ], [ 708.12588747893642, -409.129293427802622 ] ], [ [ 737.750994031855953, -399.964349501766264 ], [ 740.909650540039365, -398.769269272685051 ], [ 742.339066747839752, -398.116682940162718 ], [ 744.416297371615656, -396.947771807201207 ], [ 744.26817324012336, -393.548913670703769 ], [ 742.79395559204022, -391.161426929756999 ], [ 741.433522945764707, -390.480149849317968 ], [ 731.322830123259337, -396.161806346848607 ], [ 731.436324779511779, -398.098154364153743 ], [ 734.009067157116078, -400.534791774116457 ], [ 737.750994031855953, -399.964349501766264 ] ], [ [ 824.520372493665491, -169.633929938077927 ], [ 825.644023023889531, -168.242827742360532 ], [ 826.368836475669013, -166.620646108873188 ], [ 817.343371300854415, -158.111492001451552 ], [ 815.639551905176631, -158.395495634526014 ], [ 813.699368694899022, -161.886514912359416 ], [ 813.568963961413829, -161.903129709884524 ], [ 806.767981296652579, -169.742192381992936 ], [ 806.757864744606195, -169.859291142784059 ], [ 806.885589666753731, -169.976517710834742 ], [ 805.625730047993784, -172.647119949571788 ], [ 806.556158640843933, -173.769460571929812 ], [ 810.843131410732894, -175.242113308049738 ], [ 815.12588144358233, -175.243609605357051 ], [ 820.170672785994611, -173.197832626290619 ], [ 824.520372493665491, -169.633929938077927 ] ], [ [ 621.709105637415632, -482.328155816532671 ], [ 621.950574245314783, -483.168754425831139 ], [ 622.860049627637636, -490.574196734465659 ], [ 622.97079717340057, -495.032172422856092 ], [ 622.57308343958357, -500.490109167061746 ], [ 622.456883065588045, -504.50533039867878 ], [ 624.018834788450476, -505.15559737291187 ], [ 633.855444717877617, -504.705124604515731 ], [ 636.987079781070861, -505.139627327211201 ], [ 641.240783708195522, -506.036219884641469 ], [ 641.616497777842596, -504.572056415490806 ], [ 637.087745355634979, -498.215382911264896 ], [ 623.212681444003465, -480.903697498142719 ], [ 621.42945833063277, -480.324597733095288 ], [ 621.709105637415632, -482.328155816532671 ] ], [ [ 650.029977415779285, -517.341436410322785 ], [ 648.597216129972367, -516.512128176167607 ], [ 647.12458563441578, -516.996601126156747 ], [ 639.75993838037175, -523.701622504740953 ], [ 639.846444775403143, -525.346572046168149 ], [ 655.15710599158956, -532.668609932996333 ], [ 658.526725450932645, -526.06229249574244 ], [ 650.029977415779285, -517.341436410322785 ] ], [ [ 633.925269112307433, -519.928583960048854 ], [ 641.297109194161749, -514.394326586276293 ], [ 641.118435643333214, -512.645394073799253 ], [ 635.807366798007934, -511.176748550496995 ], [ 624.455186539395072, -511.729430489242077 ], [ 624.459409654935371, -513.200586652383208 ], [ 627.112895156546074, -518.752882516942918 ], [ 630.198215295136833, -520.692111236974597 ], [ 633.925269112307433, -519.928583960048854 ] ], [ [ 775.428281765178326, -428.74618549272418 ], [ 787.572512588711106, -417.825606300495565 ], [ 788.184679873704226, -416.637737323530018 ], [ 781.924813252899185, -408.555979174561799 ], [ 781.923157284583795, -408.39656947273761 ], [ 765.60085085411265, -396.285515581257641 ], [ 761.199477735284745, -402.160521537996829 ], [ 761.215462165420831, -402.295855664648116 ], [ 758.566959711670279, -405.416059554554522 ], [ 758.175227313255164, -409.251065814867616 ], [ 762.057509245698384, -414.848335065878928 ], [ 774.848544534943358, -428.879487571306527 ], [ 775.428281765178326, -428.74618549272418 ] ], [ [ 801.406457004250115, -394.542619752697647 ], [ 799.578530348777349, -392.332665062509477 ], [ 797.835183141696689, -390.399320185184479 ], [ 788.743728614013889, -380.631329772993922 ], [ 787.162285890333806, -379.997929599136114 ], [ 780.778299594176133, -383.813984482549131 ], [ 780.625177391300895, -383.790951493196189 ], [ 775.448541088891943, -388.353952808305621 ], [ 788.120587537780011, -402.846221841871738 ], [ 788.275692893299492, -402.765072673559189 ], [ 790.165886042432248, -402.997353713959455 ], [ 801.406457004250115, -394.542619752697647 ] ], [ [ 974.04727118820847, -282.070404180325568 ], [ 980.222211146652626, -284.657555498182774 ], [ 984.945800204357511, -282.857578917406499 ], [ 987.814184952381765, -278.462943863123655 ], [ 991.189962856207785, -270.082630034536123 ], [ 991.319808775790079, -270.02782701049 ], [ 994.824214037305865, -261.459886091761291 ], [ 994.796270931103209, -261.345738084986806 ], [ 983.781237932729709, -256.874167090281844 ], [ 975.762952573133589, -264.754986497573555 ], [ 975.740538250218378, -264.860421687364578 ], [ 967.516173532723769, -272.502528697252274 ], [ 967.385984241096594, -272.507261254824698 ], [ 964.6982181444655, -274.989714979194105 ], [ 964.690891702059162, -275.12778995744884 ], [ 963.900756623863344, -275.86198609508574 ], [ 970.639853527100058, -279.638110014609993 ], [ 973.89539000088007, -282.105300819501281 ], [ 974.04727118820847, -282.070404180325568 ] ], [ [ 612.605148964670661, -507.306672815233469 ], [ 614.779297237628271, -504.56208058539778 ], [ 615.44553493157764, -494.815461109392345 ], [ 614.862378241658007, -488.615309532731771 ], [ 611.391977839899482, -475.601580481044948 ], [ 603.250423807297921, -463.439550492912531 ], [ 594.92072978563192, -454.2300496539101 ], [ 587.867564921134544, -460.682925596833229 ], [ 592.174717200985469, -466.55099374987185 ], [ 580.710486859941739, -475.930250247009099 ], [ 590.040355743441978, -487.744342606514692 ], [ 589.320609306121696, -488.614468039013445 ], [ 578.907146350591574, -489.944804079830647 ], [ 577.649626748836454, -495.6247085807845 ], [ 571.080541227815047, -494.180191497318447 ], [ 568.146934925181995, -507.155712632462382 ], [ 603.04751404822855, -510.592338185757399 ], [ 609.109911818781256, -486.001576580107212 ], [ 611.566415439228876, -488.431816813535988 ], [ 608.365768536425094, -501.393229478038847 ], [ 611.680149794190584, -507.628525060601532 ], [ 612.605148964670661, -507.306672815233469 ] ], [ [ 944.017034107651853, -522.673618500120938 ], [ 951.92889242001911, -520.48753098398447 ], [ 940.085089172207518, -506.308635517023504 ], [ 934.486849244980476, -501.221976376138628 ], [ 930.238657260812033, -496.064635657705367 ], [ 926.923212659490673, -492.290910641662776 ], [ 922.653306302167039, -496.117505486123264 ], [ 914.832049554783225, -502.426940652541816 ], [ 936.067067726833557, -528.56097225099802 ], [ 936.184448074551256, -528.554442681372166 ], [ 939.413766988995121, -525.920685826800764 ], [ 939.660389976357692, -526.215139835141599 ], [ 939.777700323429599, -526.208567412570119 ], [ 943.984883265271492, -522.777428119443357 ], [ 944.017034107651853, -522.673618500120938 ] ], [ [ 966.06008338158972, -291.616380433551967 ], [ 967.870231634780794, -286.756638628430665 ], [ 967.208793170790159, -284.095313467085361 ], [ 960.393627917652339, -279.637653891928494 ], [ 959.230268595834787, -279.695674472488463 ], [ 955.271524405847231, -283.277731910347939 ], [ 955.130680716365532, -283.270360143855214 ], [ 946.452698067023448, -291.059461614117026 ], [ 946.439399968361613, -291.191866738721728 ], [ 942.460864583605144, -294.074282467365265 ], [ 942.320375456667534, -293.933056371286511 ], [ 942.203835704383891, -293.948296419344842 ], [ 933.125489515296067, -302.550006424076855 ], [ 923.763986868818392, -311.072496065869927 ], [ 924.248808331325563, -311.31204710714519 ], [ 924.677756686343855, -311.764764874242246 ], [ 919.523239756324983, -316.394378315657377 ], [ 925.515237874640661, -322.476299171335995 ], [ 931.678459566155652, -322.942182943224907 ], [ 934.823877154198271, -321.301745939999819 ], [ 952.200583602991173, -305.528342077508569 ], [ 956.179036611381889, -301.218140706419945 ], [ 956.314255339762894, -301.218596633523703 ], [ 964.562128221554303, -293.559369171969593 ], [ 966.096632277634853, -291.786625438369811 ], [ 966.06008338158972, -291.616380433551967 ] ], [ [ 905.777831043225888, -329.508400837890804 ], [ 904.202921500733282, -329.14774445258081 ], [ 900.351830079905994, -333.588470058515668 ], [ 901.728862445985214, -335.911569190211594 ], [ 907.741839029637049, -340.853678361512721 ], [ 905.090165858544424, -344.877759763039649 ], [ 903.0490608030359, -343.798334675841033 ], [ 903.035181036822905, -343.684690902940929 ], [ 902.77780055954463, -343.400705179199576 ], [ 903.323049966751569, -342.902157947421074 ], [ 903.329577743112168, -342.761155233718455 ], [ 898.727983027871232, -337.697073251008987 ], [ 898.58685772532408, -337.69023834913969 ], [ 898.046601195213952, -338.180008607916534 ], [ 896.481162018453688, -336.453862272202969 ], [ 896.366126212989911, -336.429840415716171 ], [ 880.375070936197517, -350.925648779608309 ], [ 880.370841140647826, -351.069790265522897 ], [ 872.954431383139308, -358.351854167878628 ], [ 872.815453549910671, -358.348274661228061 ], [ 865.883690197269971, -364.771557493135333 ], [ 865.886987571306236, -364.922189311124384 ], [ 862.187922030145273, -369.345554202795029 ], [ 873.970578555252359, -382.430998320691288 ], [ 880.373859124538285, -389.832175807096064 ], [ 882.427253632353313, -390.904694771394134 ], [ 887.275954129596357, -390.781414387747645 ], [ 909.777701390277798, -370.341098191216588 ], [ 925.988967519808284, -354.8287552902475 ], [ 925.724021074744087, -352.475361184217036 ], [ 917.84882493823352, -344.648089045658708 ], [ 918.115937757052961, -340.467283323407173 ], [ 907.533817764964624, -333.649639822542667 ], [ 905.850038557628068, -331.472921313717961 ], [ 906.384957619526176, -330.476183800958097 ], [ 905.777831043225888, -329.508400837890804 ] ], [ [ 873.415039696963504, -390.821675755083561 ], [ 869.797883103237837, -383.995452707633376 ], [ 858.378653600524558, -371.956947036087513 ], [ 853.481834662612528, -376.698661881498992 ], [ 853.342511804674359, -376.694461512379348 ], [ 845.765172819144937, -383.68024861626327 ], [ 845.803673395890655, -383.86966263782233 ], [ 839.806753626937279, -389.618152758106589 ], [ 839.6476461970542, -389.758146025240421 ], [ 839.421916360301111, -389.593452756293118 ], [ 839.32628277814365, -389.612715777009726 ], [ 836.741548748597779, -391.827600699849427 ], [ 836.724931920933159, -391.961165237240493 ], [ 836.922980280147385, -392.120555432513356 ], [ 834.119034650087997, -394.332429965026677 ], [ 833.973770306867664, -394.319937452673912 ], [ 825.638599670895928, -401.827267903834581 ], [ 840.136499867756356, -418.044565102085471 ], [ 840.278588782410225, -418.05151082854718 ], [ 849.065180833438717, -427.619776845909655 ], [ 848.918019391494454, -427.752431555651128 ], [ 848.927567460281352, -427.869639533571899 ], [ 855.556167496235503, -435.580094677396119 ], [ 855.70210694357047, -435.586470002308488 ], [ 864.065494490974743, -444.955830700695515 ], [ 864.048505122815186, -445.105789816007018 ], [ 869.482034155254951, -451.301813771016896 ], [ 869.596689849418908, -451.327735961414874 ], [ 869.80976081901099, -451.147209913469851 ], [ 871.996889753922005, -453.417077959515154 ], [ 871.682658291560074, -453.71236926689744 ], [ 871.696082669075622, -453.829098192974925 ], [ 881.63362135926036, -464.653553589247167 ], [ 881.775266819036915, -464.659219678491354 ], [ 886.978164712485523, -470.242357779294252 ], [ 886.553342995734056, -470.609974609687924 ], [ 886.54321526028798, -470.7510398440063 ], [ 896.75605749792885, -482.534435260109603 ], [ 896.897024940793926, -482.544544097036123 ], [ 897.516925610085309, -482.007935103960335 ], [ 899.291690027834193, -484.089883249253035 ], [ 898.09964264208611, -485.126972019672394 ], [ 898.089893878423027, -485.268071147613227 ], [ 906.238206393945802, -494.617554645054042 ], [ 906.3527175878462, -494.643855919130147 ], [ 914.144202315592338, -487.839628264307976 ], [ 911.173598832065181, -484.364887857809663 ], [ 913.493181533245661, -482.343245636671782 ], [ 913.519486644332574, -482.228747447952628 ], [ 908.441428251004254, -476.388352404348552 ], [ 911.586046471460577, -473.662890458479524 ], [ 903.057030399220821, -463.674964512698352 ], [ 897.151713901796029, -456.573722073808312 ], [ 897.275486946304227, -456.460779485292733 ], [ 897.26583977871087, -456.343656132929027 ], [ 890.31069655875217, -448.260355134494603 ], [ 890.212632941989796, -448.229360476136208 ], [ 886.694932410320689, -443.999266404658556 ], [ 887.319627550019504, -443.399960553273559 ], [ 887.32255952779451, -443.258618124760687 ], [ 882.213343188228464, -437.932670230977237 ], [ 882.097680663393476, -437.911877950653434 ], [ 881.835907399719872, -438.156207081861794 ], [ 874.664956088130566, -429.533017486333847 ], [ 864.74246355025025, -415.800322201102972 ], [ 867.661920365913829, -414.289867075160146 ], [ 874.860506044755311, -407.046975936740637 ], [ 875.727640167488062, -400.861681151203811 ], [ 873.316962633880394, -399.723143552429974 ], [ 873.35816174001593, -395.983915382064879 ], [ 873.4705403713142, -395.910414645448327 ], [ 874.314104024049811, -392.518584539182484 ], [ 874.238347101147156, -392.428486904129386 ], [ 873.399617859675345, -392.221360690891743 ], [ 873.415039696963504, -390.821675755083561 ] ], [ [ 758.247179108833734, -568.175162315368652 ], [ 758.505412656961198, -569.831412605009973 ], [ 820.547736462565808, -554.365344080142677 ], [ 868.636901247920832, -543.908683508634567 ], [ 876.243306027159633, -541.417151367291808 ], [ 880.775829906782747, -535.836145417764783 ], [ 883.088764014622939, -538.041013418696821 ], [ 884.26494710157931, -538.143671703524888 ], [ 886.506031365790477, -540.165206546895206 ], [ 918.111185253506846, -532.463308052159846 ], [ 918.680666147864031, -530.917755240574479 ], [ 918.202292691219554, -529.085160878486931 ], [ 905.639879078345984, -514.19366588909179 ], [ 902.040042223668934, -510.48372845724225 ], [ 902.046515175343302, -510.347130205482244 ], [ 893.185828178984593, -499.989131342619658 ], [ 891.828727947715379, -498.556600603275001 ], [ 883.690026958403905, -489.042683844454587 ], [ 878.015520186399954, -483.435690018348396 ], [ 878.02068858995699, -483.30069487541914 ], [ 867.930848713998785, -471.630874042399228 ], [ 867.790797587880661, -471.620048997923732 ], [ 855.326487875374369, -456.877716616727412 ], [ 855.337853562044984, -456.736331140622497 ], [ 847.779287595389178, -447.915564469993114 ], [ 847.639716431302077, -447.903831011615694 ], [ 839.740747818977979, -438.377319279126823 ], [ 839.752971373834953, -438.235461109317839 ], [ 833.542305386617954, -430.957999103702605 ], [ 833.346506523686912, -430.993523442186415 ], [ 826.523355879708106, -423.491833177395165 ], [ 826.650512036785585, -423.371416338719428 ], [ 826.638546982445405, -423.254502946510911 ], [ 816.379812070486878, -411.82124169357121 ], [ 813.411310954934379, -412.611613580957055 ], [ 806.369706848074202, -418.917908470146358 ], [ 806.372214414552218, -419.070550943724811 ], [ 802.279778845935652, -424.055074824020267 ], [ 801.769572510924263, -423.515779564157128 ], [ 801.628154550437102, -423.511956685222685 ], [ 794.788538838494787, -430.000402932055295 ], [ 794.781751525582877, -430.137290974147618 ], [ 791.899788223312498, -432.591341517865658 ], [ 777.941665409756752, -445.628803877159953 ], [ 775.660551822998968, -446.886109633371234 ], [ 775.503861658433379, -446.861289268359542 ], [ 766.924551691847228, -454.569750838913023 ], [ 766.92790525878263, -454.723229779861867 ], [ 764.740478264826379, -457.450503502972424 ], [ 764.611992130840008, -457.453375170007348 ], [ 761.326104030100396, -460.332346171140671 ], [ 761.318088790969341, -460.4764568163082 ], [ 758.599698093843472, -463.011987051926553 ], [ 758.458405978160954, -463.007073980756104 ], [ 751.884898498152324, -469.139184639789164 ], [ 751.88251326806494, -469.283289448358119 ], [ 750.105768872919725, -471.070905578322709 ], [ 757.849375716697978, -479.602755495347083 ], [ 753.614017070745831, -483.255154559388757 ], [ 746.33285358964531, -474.807431208901107 ], [ 741.530203343279936, -478.889299766160548 ], [ 741.116847756313291, -478.406444690190256 ], [ 740.974022171880279, -478.397161116823554 ], [ 717.447626669476449, -499.584326127544045 ], [ 717.459905356237869, -499.701201577670872 ], [ 723.19008704177395, -506.065654429607093 ], [ 715.014009508076924, -513.536726342514157 ], [ 709.938854594889563, -507.722957354038954 ], [ 709.8242991211755, -507.696758816018701 ], [ 680.135153362924029, -533.63052779622376 ], [ 720.110516683433161, -579.497029458172619 ], [ 720.227527231782005, -579.486629243008792 ], [ 740.390100199614608, -561.88875675573945 ], [ 743.058575736089551, -563.14510056655854 ], [ 745.105450767898219, -571.387478187680244 ], [ 749.049403794368118, -570.437135579995811 ], [ 749.415047719574432, -571.921562653966248 ], [ 749.535988820463899, -571.994726210832596 ], [ 755.044745627128577, -570.634695672430098 ], [ 755.088971546692846, -570.525577618740499 ], [ 754.718689382545563, -569.042241246439517 ], [ 758.247179108833734, -568.175162315368652 ] ], [ [ 702.951587839061176, -259.123117988929152 ], [ 707.55941670422726, -264.720595519989729 ], [ 707.099868758479715, -265.1539526283741 ], [ 707.095788145830738, -265.29533305671066 ], [ 716.669973918338655, -275.429089114069939 ], [ 716.811259016720214, -275.433130741119385 ], [ 717.288197235888219, -274.982912482693791 ], [ 718.797998882651882, -276.579037610441446 ], [ 718.930456604288338, -276.589035470038652 ], [ 719.23926770678554, -276.995176997967064 ], [ 718.835200763884131, -277.317136629484594 ], [ 718.839302228394445, -277.434572450816631 ], [ 722.548603963328787, -282.174840623512864 ], [ 722.666058506707486, -282.170735075138509 ], [ 722.985010639657048, -281.921495202928782 ], [ 723.372827955470711, -282.431543952785432 ], [ 729.02385086022332, -276.900580840185285 ], [ 729.755953597517873, -271.049467169679701 ], [ 728.951842452450364, -267.551212105900049 ], [ 716.316638007152505, -252.512989188544452 ], [ 716.327423095108315, -252.37046389002353 ], [ 714.595446425933915, -250.398725070990622 ], [ 714.456378905448219, -250.388291056267917 ], [ 714.063444559151321, -249.918909327127039 ], [ 702.951587839061176, -259.123117988929152 ] ], [ [ 855.889756035685423, -354.003855058923364 ], [ 860.048430666711283, -350.503283075988293 ], [ 860.191548980323205, -350.513422609306872 ], [ 866.080708349791166, -345.251285144127905 ], [ 866.08237519659815, -345.103061596862972 ], [ 869.620996538546024, -341.284211626276374 ], [ 869.858586548773019, -341.552943827584386 ], [ 869.975737382104853, -341.543280874378979 ], [ 878.620193930537425, -334.100907790474594 ], [ 878.64717912087508, -333.986538587138057 ], [ 878.434132868038432, -333.731526834890246 ], [ 880.267250249795325, -331.93175682425499 ], [ 880.400806927444137, -331.940092641860247 ], [ 885.427359989071192, -327.86416544392705 ], [ 885.428772376713823, -327.707208978943527 ], [ 887.686865023730206, -324.925204087980092 ], [ 887.816483679413068, -324.92229172680527 ], [ 888.353134324917846, -324.435849023982882 ], [ 891.632485004865885, -322.196108870208263 ], [ 899.113343152934249, -315.798799738287926 ], [ 899.25799717402333, -315.806475596502423 ], [ 920.298229056465061, -295.960195445455611 ], [ 920.305825912610089, -295.823448196984828 ], [ 920.728803032443466, -295.424630409106612 ], [ 920.865469521049818, -295.425259640440345 ], [ 929.131021599219821, -287.639719182625413 ], [ 929.137844117743953, -287.502235890366137 ], [ 944.845865804694768, -274.013764683157206 ], [ 947.897507690970087, -271.108104315586388 ], [ 970.05996006501482, -251.987403649836779 ], [ 970.075661258677428, -251.8531329119578 ], [ 969.887371616378005, -251.766031371429563 ], [ 970.021390212390543, -251.649737098254263 ], [ 924.96902823779601, -233.645313025452197 ], [ 924.914044526329235, -233.515688781626523 ], [ 903.787663675122531, -224.917425643652678 ], [ 903.655908866825484, -224.975899490527809 ], [ 896.413103365348434, -222.349202502518892 ], [ 894.271706864259613, -224.570758182555437 ], [ 883.511127306419439, -216.427054675295949 ], [ 883.393700938493566, -216.424728748388588 ], [ 883.297899380371746, -216.542990085668862 ], [ 881.25107038256283, -217.027759509161115 ], [ 873.093703806571284, -226.689371823333204 ], [ 880.058064800225111, -236.120644466020167 ], [ 879.73349367584342, -236.514356872998178 ], [ 879.761822625687273, -236.628408715128899 ], [ 885.206768213558462, -241.205457326024771 ], [ 887.70051703372701, -244.866261480376124 ], [ 887.824427758747333, -244.862652112729847 ], [ 889.166379885322385, -243.737151346169412 ], [ 891.311810693767256, -247.848191399127245 ], [ 890.580175552986475, -248.369754738174379 ], [ 890.556795106102072, -248.509170606732368 ], [ 894.665578763819212, -254.274627901613712 ], [ 899.882966817815031, -264.272103083319962 ], [ 898.493118418546146, -265.763931685127318 ], [ 898.478857485109984, -265.880590422078967 ], [ 901.987024702890267, -269.154583413153887 ], [ 900.360523475017544, -270.902861790731549 ], [ 900.34630282161379, -271.019457074813545 ], [ 903.670022830010566, -274.123860893771052 ], [ 903.824178233278872, -274.105099639855325 ], [ 905.731154028648234, -275.310672793537378 ], [ 888.279559333343059, -293.652418249286711 ], [ 890.315840556155308, -295.554717862047255 ], [ 881.93003527160181, -307.908262787386775 ], [ 881.322855101809182, -307.024885013699532 ], [ 881.166009501013832, -307.014813497662544 ], [ 877.88190591491184, -310.681381986476481 ], [ 877.860096815149518, -310.774999449960887 ], [ 878.014065826568185, -311.006395503878593 ], [ 875.804999326352117, -312.715177032165229 ], [ 871.718001945017022, -316.73645287565887 ], [ 871.582390193807441, -316.729985509067774 ], [ 868.713186483009849, -319.183150252327323 ], [ 868.566001370043523, -319.051619945093989 ], [ 868.452528496494779, -319.070751950144768 ], [ 860.201909915644137, -327.238211735151708 ], [ 860.198804983883747, -327.377185156568885 ], [ 854.284637542321434, -332.84817330725491 ], [ 847.848829652437416, -337.803666858933866 ], [ 847.846586094206941, -338.236338254064322 ], [ 846.534396878880216, -339.39256964251399 ], [ 846.540447232313454, -339.505788343027234 ], [ 847.831313856819179, -341.181597359478474 ], [ 847.830465649252801, -341.345174639485776 ], [ 855.889756035685423, -354.003855058923364 ] ], [ [ 877.897966579939748, -212.574902901425958 ], [ 875.570394471094914, -209.663181229494512 ], [ 875.573966853315142, -209.509700672701001 ], [ 835.218044903009286, -173.2528609437868 ], [ 825.03802307294427, -184.505407587625086 ], [ 825.045505241690989, -184.646614095196128 ], [ 826.59845162221427, -186.042640892788768 ], [ 809.570549272833887, -205.249949223361909 ], [ 813.269252025931564, -210.253620882518589 ], [ 817.608669411098163, -215.500159903429449 ], [ 817.606210071000532, -215.652341481298208 ], [ 830.980740458100627, -227.684789436869323 ], [ 829.886126236773634, -228.901382462121546 ], [ 829.873892716435876, -229.018272674642503 ], [ 835.088775394489858, -233.689478138461709 ], [ 850.487925759667633, -216.61876153293997 ], [ 856.903905237628351, -222.336380685679615 ], [ 858.11467287974483, -221.017584920860827 ], [ 871.882689463049246, -219.09022566024214 ], [ 877.897966579939748, -212.574902901425958 ] ], [ [ 773.742888248376403, -363.528353669680655 ], [ 772.806661853912374, -362.244370826520026 ], [ 770.09421446547276, -359.441245620138943 ], [ 769.587932489475861, -358.359944209456444 ], [ 769.622523774341971, -358.204566807486117 ], [ 763.670394723463687, -350.739519721828401 ], [ 763.52085446057572, -350.730874598026276 ], [ 758.294268380434005, -345.534488503821194 ], [ 754.856149205897964, -341.749678424559534 ], [ 752.542921662825393, -339.023009547963738 ], [ 752.437097330835968, -338.993220475502312 ], [ 749.569533312498606, -334.491087021306157 ], [ 749.58946760434992, -334.338822984136641 ], [ 740.479911262382302, -324.197837701998651 ], [ 740.338413694957126, -324.190567216835916 ], [ 723.010344964266551, -305.070225190371275 ], [ 721.377203778525654, -303.162706162780523 ], [ 721.534665162613237, -303.025445498526096 ], [ 721.527003272085494, -302.90817612875253 ], [ 715.011156391929035, -295.070678214542568 ], [ 714.897252755728914, -295.041732579469681 ], [ 714.617834059501547, -295.267720431089401 ], [ 714.413654328000121, -295.029237237758934 ], [ 707.781421344152477, -300.796482912264764 ], [ 700.455625435683032, -314.908205245621502 ], [ 702.340343453635796, -317.514190568588674 ], [ 703.835204025872372, -317.651120372116566 ], [ 705.324306154912847, -316.319778835400939 ], [ 707.646709702730732, -318.895474663004279 ], [ 706.599322609188675, -319.836149507202208 ], [ 735.695471720855494, -361.054233432747424 ], [ 749.739113244424516, -384.627332621254027 ], [ 748.329276284124717, -385.535670171491802 ], [ 748.286764664015209, -385.645223322324455 ], [ 753.184777396147183, -393.24863963201642 ], [ 753.30213450280462, -393.255197905935347 ], [ 755.69970929518604, -391.686782091856003 ], [ 754.838265203799892, -390.27365233656019 ], [ 771.071368919207089, -384.031107483431697 ], [ 774.382708640265264, -381.388429829850793 ], [ 779.414868140660474, -376.679729145951569 ], [ 782.662139805854167, -373.850292163901031 ], [ 782.651902398170932, -373.733228789642453 ], [ 773.742888248376403, -363.528353669680655 ] ], [ [ 710.405769246543059, -290.897314994595945 ], [ 704.043014188388042, -283.037647630088031 ], [ 697.218220003405804, -289.676097222603858 ], [ 697.083943923737024, -289.677068424411118 ], [ 686.639260147012465, -299.472331848926842 ], [ 686.628300846359707, -299.604482223279774 ], [ 674.767257161793168, -308.455356831662357 ], [ 675.758231215520937, -310.460985329933465 ], [ 666.066461274553149, -318.633011728525162 ], [ 673.142755189339368, -327.094979285262525 ], [ 692.700709302918767, -316.257304714992642 ], [ 692.840981477105743, -316.293863205239177 ], [ 698.170480948951081, -310.571312946267426 ], [ 698.121539580011813, -310.431232962757349 ], [ 703.603496365034516, -297.557545005343854 ], [ 710.405769246543059, -290.897314994595945 ] ], [ [ 530.047640069496993, -363.415663219057024 ], [ 560.032239810394458, -396.563161248341203 ], [ 562.15088530410867, -398.369079675525427 ], [ 572.4776353032521, -410.939085116609931 ], [ 575.942475822837878, -415.616159547120333 ], [ 575.927509634791932, -415.763225899077952 ], [ 583.882624134805155, -424.71180693525821 ], [ 584.025180571541568, -424.71883294172585 ], [ 589.997308038487972, -431.183823853731155 ], [ 589.988358068450907, -431.321311169303954 ], [ 597.400733640397448, -440.099512624554336 ], [ 597.541577227137168, -440.111421039327979 ], [ 603.253839021215754, -435.291663383133709 ], [ 603.270466468411541, -435.158578678034246 ], [ 604.194446453504497, -434.512738366611302 ], [ 593.477828568460609, -368.750319480895996 ], [ 592.674337811413352, -352.713846368715167 ], [ 588.168593810878519, -339.133449772372842 ], [ 574.331599020702924, -323.654576811008155 ], [ 570.685443756285167, -323.291307621635497 ], [ 550.99123918244004, -337.103187991306186 ], [ 550.860047625679726, -336.921725339256227 ], [ 550.742529352335623, -336.918917692266405 ], [ 526.600772183579465, -353.600441376678646 ], [ 526.582571465571164, -353.748743139207363 ], [ 533.157013775395171, -361.215791393071413 ], [ 530.047640069496993, -363.415663219057024 ] ], [ [ 662.438736543927007, -511.537659736350179 ], [ 662.284407414948873, -512.884644903242588 ], [ 671.522913741417142, -522.693174912594259 ], [ 682.584141421843015, -512.831270601600409 ], [ 693.05492996690009, -504.021658003330231 ], [ 707.943863547992805, -489.772016942501068 ], [ 710.425194490268041, -486.98313086759299 ], [ 701.800412712091202, -485.062228152528405 ], [ 692.146619224884489, -483.372467298060656 ], [ 688.00331801864013, -483.184084150008857 ], [ 684.79967663008938, -483.37496536783874 ], [ 683.193118555296678, -483.76638878043741 ], [ 682.042666217876103, -484.676547116599977 ], [ 665.272736830485883, -508.582433070987463 ], [ 662.438736543927007, -511.537659736350179 ] ], [ [ 851.997579794749981, -573.39407258387655 ], [ 852.619559710714384, -559.49274424277246 ], [ 847.137997435911529, -564.59099849127233 ], [ 846.693293264748718, -566.702502546831965 ], [ 846.92242650649132, -567.843497907742858 ], [ 851.997579794749981, -573.39407258387655 ] ], [ [ 605.290797576302793, -294.829895404167473 ], [ 603.00190223613572, -293.876925330609083 ], [ 589.729503649019534, -299.997502816841006 ], [ 588.557722287632714, -302.256594864651561 ], [ 590.127002470668231, -303.637670355848968 ], [ 603.617631624825663, -298.007172950543463 ], [ 605.594171453738454, -296.324443137273192 ], [ 605.290797576302793, -294.829895404167473 ] ], [ [ 655.902373000262742, -327.74453732650727 ], [ 647.726910005585523, -331.101195551455021 ], [ 646.720990563224404, -332.337030665948987 ], [ 647.550929004746649, -337.047237459570169 ], [ 660.540377037090366, -333.924190847203135 ], [ 660.697452284643077, -333.986753306351602 ], [ 668.1239765906721, -326.73191281594336 ], [ 663.697890710489446, -322.181140246801078 ], [ 656.284786137413903, -329.321333828382194 ], [ 655.902373000262742, -327.74453732650727 ] ], [ [ 585.074101102516579, -303.851881154812872 ], [ 583.069767903900356, -303.472011678852141 ], [ 574.472343455072405, -307.089975183829665 ], [ 573.73813958885512, -308.0677898991853 ], [ 573.355477903531209, -311.252774792723358 ], [ 576.117519203335178, -313.707888512872159 ], [ 585.789944880325493, -315.36145861633122 ], [ 588.70629676594217, -314.591350779868662 ], [ 589.447314288736379, -312.343005100265145 ], [ 585.074101102516579, -303.851881154812872 ] ], [ [ 598.536599514742193, -352.525841640308499 ], [ 644.52834443330903, -339.073421251960099 ], [ 641.484219145651878, -329.951309989206493 ], [ 639.385069111898702, -329.006829579360783 ], [ 596.320825207023518, -345.241977439261973 ], [ 598.536599514742193, -352.525841640308499 ] ], [ [ 625.803560980595648, -282.769149422645569 ], [ 622.739487836814078, -283.262470044195652 ], [ 620.154503197656595, -284.677818594500422 ], [ 617.760270212946125, -289.433893472887576 ], [ 610.019458244374619, -293.140216497704387 ], [ 608.999575911848297, -295.806368109770119 ], [ 614.025359418084918, -309.169875077903271 ], [ 642.035839595597281, -298.165069112554193 ], [ 645.063962433221604, -287.963756088167429 ], [ 656.562546920356908, -283.915229539386928 ], [ 649.195588892245723, -266.29424109775573 ], [ 628.905411184314289, -275.392990940250456 ], [ 626.700386302625702, -277.485774169676006 ], [ 625.803560980595648, -282.769149422645569 ] ], [ [ 843.28367003065614, -236.763095645233989 ], [ 845.220868822521879, -248.707569556310773 ], [ 880.535775459620709, -293.175855627283454 ], [ 883.513946222445156, -295.720692666247487 ], [ 884.789213320860654, -294.727060475386679 ], [ 898.386073995287006, -274.421666099689901 ], [ 896.784856645210311, -271.624700853601098 ], [ 896.808459021436647, -271.469177079387009 ], [ 894.492384874800337, -268.885229363106191 ], [ 895.033260888283621, -268.399102865718305 ], [ 895.040492228175935, -268.257604044862092 ], [ 892.727552329251921, -265.714062039740384 ], [ 892.610999305699806, -265.72638085577637 ], [ 892.101347540305142, -266.184018280357122 ], [ 880.040531348127843, -252.827615167945623 ], [ 880.468017044122462, -252.436744869686663 ], [ 880.491827137817381, -252.322182168252766 ], [ 878.053548446352579, -249.606057850643992 ], [ 877.911792018361666, -249.599160361103714 ], [ 877.433042008906341, -250.036904050037265 ], [ 865.764179621370204, -237.119606267660856 ], [ 866.242028290524104, -236.690970246680081 ], [ 866.266524935645066, -236.575725778006017 ], [ 863.312472595724103, -233.306006235070527 ], [ 863.171526838965292, -233.298773869872093 ], [ 862.609608620135987, -233.804099671542645 ], [ 856.721085013568882, -227.308836466632783 ], [ 856.582840205099274, -227.340761553496122 ], [ 855.347110745324244, -226.575790349394083 ], [ 843.28367003065614, -236.763095645233989 ] ], [ [ 811.384803550785364, -215.692938757129014 ], [ 810.495527840790601, -214.992715891450644 ], [ 808.84671297130626, -215.389252992346883 ], [ 806.006718489916238, -212.191069267690182 ], [ 806.023127509140977, -212.060035634785891 ], [ 799.008842784094668, -201.989859279245138 ], [ 798.897747631499442, -201.951264049857855 ], [ 723.60312774742124, -254.454055270180106 ], [ 723.564643705165508, -254.565053575672209 ], [ 730.592622995152851, -264.663443334400654 ], [ 730.723095190158347, -264.692544184625149 ], [ 736.458117509379008, -274.901675052940845 ], [ 738.663143513098476, -277.281833940185606 ], [ 756.050221396993948, -286.325211350806057 ], [ 757.323431114891719, -286.65235563647002 ], [ 814.844078502910634, -236.179087603464723 ], [ 821.981407358491197, -241.487711472436786 ], [ 826.178944448221955, -237.959075856953859 ], [ 826.180909960794452, -234.336781396530569 ], [ 822.384486102013398, -228.833411776460707 ], [ 811.384803550785364, -215.692938757129014 ] ], [ [ 1003.240424283882021, -327.853769317269325 ], [ 1001.515085342303792, -322.731177670881152 ], [ 995.534286028252609, -324.724260580725968 ], [ 997.255205285195188, -329.897360722534359 ], [ 1003.176534018359234, -327.97996280528605 ], [ 1003.240424283882021, -327.853769317269325 ] ], [ [ 617.334344717441127, -244.946069105528295 ], [ 619.308867142270174, -247.965848441235721 ], [ 623.455626746123016, -245.294079701416194 ], [ 621.464551562294218, -242.21547803748399 ], [ 617.364870349456396, -244.808042823337018 ], [ 617.334344717441127, -244.946069105528295 ] ], [ [ 742.097923132423603, -216.35870816744864 ], [ 732.928308436961743, -196.904198363423347 ], [ 735.077036614109602, -195.886321660131216 ], [ 735.124582220907541, -195.753183012828231 ], [ 728.379768453738507, -181.515236375853419 ], [ 728.246614343504916, -181.467698973603547 ], [ 727.738740854158095, -181.708398059941828 ], [ 724.648274521970961, -175.196427380666137 ], [ 724.532733683710831, -175.174410570412874 ], [ 708.233424572659715, -182.85933854803443 ], [ 708.211383483016107, -182.974793799221516 ], [ 711.357994849107854, -189.661606442183256 ], [ 710.57916559216028, -190.030346610583365 ], [ 710.531519877104074, -190.163322493433952 ], [ 717.248789226276131, -204.413045165129006 ], [ 717.382184679361671, -204.460678214207292 ], [ 719.673874158459512, -203.369583153165877 ], [ 728.778988246724111, -222.665657085366547 ], [ 728.89440293446205, -222.687610286287963 ], [ 742.050091172881366, -216.491766541264951 ], [ 742.097923132423603, -216.35870816744864 ] ], [ [ 625.963101237941373, -433.879444469697773 ], [ 609.86440754394971, -354.419368971139193 ], [ 609.746517704636062, -354.341256774961948 ], [ 598.276717885742983, -356.672941789962351 ], [ 598.198656990709424, -356.790752281434834 ], [ 614.294668312948488, -436.243703155778348 ], [ 614.41249553671696, -436.321829586289823 ], [ 625.884977739549868, -433.997269190847874 ], [ 625.963101237941373, -433.879444469697773 ] ], [ [ 644.596024397325891, -345.780243141576648 ], [ 674.130815288868689, -421.700758919119835 ], [ 674.260182275251282, -421.757695976644754 ], [ 685.207559214097273, -417.504388847388327 ], [ 685.264520987610013, -417.374965713359416 ], [ 655.72973090143023, -341.454449688084424 ], [ 655.60036390674577, -341.397512626834214 ], [ 644.65298617413282, -345.650819991715252 ], [ 644.596024397325891, -345.780243141576648 ] ], [ [ 686.508624912632513, -470.619859125465155 ], [ 694.063098853350311, -475.848897699266672 ], [ 694.180601519596166, -475.846198681741953 ], [ 717.334351343057278, -442.385617627762258 ], [ 724.59956039269855, -447.414576441049576 ], [ 724.738653085261831, -447.38927367143333 ], [ 748.080925125097565, -413.664801109582186 ], [ 748.07823542076585, -413.547313975170255 ], [ 738.792201235273751, -407.114298797212541 ], [ 738.674718415377356, -407.116987217217684 ], [ 715.36676756736415, -440.780859611928463 ], [ 707.431667587179618, -435.291590999811888 ], [ 707.314182191341388, -435.294309762306511 ], [ 684.162523649692957, -468.752977534197271 ], [ 676.970115268870359, -463.77430937346071 ], [ 676.831023778679082, -463.799608728848398 ], [ 653.474967692995051, -497.541477585211396 ], [ 653.477651662573408, -497.658962668851018 ], [ 663.071322600657368, -504.305873732082546 ], [ 663.188812018272074, -504.303188485093415 ], [ 686.508624912632513, -470.619859125465155 ] ], [ [ 687.047019008969073, -324.681151205673814 ], [ 729.631952140356589, -394.08089161105454 ], [ 729.769524784056557, -394.113759852014482 ], [ 739.688819068891462, -388.013269902206957 ], [ 739.72166640249452, -387.875856601633132 ], [ 697.166246882312407, -318.487442750483751 ], [ 697.028845300808825, -318.454441842623055 ], [ 687.080037414541948, -324.543605224229395 ], [ 687.047019008969073, -324.681151205673814 ] ], [ [ 665.521749075634943, -313.080366593785584 ], [ 661.23736504259432, -302.156614504754543 ], [ 661.138361662460738, -302.093325709924102 ], [ 592.317939332817332, -329.063977778889239 ], [ 592.261329991906678, -329.193480223417282 ], [ 596.54295782056397, -340.134119928814471 ], [ 596.641989374247714, -340.197477838024497 ], [ 665.465185368231687, -313.209930951707065 ], [ 665.521749075634943, -313.080366593785584 ] ], [ [ 607.255924494655119, -280.090517651289701 ], [ 659.740569818703079, -255.652583130635321 ], [ 684.397271728328633, -283.78783817961812 ], [ 684.514303027366623, -283.777138039469719 ], [ 694.642076799338611, -274.848369400016963 ], [ 664.413250008674368, -240.318387041799724 ], [ 664.295038415828458, -240.294031006284058 ], [ 651.758844068353937, -246.271265408024192 ], [ 602.173575305445411, -269.485264679417014 ], [ 602.125451531832368, -269.618241352960467 ], [ 604.501883248669401, -274.686146896332502 ], [ 554.706590485864581, -297.950184226967394 ], [ 554.684135252718988, -298.065413213334978 ], [ 557.088358206112389, -303.23775024432689 ], [ 507.529905645031249, -326.370832849293947 ], [ 507.481669708788104, -326.503836863674223 ], [ 512.295545346278232, -336.775835178792477 ], [ 512.428369851309981, -336.823986954055727 ], [ 562.047299603382271, -313.647349364124238 ], [ 562.095594531620009, -313.514531397260725 ], [ 559.745631219226198, -308.474737050943077 ], [ 609.52952202076267, -285.221723712980747 ], [ 609.57787873921734, -285.089035864919424 ], [ 607.255924494655119, -280.090517651289701 ] ] ], [ [ [ 505.632300000075702, -632.777935152873397 ], [ 512.097891036719375, -626.60514896735549 ], [ 529.161182074338285, -645.675999999046326 ], [ 505.632300000077521, -645.675999999977648 ], [ 505.632300000075702, -632.777935152873397 ] ] ], [ [ [ 506.092892663416933, -236.930646659806371 ], [ 505.63230000006115, -236.466437024064362 ], [ 505.632299999921088, -213.381056893616915 ], [ 510.346155074717899, -217.138539080508053 ], [ 508.267039762629793, -220.241617023944855 ], [ 512.613486785681744, -229.711188442073762 ], [ 525.358226807695246, -224.0486263865605 ], [ 525.525805110251895, -224.080615141429007 ], [ 529.913930773234824, -217.761566418223083 ], [ 532.93080110567098, -223.946528803557158 ], [ 506.092892663416933, -236.930646659806371 ] ] ], [ [ [ 505.632300000048417, -196.873653365299106 ], [ 506.033568961593119, -196.937422100454569 ], [ 509.673672281216568, -198.954722402617335 ], [ 506.719974695404744, -203.181411562487483 ], [ 505.632299999984753, -202.470257202163339 ], [ 505.632300000048417, -196.873653365299106 ] ] ], [ [ [ 767.594821353472071, -192.895908968523145 ], [ 767.647331847647365, -192.941334838047624 ], [ 762.881430690338675, -198.437851811759174 ], [ 768.36277338812215, -203.185062159784138 ], [ 768.114621204063951, -203.471553362905979 ], [ 762.584496308008966, -198.688232779502869 ], [ 767.594821353472071, -192.895908968523145 ] ] ], [ [ [ 556.036028420425282, -344.926342593505979 ], [ 556.084417514253801, -344.994727528654039 ], [ 543.164652722274695, -354.135419263504446 ], [ 542.996702956234003, -353.94497110042721 ], [ 556.036028420425282, -344.926342593505979 ] ] ] ] } },
{ "type": "Feature", "properties": { }, "geometry": { "type": "MultiPolygon", "coordinates": [ [ [ [ 505.632299999955649, -1117.722928866744041 ], [ 517.678448963955816, -1114.601772434078157 ], [ 517.697827882935599, -1114.453055170364678 ], [ 505.632300000039322, -1100.659741511568427 ], [ 505.632300000048417, -1098.617493713274598 ], [ 516.587602788091317, -1089.051860746927559 ], [ 505.632299999932002, -1076.511856337077916 ], [ 505.632300000019313, -1062.761954290792346 ], [ 518.98729066586202, -1078.130772555246949 ], [ 543.777670922967445, -1106.423268132843077 ], [ 599.272763661052522, -1092.455169877037406 ], [ 600.504374924126751, -1091.989932826720178 ], [ 600.683797587513254, -1090.887230735272169 ], [ 582.943270522875537, -1023.319604736752808 ], [ 581.769064000876824, -1018.207743576727808 ], [ 580.420863482078857, -1017.364908033050597 ], [ 577.08849206594823, -1016.854573362506926 ], [ 565.369785738985229, -1017.167804345488548 ], [ 562.676875002087399, -1016.432914144359529 ], [ 555.288791745511844, -1013.664754045195878 ], [ 550.682103103315967, -1013.12041896302253 ], [ 547.643311039351829, -1013.607866778038442 ], [ 541.082959761324673, -1018.573799388483167 ], [ 543.718745865464371, -1022.598297122865915 ], [ 545.471836611233812, -1027.005578731186688 ], [ 546.22185819761944, -1030.527428567409515 ], [ 545.923029482433776, -1034.276530847884715 ], [ 544.701146460703967, -1039.422278688289225 ], [ 542.804070995667644, -1042.92976030241698 ], [ 541.389219141394278, -1044.873776004649699 ], [ 537.36582123453627, -1048.290124216116965 ], [ 533.179270583990728, -1050.857619639486074 ], [ 530.528098950411731, -1051.560540658421814 ], [ 528.291138028158457, -1052.018821376375854 ], [ 524.772426775638451, -1052.139569852501154 ], [ 519.826933718848522, -1051.406962400302291 ], [ 516.318679397210872, -1050.019187144003808 ], [ 511.7387651626359, -1046.975406938232481 ], [ 505.632300000008399, -1041.545781738124788 ], [ 505.632299999979296, -1019.843749660998583 ], [ 522.379805597840459, -1014.432497013360262 ], [ 522.444195328935166, -1014.306642313487828 ], [ 515.904755838126221, -994.126593001186848 ], [ 505.632300000039322, -997.413275219500065 ], [ 505.632300000082978, -991.489836810156703 ], [ 507.367685800327308, -990.968562146648765 ], [ 505.632300000075702, -984.982347198762 ], [ 505.63229999995383, -984.651829146780074 ], [ 515.062856775559339, -976.458174488507211 ], [ 515.072753879594529, -976.317148009315133 ], [ 505.63230000002477, -965.451705487444997 ], [ 505.632299999992028, -944.234376361593604 ], [ 524.022233078221689, -965.498817634768784 ], [ 524.163223002091399, -965.509050073102117 ], [ 529.239130754083817, -961.120827341452241 ], [ 546.356080351470155, -980.91299673076719 ], [ 545.011107314097899, -982.994827348738909 ], [ 545.06115306987158, -986.180561910383403 ], [ 546.111218540301707, -989.926150978542864 ], [ 547.948320305416928, -992.797519000247121 ], [ 551.039167307009848, -995.182733294554055 ], [ 555.39279584832002, -996.239089902490377 ], [ 559.773894870433651, -995.666040210984647 ], [ 562.113714037825048, -994.687785631045699 ], [ 564.792706214166174, -991.99880345351994 ], [ 566.64169423837302, -988.181585618294775 ], [ 567.204774821602768, -985.168782526627183 ], [ 567.205024552453324, -982.342455449514091 ], [ 565.168142377897311, -977.608616423793137 ], [ 561.663882923967321, -973.02286387886852 ], [ 557.867839888698654, -969.926087327301502 ], [ 555.386710994309396, -968.271638374775648 ], [ 556.976720014406965, -966.89714421145618 ], [ 556.986986755309772, -966.756162136793137 ], [ 505.632300000028408, -907.319517724215984 ], [ 505.632300000044779, -849.481488888151944 ], [ 506.517482976214524, -850.338807507418096 ], [ 509.476701654763019, -852.891731423325837 ], [ 512.323847553947417, -854.531088814139366 ], [ 521.306731326072622, -864.439250362105668 ], [ 539.127328139809833, -853.729017777368426 ], [ 543.76779325688949, -859.898269665427506 ], [ 543.75190044867486, -860.043133514933288 ], [ 556.344289352889973, -874.823888539336622 ], [ 556.485006640543361, -874.83532980363816 ], [ 557.422939383399353, -874.040630217641592 ], [ 561.484880882524521, -878.819673868827522 ], [ 546.337308627375023, -892.526896441355348 ], [ 552.995326899512293, -900.049538775347173 ], [ 562.903567163728439, -910.969740332104266 ], [ 573.147352501353453, -922.665454617701471 ], [ 569.792861293160968, -926.181724547408521 ], [ 569.923765517605716, -926.724079196341336 ], [ 564.425986764459594, -932.632141484878957 ], [ 558.475684000773981, -938.590002950280905 ], [ 557.449479152634012, -939.384640806354582 ], [ 555.135741988215159, -939.881513918749988 ], [ 554.636297321350867, -939.699209299869835 ], [ 551.749513953474889, -941.462617906741798 ], [ 572.12950488289971, -963.306746172718704 ], [ 577.60906065124982, -969.435687322169542 ], [ 582.181646859726243, -976.154555559158325 ], [ 584.900146026762741, -982.490363256074488 ], [ 586.587301296309306, -987.498999567702413 ], [ 588.068514157763275, -993.979579913429916 ], [ 589.792865927845924, -1005.546313560567796 ], [ 593.325498543566937, -1025.435212414711714 ], [ 597.086495941826797, -1041.123686096630991 ], [ 603.187842701381669, -1063.101027814671397 ], [ 609.427498437587928, -1087.38534736353904 ], [ 617.672767538766493, -1118.148495245724916 ], [ 626.095301288467454, -1145.675999999977648 ], [ 616.048176568396229, -1145.675999999977648 ], [ 611.292024490434414, -1129.572971935383976 ], [ 604.231276907983556, -1131.163311912678182 ], [ 593.436898350550109, -1138.155527386814356 ], [ 593.285678068121342, -1138.135732000693679 ], [ 584.788997295883746, -1145.675999999046326 ], [ 505.632300000013856, -1145.675999999977648 ], [ 505.632299999955649, -1117.722928866744041 ] ], [ [ 543.300082423635104, -1002.344267394393682 ], [ 532.176983484952871, -990.105881188064814 ], [ 530.873282536666011, -989.476175402291119 ], [ 529.495520654707434, -989.8308050557971 ], [ 521.775836466733381, -998.410275733098388 ], [ 521.474120466831664, -1000.971468368545175 ], [ 525.313499292968118, -1013.834590477868915 ], [ 542.593116614603787, -1008.304573987610638 ], [ 543.287462238064109, -1006.428387064486742 ], [ 543.637462813450838, -1004.48776120878756 ], [ 543.300082423635104, -1002.344267394393682 ] ] ], [ [ [ 764.268993781333847, -1145.675999999977648 ], [ 761.676768938998066, -1140.775039275176823 ], [ 758.632297882037165, -1132.514144347049296 ], [ 754.521637917852786, -1124.261245680972934 ], [ 752.56395336587957, -1121.368680307641625 ], [ 749.736324461980985, -1117.422195942141116 ], [ 746.949936701421393, -1112.158934990875423 ], [ 741.162042024860057, -1100.411971222609282 ], [ 737.603693134411515, -1093.815331834368408 ], [ 734.443538452960638, -1088.41141683794558 ], [ 732.393615789371324, -1082.005550164729357 ], [ 731.395490533686825, -1075.905710948631167 ], [ 729.092917470034081, -1066.8326355824247 ], [ 727.259473084790443, -1060.279837027192116 ], [ 723.832623383341343, -1052.730085967108607 ], [ 721.999496748439924, -1046.040485249832273 ], [ 720.278828725462517, -1034.085971864871681 ], [ 718.537245013016218, -1023.009029220789671 ], [ 715.085545619213008, -1002.159254057332873 ], [ 713.132618221154189, -994.478590966202319 ], [ 711.643619535932885, -991.875703365541995 ], [ 708.872865411905877, -988.193783674389124 ], [ 705.938268584499383, -983.601551923900843 ], [ 703.965785669786783, -979.435969267971814 ], [ 702.776236703759423, -974.447498570196331 ], [ 701.708632529409442, -967.155674465000629 ], [ 701.120663991903712, -963.671447629109025 ], [ 699.987360704852108, -959.652863012626767 ], [ 697.405655320153528, -951.279078924097121 ], [ 696.223865274871059, -946.562802894040942 ], [ 695.236539777028156, -940.494669019244611 ], [ 694.899577062740718, -932.901511432603002 ], [ 694.296333730309925, -923.823963635601103 ], [ 694.167755583652252, -915.551999175921082 ], [ 694.628092558425124, -906.453461503610015 ], [ 695.291263370349043, -900.806546149775386 ], [ 695.558330154108262, -895.673519209958613 ], [ 695.244025905318267, -889.793421217240393 ], [ 694.769567218489101, -883.040774932131171 ], [ 694.201077239202277, -878.398499315604568 ], [ 691.767167661879284, -867.566744112409651 ], [ 690.329276617878349, -858.79919689707458 ], [ 691.308118283601289, -851.047712419182062 ], [ 691.638518296240363, -843.129261599853635 ], [ 693.97449976509597, -834.312969468533993 ], [ 695.318041672991967, -825.2853490030393 ], [ 695.357906664876282, -821.642027880996466 ], [ 694.212984722260444, -817.359220009297132 ], [ 690.932427833220572, -808.490943543612957 ], [ 687.613065990140967, -796.488928628154099 ], [ 686.68451677583289, -781.726707422174513 ], [ 687.713248418232979, -772.272970699705184 ], [ 687.99655358320706, -771.335248938761652 ], [ 589.595234844284278, -771.701053956523538 ], [ 589.490935388248545, -777.457138133235276 ], [ 587.381922291455339, -784.645378212444484 ], [ 586.865035460141371, -794.325356586836278 ], [ 586.947484137679567, -804.501040359027684 ], [ 586.761333536051097, -805.090151964686811 ], [ 586.541976652495578, -805.313092573545873 ], [ 585.955958773836755, -805.508764687925577 ], [ 585.366847167748347, -805.322614087723196 ], [ 585.143906558643721, -805.103257204405963 ], [ 584.948234443985712, -804.517239325679839 ], [ 584.866926125132522, -794.249430025927722 ], [ 585.391663376649376, -784.422432930208743 ], [ 587.533726092682627, -777.026382997632027 ], [ 587.556424784963383, -775.078548490069807 ], [ 587.345042736495088, -775.457908125594258 ], [ 586.910861415801264, -775.692648977041245 ], [ 586.333510596845372, -775.815014451742172 ], [ 585.868535157329461, -775.794210430234671 ], [ 584.969010854440057, -775.542224559001625 ], [ 584.567087162566168, -775.058235285803676 ], [ 584.627805826316035, -771.721857046708465 ], [ 584.140886044615399, -771.724086971953511 ], [ 584.093968017885345, -772.853231369517744 ], [ 584.417936215952068, -784.499672530218959 ], [ 583.634578856319422, -784.501517894677818 ], [ 583.150582509115338, -807.336924588307738 ], [ 562.982505996023974, -808.115666092373431 ], [ 562.612027460805621, -822.434512965381145 ], [ 560.78974733654286, -822.282777362503111 ], [ 560.6918200116761, -822.174517357721925 ], [ 539.250193212565136, -821.766958127729595 ], [ 539.519799571440672, -807.493953984230757 ], [ 524.950208498030406, -807.154532021842897 ], [ 524.848069889334511, -807.252260599285364 ], [ 524.814734645391582, -808.75768615771085 ], [ 521.070080040484754, -808.672012584283948 ], [ 520.571667130543574, -809.300140078179538 ], [ 519.498399790760232, -824.409082910977304 ], [ 519.551152956775695, -829.335679999552667 ], [ 519.485043828328344, -834.928400265984237 ], [ 505.632299999995666, -834.420218091458082 ], [ 505.632299999975658, -749.673511923290789 ], [ 508.569324090161899, -749.731277598999441 ], [ 508.670689352222325, -749.632733542472124 ], [ 509.017553553680045, -724.594829069450498 ], [ 505.632300000001123, -720.781553755514324 ], [ 505.632300000077521, -645.675999999977648 ], [ 529.161182074338285, -645.675999999046326 ], [ 539.620583637994059, -657.365989271551371 ], [ 546.955680540831963, -657.94134016521275 ], [ 580.298442438443089, -657.452867399901152 ], [ 580.534450513525371, -694.380697113461792 ], [ 580.468216868559466, -715.251456011086702 ], [ 584.062920350952481, -722.736105563119054 ], [ 584.309585244782284, -725.618911129422486 ], [ 587.397986584406681, -725.594485448673368 ], [ 589.396621453344778, -726.69687741715461 ], [ 589.665710106677579, -726.92166914138943 ], [ 589.840623234540544, -727.225553031079471 ], [ 589.899842284918122, -727.571144009009004 ], [ 589.646446436838232, -766.092218650504947 ], [ 689.823299338799188, -765.728923817165196 ], [ 694.817249957830427, -750.402609039098024 ], [ 695.852069110451339, -720.195262148045003 ], [ 697.583228711884658, -710.809567567892373 ], [ 696.751613983880816, -693.962263132445514 ], [ 697.048265858196828, -685.321540895849466 ], [ 697.998737407566296, -670.153129614889622 ], [ 697.207241215961403, -661.468134367838502 ], [ 697.126708418911221, -653.092027087695897 ], [ 697.238696780997998, -648.535543249920011 ], [ 697.180778958316296, -645.675999999977648 ], [ 699.178705239879491, -645.676000001840293 ], [ 699.238052131744553, -648.516568397171795 ], [ 699.126096410951504, -653.089958542026579 ], [ 699.206071691916804, -661.408080693334341 ], [ 699.998957741281629, -670.201267103664577 ], [ 699.04455262270676, -685.432453165762126 ], [ 698.751191371618916, -693.988885707221925 ], [ 699.58588980476452, -710.827532686293125 ], [ 697.847646943526343, -720.338485387153924 ], [ 696.810560457208339, -750.612209528684616 ], [ 691.928941436515743, -765.72006755694747 ], [ 701.705390421177071, -765.678254621103406 ], [ 701.892252369065318, -764.292906659655273 ], [ 702.579837747307465, -760.626633197069168 ], [ 708.279942370858407, -736.860379297286272 ], [ 709.98690527706276, -729.089894765987992 ], [ 710.798204837126832, -727.661531411111355 ], [ 711.565512196426425, -725.402871879749 ], [ 712.607391370385812, -706.865522448904812 ], [ 711.329952663199947, -688.392846113070846 ], [ 707.310849203724501, -666.345767891034484 ], [ 702.043885503688216, -648.737654682248831 ], [ 700.771208945689068, -645.676000001840293 ], [ 702.931803566356393, -645.675999999046326 ], [ 703.944534994232527, -648.115188112482429 ], [ 709.242128828298519, -665.825701775960624 ], [ 713.320663742817487, -688.199374626390636 ], [ 714.606264352036305, -706.790078331716359 ], [ 713.964965232780742, -718.339799431152642 ], [ 715.00795059264783, -715.269615666940808 ], [ 714.926850557085345, -717.386380884796381 ], [ 714.56556846859894, -722.710226493887603 ], [ 713.854191638021803, -727.684388465248048 ], [ 713.340388820141015, -730.564207850955427 ], [ 710.081702067220249, -744.326458944007754 ], [ 742.672221616210663, -744.048990776762366 ], [ 776.973063596600696, -744.444942277856171 ], [ 793.490995979163927, -731.493995158933103 ], [ 784.687113994134052, -721.040897865779698 ], [ 790.694021747462102, -717.895574353635311 ], [ 798.781949947335306, -727.345842808485031 ], [ 808.793461024475619, -719.49732836522162 ], [ 810.395221614058755, -717.848864304833114 ], [ 811.217937073901339, -716.547795162536204 ], [ 811.356841639872073, -714.829876793548465 ], [ 810.169039752676326, -710.513929693028331 ], [ 805.332111216797784, -701.651830951683223 ], [ 800.451237453520662, -693.548265819437802 ], [ 795.972174018201258, -688.7648492353037 ], [ 793.409448187532689, -685.524818206205964 ], [ 787.064593752245855, -678.403846545144916 ], [ 786.560157892246934, -677.717340442351997 ], [ 786.597364027515141, -677.678247947245836 ], [ 763.570795188383272, -650.252163075841963 ], [ 759.97099644136506, -645.675999999046326 ], [ 778.018835713190128, -645.675999999977648 ], [ 789.006799723061704, -658.813718165270984 ], [ 825.15197520422771, -700.157053814269602 ], [ 841.117237119236961, -687.302459106780589 ], [ 835.153858594258054, -681.25184122659266 ], [ 829.958969203455126, -681.224249918945134 ], [ 797.981572827053242, -645.675999999977648 ], [ 820.834004173531866, -645.675999999977648 ], [ 832.566946302467841, -658.55625384952873 ], [ 837.389721982277479, -654.338121932931244 ], [ 838.166999037624919, -645.675999999046326 ], [ 861.524576319396147, -645.675999999977648 ], [ 837.788372599046852, -666.835564844310284 ], [ 837.780282331857961, -666.976716770790517 ], [ 838.581760818318799, -667.875520219095051 ], [ 837.721595645096386, -668.641740472987294 ], [ 837.696559881607755, -668.756581579335034 ], [ 840.302707079639731, -671.680296593345702 ], [ 840.419685763614325, -671.668536939658225 ], [ 841.278948939661859, -670.901378330774605 ], [ 844.683957789071428, -674.714203452691436 ], [ 844.801030886363151, -674.702322030439973 ], [ 847.247562225389629, -672.510963259264827 ], [ 850.745709750673996, -676.295742212794721 ], [ 852.303125213209569, -675.034549948759377 ], [ 854.270259809003619, -677.364037742838264 ], [ 892.068746155062399, -648.727285100147128 ], [ 889.343561328141732, -645.675999999977648 ], [ 892.024191321257604, -645.675999999977648 ], [ 893.667569204450047, -647.516026059165597 ], [ 896.09641570992062, -645.675999999977648 ], [ 927.135782661911435, -645.675999999977648 ], [ 924.465651716722277, -647.799293638207018 ], [ 934.348025102528482, -659.621903907507658 ], [ 934.551539453059377, -660.02338085975498 ], [ 934.871215784030937, -661.449504696764052 ], [ 934.403399481536326, -663.150120050646365 ], [ 884.741722695554927, -706.319324722513556 ], [ 889.271928292566372, -712.148933102376759 ], [ 892.309730512413807, -709.245854339562356 ], [ 900.043818054040457, -718.437710666097701 ], [ 909.405650123353553, -721.218134306371212 ], [ 953.245454633839472, -688.767017686739564 ], [ 954.861247753364296, -685.977431262843311 ], [ 954.868039117229273, -684.036459144204855 ], [ 950.244091857457533, -674.663547334261239 ], [ 939.215591175418012, -655.457804716192186 ], [ 930.728946042872849, -645.675999999977648 ], [ 937.648632465698029, -645.675999999977648 ], [ 942.923316859478291, -651.761158788576722 ], [ 950.417235412263835, -645.675999999977648 ], [ 975.676237585001218, -645.675999999977648 ], [ 1005.6323, -681.960766579024494 ], [ 1005.632300000090254, -702.658708429895341 ], [ 958.480320058346479, -646.325640588067472 ], [ 958.339499402292859, -646.313145863823593 ], [ 954.004177708120551, -649.941887160763144 ], [ 949.699574994019713, -653.561719964258373 ], [ 949.687225420564573, -653.702418348751962 ], [ 1005.632299999966563, -720.541574866510928 ], [ 1005.632299999968382, -744.864973853342235 ], [ 1004.570881561892747, -745.759396030567586 ], [ 1002.945751578328782, -746.140982174314559 ], [ 991.395908691498335, -732.280443034134805 ], [ 990.125827301813842, -731.883392768912017 ], [ 989.019175275096131, -732.150086191482842 ], [ 983.888077994015475, -736.661623980849981 ], [ 983.05868413467033, -735.718919613398612 ], [ 970.953813275777065, -746.362668667919934 ], [ 970.193016315983186, -745.497082182206213 ], [ 951.224888355791336, -761.087243448011577 ], [ 951.080798441515071, -761.076397066935897 ], [ 943.119037204804044, -768.223078069277108 ], [ 941.744673790009983, -766.690998269245028 ], [ 931.966685888666689, -774.575976651161909 ], [ 931.15136031837028, -773.564856418408453 ], [ 919.020663477444032, -783.891242645680904 ], [ 918.474003931076368, -783.249377983622253 ], [ 910.52420654791058, -790.01636575255543 ], [ 909.731035316435737, -791.372792126610875 ], [ 909.5272335371792, -793.109821132384241 ], [ 910.033591674951822, -794.272225892171264 ], [ 915.326154532462169, -799.861545820720494 ], [ 915.197183302219855, -803.101908719167113 ], [ 925.965063745412408, -815.63060724362731 ], [ 928.607766756387718, -817.062711707316339 ], [ 953.336765742074931, -844.666561235673726 ], [ 962.804972938562059, -854.536530147306621 ], [ 963.0169893016282, -854.554984346963465 ], [ 965.3347114901444, -852.4732870105654 ], [ 951.468033036444467, -837.123759849928319 ], [ 950.319783149903742, -838.158478348515928 ], [ 953.688676662137368, -841.900571039877832 ], [ 953.500129830757942, -844.727998609654605 ], [ 946.158207900813068, -836.589370445348322 ], [ 949.044080477427997, -836.81355394795537 ], [ 950.224115665119825, -835.746822789311409 ], [ 931.314836330435355, -814.815458602271974 ], [ 929.037450854761119, -816.874893251806498 ], [ 928.950704001614213, -817.38234803173691 ], [ 927.27513564781475, -815.581244600005448 ], [ 927.823812403021293, -815.484714168123901 ], [ 956.039022728316922, -790.079284129664302 ], [ 957.426986811959068, -789.271316641010344 ], [ 957.745102519365901, -789.160366433672607 ], [ 958.082009760670189, -789.161396908573806 ], [ 965.128782916999626, -790.388286148197949 ], [ 970.370620872638028, -791.950137423351407 ], [ 972.098438914661529, -789.979922595433891 ], [ 978.248401602328158, -783.607718631625175 ], [ 984.195613554129523, -778.273642844520509 ], [ 988.768035373952443, -774.48007978964597 ], [ 997.608390842091467, -768.093180358409882 ], [ 1002.737733814845342, -763.775289352983236 ], [ 1005.632299999961106, -760.88300842884928 ], [ 1005.63229999993564, -763.704140487127006 ], [ 1004.056325921364987, -765.278692537918687 ], [ 998.867614907632742, -769.646559670567513 ], [ 989.96610765998048, -776.081020700745285 ], [ 985.515922968548693, -779.775110005401075 ], [ 979.66186397934689, -785.022177684120834 ], [ 973.553748566293507, -791.351022128947079 ], [ 971.639429648583246, -793.535850012674928 ], [ 970.412513729363127, -801.013283308595419 ], [ 1005.632299999926545, -840.03960104752332 ], [ 1005.63230000000658, -843.023768546059728 ], [ 968.606047403540288, -801.99574292358011 ], [ 968.357791722513866, -801.461832517758012 ], [ 968.361711245770493, -801.164136406034231 ], [ 969.570435183371956, -793.797573974356055 ], [ 964.727434738757438, -792.347800344228745 ], [ 958.085943604690328, -791.191473354585469 ], [ 957.391671100907843, -791.575186555273831 ], [ 1005.632300000046598, -844.910482306964695 ], [ 1005.632300000048417, -850.378151306882501 ], [ 1004.106335909886184, -851.796310113742948 ], [ 1004.868139289192186, -852.655052573420107 ], [ 1005.632300000001123, -851.975995874032378 ], [ 1005.632299999937459, -877.898657716810703 ], [ 995.923695037929065, -886.910845496691763 ], [ 995.855834112306184, -887.691484815441072 ], [ 995.598597981921557, -887.403733789920807 ], [ 995.631267583947192, -888.083208667114377 ], [ 1005.632299999952011, -897.883041330613196 ], [ 1005.632299999921088, -929.124723195098341 ], [ 1002.910379119053687, -926.453985819593072 ], [ 985.31139712748336, -909.584596747532487 ], [ 964.857305372686824, -888.500177063979208 ], [ 943.174054780412916, -865.616515281610191 ], [ 873.577406908063494, -785.823546193540096 ], [ 871.054963909600701, -783.963661971502006 ], [ 870.223894665999978, -784.197685262188315 ], [ 869.876017585151203, -784.592390044592321 ], [ 868.896867913763344, -787.714661381207407 ], [ 868.877437253948301, -788.598473450168967 ], [ 869.077692577884591, -789.152591654099524 ], [ 869.825974723384206, -790.183827359229326 ], [ 871.097264835254464, -790.620957855135202 ], [ 872.959863652038621, -791.484808000735939 ], [ 874.540603983281471, -792.386079994961619 ], [ 876.746343809682003, -793.855671118013561 ], [ 880.564059921565786, -797.921444825828075 ], [ 882.877693380230994, -800.452858043834567 ], [ 885.411854024208878, -803.557208237238228 ], [ 887.037568076835669, -805.741234184242785 ], [ 895.03095953887896, -814.596862824633718 ], [ 915.722767092191134, -839.238250155933201 ], [ 926.211163704585488, -851.505279660224915 ], [ 946.028685340679658, -873.545865206047893 ], [ 965.236979661120131, -894.218310952186584 ], [ 997.493965086896424, -927.412431113421917 ], [ 1005.632300000081159, -935.550862214528024 ], [ 1005.632299999932002, -941.231867830269039 ], [ 1003.841949753348672, -939.404148390516639 ], [ 974.655583143448894, -909.819697232916951 ], [ 954.463822828107368, -888.763025528751314 ], [ 932.974765900537022, -865.166678502224386 ], [ 910.806262487156346, -839.758760429918766 ], [ 895.979933069269464, -822.014168952591717 ], [ 879.500521185769685, -801.854075417853892 ], [ 877.680214204712684, -799.821348060853779 ], [ 876.055036754189132, -798.347712982445955 ], [ 874.090762259851545, -796.848899302072823 ], [ 872.319673546408012, -795.728972557000816 ], [ 868.630691198624845, -793.862800574861467 ], [ 864.629756689766509, -792.482999929226935 ], [ 859.450366704752014, -791.590327182784677 ], [ 850.868465655703403, -789.625813536345959 ], [ 847.781381829565362, -788.39697315171361 ], [ 842.02410366481854, -785.567688518203795 ], [ 839.727590845661325, -784.11404917947948 ], [ 828.729588145299203, -776.527309303171933 ], [ 826.820474446487424, -775.361180703155696 ], [ 823.978430465700512, -774.023225074633956 ], [ 819.248788017466723, -773.05110977217555 ], [ 802.590945530195313, -773.174658929929137 ], [ 802.214041851728325, -773.613440269604325 ], [ 777.112943634750991, -794.982679540291429 ], [ 779.647073822270613, -798.226854766719043 ], [ 770.263419500179225, -805.98535465169698 ], [ 765.298740388732767, -799.592384454794228 ], [ 765.158511132771309, -799.574727359227836 ], [ 754.31695497182227, -807.986898248083889 ], [ 754.032394523044786, -807.303513381630182 ], [ 709.519234789153415, -839.947699702344835 ], [ 708.748712127982799, -846.641696888953447 ], [ 707.867097814834779, -855.818808924406767 ], [ 707.647204680284631, -859.765070485882461 ], [ 707.624617977813614, -865.346728989854455 ], [ 707.802693509554956, -873.331939307041466 ], [ 708.059734875858339, -877.271021191962063 ], [ 708.355327731420402, -879.632790178060532 ], [ 709.237878336398353, -884.665559118613601 ], [ 709.883430778923866, -887.391214925795794 ], [ 711.345728569653147, -892.997282752767205 ], [ 716.125146396898344, -910.480473957955837 ], [ 718.071597521235162, -917.365029720589519 ], [ 720.952695595058685, -926.747017418034375 ], [ 725.481294552384497, -940.896802674047649 ], [ 728.262101268319384, -947.785667483694851 ], [ 729.999498487757592, -951.828007872216403 ], [ 731.261491228526211, -954.575240481644869 ], [ 734.132958567261085, -960.33241522219032 ], [ 754.267207113742188, -993.387395875528455 ], [ 756.782389212989074, -997.289420859888196 ], [ 766.630932856673098, -1013.122180890291929 ], [ 771.358817528242071, -1021.200886451639235 ], [ 773.778414563035767, -1025.628983120433986 ], [ 777.553844531101277, -1032.697437825612724 ], [ 779.449159092635455, -1036.609753387048841 ], [ 780.323696573554116, -1038.735253035090864 ], [ 782.061024630056636, -1043.382987755350769 ], [ 784.247582161140599, -1049.731926564127207 ], [ 785.288473890952446, -1053.05965427774936 ], [ 786.885773590269309, -1058.801846973598003 ], [ 792.153821884257923, -1079.073715702630579 ], [ 796.364024887294363, -1094.070819208398461 ], [ 798.133730447114431, -1099.694642674177885 ], [ 799.699684572547994, -1104.12457140814513 ], [ 802.17454580796948, -1110.180208042263985 ], [ 803.517431950196624, -1112.998103636316955 ], [ 807.110031019399685, -1119.568055346608162 ], [ 809.073810152114675, -1122.732940780930221 ], [ 810.970737029023439, -1125.401510984636843 ], [ 812.371272263409992, -1127.199314014986157 ], [ 815.002762708920272, -1130.291006613522768 ], [ 829.069352734113636, -1145.675999999977648 ], [ 823.573070530335826, -1145.675999999977648 ], [ 822.497073805861874, -1144.506437689997256 ], [ 811.711295837898433, -1132.534309554845095 ], [ 808.717562584863117, -1129.040155652910471 ], [ 805.775144891931632, -1125.002939422614872 ], [ 803.835816201037233, -1122.007258416153491 ], [ 802.537082811999426, -1122.809715556912124 ], [ 801.350186708086767, -1121.045486990362406 ], [ 800.546547418089176, -1119.16932138055563 ], [ 801.873109200470935, -1118.371111305430532 ], [ 800.059537490909861, -1114.957778837531805 ], [ 798.933436380129933, -1112.639904832467437 ], [ 797.496557735323222, -1109.395526358857751 ], [ 794.631439310727728, -1101.841455741785467 ], [ 792.591852181281865, -1095.60716403555125 ], [ 788.273324550169491, -1079.944779934361577 ], [ 782.886837763755466, -1059.211312201805413 ], [ 781.455992570141461, -1054.109983239322901 ], [ 779.820574387571469, -1049.085557739250362 ], [ 778.02336901630224, -1043.91980538982898 ], [ 775.932473049893815, -1038.429708156734705 ], [ 773.224482219451602, -1032.955028957687318 ], [ 768.300187608112537, -1023.92091366648674 ], [ 763.031697636397439, -1014.841378499753773 ], [ 754.720541577293261, -1001.437955792061985 ], [ 750.371772213691656, -994.637041059322655 ], [ 731.969413060684019, -964.517427095212042 ], [ 729.436259086052814, -959.854098138399422 ], [ 727.000278678675386, -954.919936094433069 ], [ 726.692439445398122, -954.934181093238294 ], [ 725.568504416145515, -955.408238294534385 ], [ 724.212068010763687, -952.557714959606528 ], [ 723.908207326845513, -951.655535626225173 ], [ 725.14315652112964, -951.160428344272077 ], [ 725.325830489544387, -950.99148519616574 ], [ 721.850845952072632, -942.575578236021101 ], [ 715.190852084742801, -921.543969727121294 ], [ 712.198660919344547, -911.216393273323774 ], [ 707.39644808074263, -893.594091420061886 ], [ 705.442516635916036, -885.892664170823991 ], [ 704.807692235885042, -882.614124676212668 ], [ 704.064940202642902, -877.185346252284944 ], [ 703.775235044753572, -871.739813799038529 ], [ 703.678998998277166, -860.941413829103112 ], [ 698.449079052792513, -857.9105772562325 ], [ 698.952593787082151, -851.496675378642976 ], [ 704.557763801771216, -848.822140702046454 ], [ 705.268303367645785, -841.952064311131835 ], [ 705.222103200479978, -841.973851730115712 ], [ 707.976337173871798, -818.02222924400121 ], [ 705.81959417336293, -811.925027781166136 ], [ 704.660422041119091, -809.216207115910947 ], [ 703.412320474624721, -805.129714981652796 ], [ 703.022933857944736, -802.046277714893222 ], [ 701.614234936690991, -771.288766969926655 ], [ 690.101218282412447, -771.328874723985791 ], [ 689.689219141655485, -772.594451846554875 ], [ 688.685323365896693, -781.687599760480225 ], [ 689.601863992491417, -796.258906928822398 ], [ 692.847323355788831, -807.914606709033251 ], [ 696.104086855259084, -816.708699545823038 ], [ 697.35859965036434, -821.5270487498492 ], [ 697.305659967350948, -825.51189630292356 ], [ 695.943432736605246, -834.664778118021786 ], [ 693.631493593498817, -843.32289769127965 ], [ 693.303945778021443, -851.172991745173931 ], [ 692.331308782542692, -858.903416243381798 ], [ 693.725890868847273, -867.165237534791231 ], [ 696.178951875370331, -878.101454978808761 ], [ 696.762153592182585, -882.874857296235859 ], [ 697.24004417881406, -889.678347377106547 ], [ 697.557684030030941, -895.724749911576509 ], [ 697.280662853027025, -901.008082477375865 ], [ 696.623141109532298, -906.588174902833998 ], [ 696.167343094737589, -915.554325110279024 ], [ 696.292938358496031, -923.716818996705115 ], [ 696.895251689818906, -932.780372449196875 ], [ 697.219375922077234, -940.231800904497504 ], [ 698.190405382241806, -946.199778875336051 ], [ 699.338196827482534, -950.766005063429475 ], [ 701.901425823396494, -959.075140576809645 ], [ 703.083139377187763, -963.28563133534044 ], [ 703.685278659339019, -966.855259482748806 ], [ 704.747977111299406, -974.113577191717923 ], [ 705.885632224069923, -978.86798751540482 ], [ 707.656185325991828, -982.576941394247115 ], [ 710.536798071228986, -987.084695662371814 ], [ 713.347692207235013, -990.828143136575818 ], [ 715.036739821123774, -993.854007571004331 ], [ 717.051504695071344, -1001.793011815287173 ], [ 720.511579308264118, -1022.693933336995542 ], [ 722.256962406063394, -1033.79563859757036 ], [ 723.944897191579003, -1045.575207154266536 ], [ 725.686399117468682, -1051.976934252306819 ], [ 729.164160204672953, -1059.667204160243273 ], [ 731.027815487967018, -1066.329071613028646 ], [ 733.344218262804134, -1075.456641739234328 ], [ 734.320596338469841, -1081.467408746480942 ], [ 736.31355237697062, -1087.695258690975606 ], [ 739.354204336668772, -1092.849236935377121 ], [ 742.930141692228062, -1099.478482696227729 ], [ 748.737595338623578, -1111.263522758148611 ], [ 751.471215468451192, -1116.426157366484404 ], [ 754.195287502117935, -1120.212733426131308 ], [ 756.214663125831066, -1123.195718416944146 ], [ 760.446454581237049, -1131.672048063017428 ], [ 763.475563721793151, -1139.899753104895353 ], [ 766.528613603641134, -1145.676000001840293 ], [ 764.268993781333847, -1145.675999999977648 ] ], [ [ 587.591929881915348, -772.031762726604939 ], [ 587.595699324838279, -771.708296905271709 ], [ 587.505085486704047, -771.708699577488005 ], [ 587.591929881915348, -772.031762726604939 ] ], [ [ 587.647053218754081, -766.097476165741682 ], [ 587.896727364268372, -728.14216264616698 ], [ 586.890517003455898, -727.566498901695013 ], [ 584.382423482134982, -727.602069927379489 ], [ 584.171907255653423, -745.85264443885535 ], [ 584.390679510877817, -745.865057426504791 ], [ 584.374333896856115, -766.106132143177092 ], [ 587.647053218754081, -766.097476165741682 ] ], [ [ 982.490108446532759, -875.056959356181324 ], [ 983.013903917244534, -874.573512150906026 ], [ 980.835159368056338, -873.196939663030207 ], [ 982.359643702991889, -873.119052859023213 ], [ 983.51058940997973, -872.264953918755054 ], [ 987.622462612795061, -868.684494309127331 ], [ 986.591956693313477, -867.493503361009061 ], [ 982.319114141771934, -871.273935680277646 ], [ 966.480949145830891, -853.742098867893219 ], [ 964.170301533462407, -855.817382042296231 ], [ 964.182571283814468, -855.972583728842437 ], [ 982.490108446532759, -875.056959356181324 ] ], [ [ 984.763810485068461, -875.679136594757438 ], [ 983.874412742045024, -876.500031399540603 ], [ 988.315031318265028, -881.129256852902472 ], [ 990.721012842286655, -878.972912399098277 ], [ 991.388465846599502, -877.872983058914542 ], [ 991.935375076147466, -875.278539785183966 ], [ 991.059986710426529, -872.657676246017218 ], [ 990.072693433301538, -871.516241698525846 ], [ 987.703268050756378, -873.720377856865525 ], [ 986.610436771126842, -874.975338676944375 ], [ 986.205960454219166, -876.590314536355436 ], [ 984.763810485068461, -875.679136594757438 ] ], [ [ 775.880468654271681, -793.404796713031828 ], [ 799.603087013329059, -773.210440568625927 ], [ 793.718924651955604, -773.090965574607253 ], [ 784.2992176442458, -773.377533196471632 ], [ 784.161246080862838, -773.72911733482033 ], [ 784.129342925885794, -774.311644061468542 ], [ 783.329038610580028, -775.849778575822711 ], [ 781.942800615002852, -777.243711997754872 ], [ 781.603126563988553, -777.357871119864285 ], [ 781.012904175553558, -777.764568428508937 ], [ 780.133347514800334, -777.965372854843736 ], [ 779.198786397135336, -778.053643901832402 ], [ 777.886365862159437, -777.864837625063956 ], [ 769.445533357069507, -775.075589946471155 ], [ 768.139524819067447, -774.967123184353113 ], [ 758.315886718095499, -774.845460128970444 ], [ 769.121522643090429, -789.250326639041305 ], [ 774.649846825619534, -791.829209199175239 ], [ 775.880468654271681, -793.404796713031828 ] ], [ [ 542.463018665679556, -743.520499907433987 ], [ 542.647211388291907, -743.524052243679762 ], [ 542.645325359686467, -743.619692070409656 ], [ 577.565949352179814, -744.579967444762588 ], [ 578.191889087505842, -727.123479523696005 ], [ 577.979013286045301, -725.865134036168456 ], [ 576.69464845130824, -724.915081952698529 ], [ 538.926280027120811, -721.236935334280133 ], [ 539.009575334745023, -725.324346747249365 ], [ 543.038448068202342, -725.520617807283998 ], [ 542.463018665679556, -743.520499907433987 ] ], [ [ 767.382464514834282, -762.797786746174097 ], [ 769.046188544736651, -762.304840074852109 ], [ 770.569834409434407, -761.576988344080746 ], [ 781.221231715548129, -763.044208014383912 ], [ 781.671655575361001, -762.594051904976368 ], [ 781.873939374474503, -762.125488632358611 ], [ 781.90206161484457, -761.693762293085456 ], [ 780.718742328293956, -757.841220389120281 ], [ 778.738797140142196, -755.70858945325017 ], [ 777.450219136011583, -756.570247200317681 ], [ 775.564068554531332, -757.440483858808875 ], [ 773.501338486637906, -757.985611437819898 ], [ 770.998926049214788, -758.382982411421835 ], [ 768.765380517914309, -758.474173977039754 ], [ 767.780339314007506, -759.131561987102032 ], [ 767.347690497330404, -760.257957357913256 ], [ 767.382464514834282, -762.797786746174097 ] ], [ [ 782.735568384561702, -752.666088998317719 ], [ 784.158996954816757, -754.978662780486047 ], [ 783.90475736854205, -760.658728406764567 ], [ 784.48787260908648, -762.720056087709963 ], [ 785.461509023560211, -763.323987192474306 ], [ 791.963045842536303, -765.708587309345603 ], [ 801.64879496586218, -765.814312889240682 ], [ 804.15162709510696, -764.602425379678607 ], [ 810.985514079166023, -757.679819824174047 ], [ 812.036178226044285, -756.341537361033261 ], [ 815.023273661876374, -751.709054443053901 ], [ 816.864195302727239, -747.555637557990849 ], [ 818.377184910938013, -741.783814026974142 ], [ 816.534646983944185, -740.911828079260886 ], [ 813.85081660650394, -739.030189246870577 ], [ 812.863919958643237, -735.22476087603718 ], [ 817.142555062097017, -731.885176312178373 ], [ 817.286164227187328, -732.041400188580155 ], [ 818.050935660417963, -732.303767851553857 ], [ 819.161004432331538, -732.494901972822845 ], [ 819.338611777789993, -730.532735882326961 ], [ 819.229765813424819, -730.325476543977857 ], [ 816.072696280223681, -726.629002914763987 ], [ 795.885318247092073, -742.257127006538212 ], [ 784.352734868250991, -751.471527675166726 ], [ 782.735568384561702, -752.666088998317719 ] ], [ [ 783.221610422990125, -765.525281597860157 ], [ 780.260196725088463, -764.842419242486358 ], [ 774.234688644239213, -763.982435809448361 ], [ 774.253523018074702, -765.574324272572994 ], [ 783.221610422990125, -765.525281597860157 ] ], [ [ 823.806305758551389, -770.084687681868672 ], [ 827.010374486146247, -771.116882092319429 ], [ 829.195381509620347, -772.155262752436101 ], [ 832.212581883226449, -774.05141703505069 ], [ 836.072855826078012, -776.785818595439196 ], [ 842.49302482847088, -781.125735926441848 ], [ 845.456561172986767, -782.879397082142532 ], [ 850.207562286926986, -785.163329648785293 ], [ 853.106531834257112, -786.12358236964792 ], [ 856.82082673331206, -787.200367324985564 ], [ 863.77256236321773, -788.381976870819926 ], [ 865.024460041020575, -788.357937176711857 ], [ 865.704128532184768, -787.928044656291604 ], [ 866.137706990059087, -787.40708886180073 ], [ 867.048518045143283, -785.01824392285198 ], [ 867.279022076667388, -782.997522354125977 ], [ 867.162531940020926, -782.00706276576966 ], [ 866.82361215984929, -781.206445531919599 ], [ 858.523842625214456, -777.227867431938648 ], [ 854.920089976447343, -775.713848345912993 ], [ 848.332515626925669, -773.171609168872237 ], [ 844.817952374474771, -772.103760686703026 ], [ 839.967420839609986, -770.92610489577055 ], [ 829.813183451598888, -769.946424887515604 ], [ 823.978599128100541, -769.72531527467072 ], [ 823.806305758551389, -770.084687681868672 ] ], [ [ 832.932307947132358, -739.035418061539531 ], [ 829.703650952491444, -735.321686734445393 ], [ 827.46407711068241, -735.199185571633279 ], [ 823.870925817080206, -738.381091564893723 ], [ 822.528254667689907, -739.248833963647485 ], [ 822.176062962380456, -742.322255379520357 ], [ 822.995400094481738, -742.318432158790529 ], [ 822.886673799903292, -745.392591279000044 ], [ 821.666209415516278, -745.313468671403825 ], [ 820.761982072128376, -748.400474510155618 ], [ 818.201787696607425, -753.84658021107316 ], [ 816.611765188315985, -756.172106587328017 ], [ 812.763925041155744, -761.479454115964472 ], [ 812.287654925703464, -763.245319317094982 ], [ 813.000787095879787, -765.064401200972497 ], [ 814.556123108677639, -765.795425374060869 ], [ 832.403960122752324, -766.329806523397565 ], [ 840.772003562238751, -767.167517340742052 ], [ 848.679565340655245, -769.440582082606852 ], [ 856.626452510083254, -772.310797687619925 ], [ 864.723569713434699, -775.603007919155061 ], [ 832.932307947132358, -739.035418061539531 ] ], [ [ 1004.491328701311431, -866.334870574995875 ], [ 1004.985064658576448, -865.002524317242205 ], [ 1004.982731753392727, -863.564229567535222 ], [ 1004.166691157024616, -861.674500070512295 ], [ 1002.810998446509984, -860.177043601870537 ], [ 994.988280594192474, -867.127514619380236 ], [ 996.084515454234861, -868.351869330741465 ], [ 996.474875680147306, -868.630029426887631 ], [ 998.415182819626352, -869.51848687697202 ], [ 1000.024794088507406, -869.618015457876027 ], [ 1000.972494218931388, -869.399346361868083 ], [ 1002.3159061892311, -868.537648215889931 ], [ 1003.566306877019088, -867.431375280022621 ], [ 1004.491328701311431, -866.334870574995875 ] ], [ [ 992.323758330512646, -864.151759448461235 ], [ 1000.134513723362033, -857.218675585463643 ], [ 999.222738981696239, -856.210850353352726 ], [ 991.444478981258726, -863.169633214361966 ], [ 992.323758330512646, -864.151759448461235 ] ], [ [ 760.583802389237462, -795.785643314942718 ], [ 767.066242790029719, -793.699353253468871 ], [ 766.896110950116054, -793.185408366844058 ], [ 756.704326375591336, -779.544738302007318 ], [ 755.161038881909917, -778.522061233408749 ], [ 753.506909518711836, -778.209895103238523 ], [ 749.265140295357924, -781.6115045780316 ], [ 749.124916764181762, -781.595815727487206 ], [ 719.78072854603306, -804.963118155486882 ], [ 719.785946488644186, -805.080557800829411 ], [ 724.88629559360561, -811.47932923771441 ], [ 718.783288171091044, -816.32388664316386 ], [ 718.751768272250047, -816.437094479799271 ], [ 724.876037868696585, -824.160537950694561 ], [ 724.989370785533538, -824.192012961022556 ], [ 749.060568702036107, -805.027172435075045 ], [ 750.423818405704878, -806.868905638344586 ], [ 750.535834449270624, -806.904248820617795 ], [ 762.35070845881819, -798.181146365590394 ], [ 762.36964560117849, -798.038648366928101 ], [ 760.583802389237462, -795.785643314942718 ] ], [ [ 907.861142134779584, -782.79954900033772 ], [ 908.761475470228106, -779.897898602299392 ], [ 905.447402503203193, -774.79636344127357 ], [ 922.453658839827767, -762.158458940684795 ], [ 932.201415232271756, -765.706642952747643 ], [ 935.596831478003878, -765.188121632672846 ], [ 989.2193299744049, -724.769184690900147 ], [ 989.252796904378556, -722.679307536222041 ], [ 985.303917194172755, -717.899599335156381 ], [ 983.36533570962456, -718.063026716001332 ], [ 978.787861237722609, -721.070330114103854 ], [ 963.718072213148844, -703.662675678730011 ], [ 963.728132514943354, -703.521563715301454 ], [ 956.253822627195404, -694.97446704749018 ], [ 944.582735164281985, -705.067924377508461 ], [ 943.734845731742098, -704.087123611010611 ], [ 943.620285348635662, -704.060428589582443 ], [ 931.719612259510541, -714.378208286128938 ], [ 930.954162142699715, -713.501492351293564 ], [ 930.813353853573062, -713.491725511848927 ], [ 918.814589028204864, -723.900242013856769 ], [ 917.860934893256854, -722.801381951197982 ], [ 917.719920067807834, -722.791400498710573 ], [ 905.67401043602149, -733.24395515024662 ], [ 904.981924900488593, -732.449718073010445 ], [ 904.841048842876262, -732.439881965517998 ], [ 892.755841510943355, -742.924557754769921 ], [ 891.989674817792547, -742.041263713501394 ], [ 891.848636603175692, -742.031267774291337 ], [ 878.771997583375196, -753.405362359248102 ], [ 882.989997573118671, -758.295829385519028 ], [ 881.744028927634645, -765.130160732194781 ], [ 899.257733973112408, -785.656742326915264 ], [ 903.310209640365429, -786.108237538486719 ], [ 907.861142134779584, -782.79954900033772 ] ], [ [ 570.516181653420063, -790.520305078476667 ], [ 570.849966231455255, -778.026559144258499 ], [ 558.344805172000633, -777.632277542725205 ], [ 558.242057805700824, -777.729389701969922 ], [ 558.019757723934163, -785.613640363328159 ], [ 516.85755828137917, -784.457158244214952 ], [ 516.785827607063766, -784.550233153626323 ], [ 516.70390527667405, -787.440484832972288 ], [ 511.742913798068912, -787.299934239126742 ], [ 511.645924760216076, -787.366282826289535 ], [ 511.349477876789024, -797.628749836236238 ], [ 511.446572320322957, -797.731514356099069 ], [ 516.407568635058851, -797.872065061703324 ], [ 516.315947190070801, -801.113118639215827 ], [ 516.413043999482397, -801.215869174338877 ], [ 543.170728481998594, -801.97341772262007 ], [ 543.081687353675079, -805.06843788921833 ], [ 543.178755313889269, -805.171237580478191 ], [ 553.305489404830951, -805.455831989645958 ], [ 553.377266456736834, -805.362852269783616 ], [ 553.434024371623309, -803.435167396441102 ], [ 570.037617492906065, -803.933359622955322 ], [ 570.140541640075753, -803.83625771664083 ], [ 570.516181653420063, -790.520305078476667 ] ], [ [ 929.307936878067267, -661.146364458836615 ], [ 920.863550696998573, -651.503451333381236 ], [ 920.748949140956029, -651.47743397206068 ], [ 897.108518380826354, -672.173674654215574 ], [ 895.863434587614393, -670.752262051217258 ], [ 895.722377668249464, -670.742926837876439 ], [ 871.793828159719851, -691.698637996800244 ], [ 870.67913099314319, -690.427098794840276 ], [ 870.538076293341874, -690.417814529500902 ], [ 845.402455662677312, -712.451314914040267 ], [ 845.413119689488667, -712.568307658657432 ], [ 855.120462540304288, -723.65944416821003 ], [ 854.067681907466977, -724.581821874715388 ], [ 854.058366466795633, -724.722885350696743 ], [ 869.190259484235867, -741.987747151404619 ], [ 869.307275368986666, -741.977071064524353 ], [ 878.999489343044843, -733.435091773979366 ], [ 862.692968929683047, -714.785274235531688 ], [ 878.574833101476543, -700.877617332153022 ], [ 879.569516059042144, -702.013619826175272 ], [ 879.710584911577826, -702.022970823571086 ], [ 903.623455479677432, -681.081592763774097 ], [ 904.891389783077102, -682.529046313837171 ], [ 905.032444952026708, -682.538380985148251 ], [ 929.298591043781926, -661.287426709197462 ], [ 929.307936878067267, -661.146364458836615 ] ], [ [ 557.851964812434744, -674.45575507171452 ], [ 559.690242045326158, -674.454491312615573 ], [ 559.785291766800583, -674.385276785120368 ], [ 559.740132762042776, -669.098738693632185 ], [ 548.010792677756399, -669.146932497620583 ], [ 548.0355790742924, -696.930063867941499 ], [ 540.63007918801668, -696.988223436288536 ], [ 540.664456724094634, -705.178628623485565 ], [ 547.80352064478393, -705.186823877505958 ], [ 547.805858281657493, -706.461905598640442 ], [ 547.905955102329244, -706.561688021756709 ], [ 553.745079385411373, -706.554768026806414 ], [ 553.84493745598229, -706.454551044851542 ], [ 553.84284700630451, -705.622862628661096 ], [ 558.094789085876982, -705.573651150800288 ], [ 558.092353576668756, -695.3178770551458 ], [ 558.453768846600724, -695.311524014919996 ], [ 558.522505782277221, -695.216419164091349 ], [ 558.505526787301278, -683.272808043286204 ], [ 558.405341034405865, -683.172984621487558 ], [ 557.865883712021969, -683.174172252416611 ], [ 557.851964812434744, -674.45575507171452 ] ] ], [ [ [ 1005.632299999946554, -1013.80668330937624 ], [ 998.895558933998473, -1005.210526851937175 ], [ 990.23416050884407, -992.738104367628694 ], [ 986.017897103996802, -984.110042813234031 ], [ 979.975911104176703, -974.616164426319301 ], [ 970.876629043224966, -964.347256075590849 ], [ 965.808732719528052, -955.314174173399806 ], [ 944.64728999199906, -916.478463634848595 ], [ 944.542446535908311, -916.183798125013709 ], [ 944.568859840112054, -915.708712581545115 ], [ 944.922788126086743, -915.202314389869571 ], [ 945.506775514590117, -915.000663472339511 ], [ 946.097758671667179, -915.180783626623452 ], [ 954.581530079569347, -921.11020188126713 ], [ 960.149102293220494, -923.577446999959648 ], [ 969.256786146110244, -927.255177921615541 ], [ 972.177205272562787, -928.697706611827016 ], [ 974.332830333454694, -930.271728147752583 ], [ 976.171603650871475, -932.714562805369496 ], [ 977.589331305471205, -935.237215401604772 ], [ 978.957652848399448, -939.385693611577153 ], [ 981.375327575009578, -945.491582103073597 ], [ 985.075762373400721, -951.430776626802981 ], [ 988.362307832163424, -957.635830590501428 ], [ 991.300665357312027, -961.841216155327857 ], [ 996.830772218310813, -968.790365505032241 ], [ 1000.824063671396289, -972.237244463525712 ], [ 1005.632299999962925, -975.416182775050402 ], [ 1005.632299999941097, -978.019536870531738 ], [ 1004.434320654414478, -977.013143200427294 ], [ 999.669414600715754, -973.87071265745908 ], [ 995.458435750240824, -970.246917031705379 ], [ 992.88597458332697, -967.120930741541088 ], [ 989.708371681472272, -963.050579939037561 ], [ 986.624274513449564, -958.62591890245676 ], [ 983.325462154856723, -952.397704856470227 ], [ 979.630928444501478, -946.472662372514606 ], [ 977.087202854083444, -940.092560892924666 ], [ 975.79619729793194, -936.126886208541691 ], [ 974.52078569609148, -933.844037062488496 ], [ 973.021187776350416, -931.788399363867939 ], [ 971.21187977320551, -930.450803170911968 ], [ 968.405118181046419, -929.064415147528052 ], [ 959.385435818512633, -925.425244679674506 ], [ 953.683110577132538, -922.898903168737888 ], [ 948.437068698089206, -919.254987045191228 ], [ 967.561375992050671, -954.352124571800232 ], [ 972.56468817696441, -963.269936646334827 ], [ 981.620656534127193, -973.47678688261658 ], [ 987.735084200930942, -983.084494168870151 ], [ 991.920322916836085, -991.661057432182133 ], [ 1000.487039284043931, -1004.000036942772567 ], [ 1005.632300000088435, -1010.565446808934212 ], [ 1005.632299999946554, -1013.80668330937624 ] ] ], [ [ [ 723.6058664846787, -703.080432997085154 ], [ 723.226271495597757, -703.436020909808576 ], [ 722.615785380805391, -703.530948548577726 ], [ 722.0660946730859, -703.248911883682013 ], [ 721.882972109448019, -702.995364867150784 ], [ 721.787268895819579, -702.659921998158097 ], [ 715.124771017419334, -701.116042707115412 ], [ 715.066454547608373, -692.959073156118393 ], [ 719.277774734968261, -691.135174599476159 ], [ 721.376205759353979, -688.897530633956194 ], [ 724.86830119588376, -668.12501719687134 ], [ 730.413437584169515, -645.675999999977648 ], [ 736.5616644603233, -645.675999999046326 ], [ 736.185832062315967, -646.988162200897932 ], [ 730.147776868840083, -671.522701746784151 ], [ 729.656363282236271, -674.555151477456093 ], [ 729.333132907007894, -677.318272106349468 ], [ 729.267607251184018, -680.886111855506897 ], [ 729.691396122037986, -684.316875259391963 ], [ 729.98808604084843, -685.314330013468862 ], [ 732.108909822074565, -691.137486167252064 ], [ 732.071745954443031, -691.298779184930027 ], [ 733.980417496208247, -696.283152051270008 ], [ 731.939114966025954, -705.033882865682244 ], [ 723.6058664846787, -703.080432997085154 ] ] ], [ [ [ 867.963018955959342, -645.675999999977648 ], [ 869.127973941649543, -646.98461751267314 ], [ 866.347502674709176, -649.463303092867136 ], [ 862.970738810150579, -645.675999999977648 ], [ 867.963018955959342, -645.675999999977648 ] ] ] ] } },
{ "type": "Feature", "properties": { }, "geometry": { "type": "MultiPolygon", "coordinates": [ [ [ [ 662.24201705305677, -1368.360622948035598 ], [ 662.517308120857706, -1368.189571173861623 ], [ 662.821380644883902, -1368.116360766813159 ], [ 663.422225899554178, -1368.260197984986007 ], [ 663.660183709926059, -1368.463165826164186 ], [ 663.896984933240674, -1369.033805242739618 ], [ 663.872648592707264, -1369.345618658699095 ], [ 663.554286426106046, -1369.867793818004429 ], [ 671.283404021070965, -1378.652974897064269 ], [ 669.252389431700067, -1380.39030397683382 ], [ 732.850855118438631, -1452.524336569942534 ], [ 743.633934255714848, -1464.914613973349333 ], [ 763.623484438365267, -1487.583287159912288 ], [ 767.771345359920815, -1492.657081111334264 ], [ 788.080308821548897, -1522.142511968500912 ], [ 809.79560703163952, -1554.082451154477894 ], [ 819.41619065116538, -1544.908438797108829 ], [ 819.973181375731656, -1544.641108766198158 ], [ 820.580928987268635, -1544.752225161530077 ], [ 820.829520207060341, -1544.942020391114056 ], [ 821.096850237807303, -1545.499011116102338 ], [ 821.089420922698991, -1545.811684476211667 ], [ 820.795938610730445, -1546.355349946767092 ], [ 810.934105272775923, -1555.759407782927155 ], [ 813.666776947120525, -1559.790273156017065 ], [ 812.788803120312878, -1560.254015197977424 ], [ 822.398350141233095, -1573.470849291421473 ], [ 841.003451499758739, -1601.492510995827615 ], [ 844.034070355995937, -1601.122021121904254 ], [ 844.359732259616067, -1601.135745161212981 ], [ 844.663667441760481, -1601.25350521504879 ], [ 844.913562437697692, -1601.462781384587288 ], [ 851.028397864725775, -1608.578864529728889 ], [ 864.445619879013975, -1629.596292098984122 ], [ 866.279983326054207, -1632.233226553536952 ], [ 958.280414424110859, -1557.327177409082651 ], [ 941.085327561420854, -1536.278709277510643 ], [ 936.039779334663763, -1528.177511581219733 ], [ 935.90518700535722, -1527.828270429745317 ], [ 932.997280025843793, -1511.805296517908573 ], [ 924.143616892217324, -1501.533843874000013 ], [ 918.65483662841325, -1494.920556853525341 ], [ 911.638027950270043, -1483.608387505635619 ], [ 906.31596718257606, -1474.733107194304466 ], [ 900.250446433707111, -1463.766193953342736 ], [ 896.083243727316585, -1456.554045895114541 ], [ 893.443952615249145, -1449.162825006991625 ], [ 889.631255168133066, -1437.717506414279342 ], [ 882.738929471612209, -1422.601333996281028 ], [ 873.417176418113741, -1399.239127007313073 ], [ 863.239352025113476, -1374.406934694387019 ], [ 861.155456894124654, -1366.568609978072345 ], [ 859.581097611171572, -1359.662334445863962 ], [ 859.127413388679997, -1355.747286453843117 ], [ 858.691393839428201, -1348.466595016419888 ], [ 857.254605429530784, -1340.070131140761077 ], [ 855.434475978385308, -1331.431941641494632 ], [ 854.036987061888794, -1326.26592562161386 ], [ 852.386746735999623, -1323.09184252936393 ], [ 845.802689216267026, -1312.924567375332117 ], [ 840.899957072786492, -1303.763141716830432 ], [ 838.666463114839644, -1300.258647700771689 ], [ 835.139297868669018, -1296.331210785545409 ], [ 829.860705826013145, -1290.92397109605372 ], [ 824.779308947945538, -1284.50655235722661 ], [ 821.930294927509749, -1279.589782949537039 ], [ 819.089428848528769, -1273.394690597429872 ], [ 817.165955332404337, -1268.379467973485589 ], [ 811.817983420090968, -1250.382257159799337 ], [ 805.685070890829593, -1234.515061479993165 ], [ 803.390123029947063, -1229.376380406320095 ], [ 800.4317748320791, -1225.047192696481943 ], [ 798.171045389972278, -1221.540511223487556 ], [ 794.26655010295508, -1216.660928933881223 ], [ 792.717000655708034, -1213.41393593326211 ], [ 790.432878257432094, -1204.144649399444461 ], [ 786.502280062424688, -1195.31797165889293 ], [ 783.397240939470066, -1186.872325979173183 ], [ 779.107111840396101, -1176.89110757317394 ], [ 770.064272959332811, -1158.016392095945776 ], [ 766.873516539484626, -1150.60021164175123 ], [ 764.268993781333847, -1145.675999999977648 ], [ 766.528613603641134, -1145.676000001840293 ], [ 768.694276148702556, -1149.773345944471657 ], [ 771.875643353680061, -1157.16985628940165 ], [ 780.919508614935694, -1176.046787106432021 ], [ 785.244658344770869, -1186.107455604709685 ], [ 788.366318258895262, -1194.594143614172935 ], [ 792.29986598548021, -1203.423809299245477 ], [ 794.628561949883078, -1212.819646247662604 ], [ 796.016249247664746, -1215.686794159002602 ], [ 799.822663900531552, -1220.412570271641016 ], [ 802.090076442473219, -1223.930288394913077 ], [ 805.178982683704817, -1228.478980315849185 ], [ 807.540704939750867, -1233.770389903336763 ], [ 813.696620738171987, -1249.697100198827684 ], [ 819.047125732313361, -1267.701217270456254 ], [ 820.920136242275476, -1272.590454245917499 ], [ 823.728014040070775, -1278.713608901016414 ], [ 826.392021070629198, -1283.322603194974363 ], [ 831.395740876010677, -1289.641921703703701 ], [ 836.58372821670855, -1294.948703457601368 ], [ 840.3082269657898, -1299.114686443470418 ], [ 842.645033922795847, -1302.786707694642246 ], [ 847.503595041433073, -1311.872936928644776 ], [ 854.090806271626207, -1322.04508216958493 ], [ 855.86070042170104, -1325.439491651952267 ], [ 857.385006623489971, -1330.992070779204369 ], [ 859.214898985332184, -1339.676594346761703 ], [ 860.671318399135998, -1348.183458005078137 ], [ 861.121526174512837, -1355.600619203411043 ], [ 861.542652667465518, -1359.271721385419369 ], [ 863.092250918094578, -1366.072216317988932 ], [ 865.154659645473657, -1373.829722525551915 ], [ 875.269289851479698, -1398.486165133304894 ], [ 884.586946613215332, -1421.838005402125418 ], [ 891.472405016816992, -1436.936319725587964 ], [ 895.337738278878533, -1448.52179014030844 ], [ 897.860268057303983, -1455.633252114988863 ], [ 901.995503802108942, -1462.790427810512483 ], [ 908.039638146365178, -1473.719933462329209 ], [ 913.34099680529107, -1482.560909521766007 ], [ 920.317253658395202, -1493.807703164406121 ], [ 925.663722596162188, -1500.235147622413933 ], [ 934.651674432754589, -1510.662393451668322 ], [ 942.76633347083407, -1518.128716515377164 ], [ 950.00111575119081, -1523.150201150216162 ], [ 969.985910040290037, -1532.1800457527861 ], [ 984.109165229832797, -1535.514745926484466 ], [ 984.785343039693544, -1535.745934195816517 ], [ 1005.632300000035684, -1518.757275838404894 ], [ 1005.632299999955649, -1553.054631577804685 ], [ 973.881604921447433, -1578.935656239278615 ], [ 974.212548370674995, -1580.590249670669436 ], [ 975.755368413732867, -1583.781497612595558 ], [ 983.952922746770128, -1594.427589393220842 ], [ 989.057126955756758, -1600.153134692460299 ], [ 991.242231229454774, -1601.483423955738544 ], [ 995.027046947800045, -1603.034667894244194 ], [ 1000.293834332042024, -1606.025005656294525 ], [ 1005.63229999993564, -1609.745525257661939 ], [ 1005.632299999930183, -1612.269520530477166 ], [ 1005.280643837711978, -1611.918901823461056 ], [ 999.191391183027008, -1607.693520746193826 ], [ 994.097151370222491, -1604.805741682648659 ], [ 990.270982040146919, -1603.232808471657336 ], [ 987.663866454895469, -1601.594755174592137 ], [ 982.390748770365462, -1595.675852500833571 ], [ 974.108259839256789, -1584.919456946663558 ], [ 972.357204078090945, -1581.345977067947388 ], [ 972.12904938111933, -1580.36688232049346 ], [ 892.01978034552485, -1645.675999999977648 ], [ 838.858900341716435, -1645.675999999977648 ], [ 837.911621097959141, -1644.01641964353621 ], [ 837.33315003192547, -1643.003089345060289 ], [ 838.858872067215998, -1645.675999999977648 ], [ 838.397026308448403, -1645.675999999977648 ], [ 836.988268730738127, -1643.205601731315255 ], [ 832.8963417570194, -1636.454508219845593 ], [ 830.186269030225958, -1633.567037787288427 ], [ 827.106693069616085, -1630.931411216035485 ], [ 823.691747461492923, -1628.954421792179346 ], [ 819.307174578456397, -1626.881319622509181 ], [ 818.429409247626609, -1631.168181986548007 ], [ 818.212701511740306, -1636.01167244464159 ], [ 818.045406023275063, -1645.675999999977648 ], [ 814.605926325692053, -1645.675999999977648 ], [ 814.546961579480922, -1642.572074664756656 ], [ 814.729201489712068, -1638.407150393351912 ], [ 810.01694086337011, -1637.965386804193258 ], [ 792.362417197165996, -1640.04966801404953 ], [ 779.826821049498903, -1644.92321065440774 ], [ 780.244683125605661, -1645.483039687387645 ], [ 779.907179859510507, -1645.675999999977648 ], [ 730.410105437131278, -1645.675999999977648 ], [ 731.82677220509504, -1644.902102421037853 ], [ 731.865792866910851, -1644.766218638047576 ], [ 730.931997835499715, -1643.080150580964983 ], [ 738.425038814943036, -1638.762383000925183 ], [ 738.851055641271159, -1639.309840549714863 ], [ 739.552455584749623, -1639.758496552705765 ], [ 740.398132233336582, -1639.95236813928932 ], [ 741.257991798382136, -1639.846741775982082 ], [ 742.029914937957074, -1639.452069054357708 ], [ 742.620224297361347, -1638.817736698314548 ], [ 742.965997832874564, -1637.986396890133619 ], [ 742.997117162589348, -1637.115387587808073 ], [ 742.691562354822963, -1636.288754840381444 ], [ 748.647726517881893, -1632.835116476751864 ], [ 749.312361328162297, -1633.501993027515709 ], [ 750.252533157286962, -1633.921523078344762 ], [ 751.288613493123194, -1633.950496142730117 ], [ 752.195314441116352, -1633.620532865636051 ], [ 752.904610834491905, -1632.993421077728271 ], [ 753.395996721103074, -1632.075862528756261 ], [ 753.49061157511278, -1631.079438775777817 ], [ 753.230955709826958, -1630.183845579624176 ], [ 760.74888732538966, -1625.821847000159323 ], [ 761.376484229745984, -1626.457265116274357 ], [ 762.325909109713393, -1626.86672334279865 ], [ 763.351992778674685, -1626.895249245688319 ], [ 764.258126362670737, -1626.565777292475104 ], [ 764.978404364941525, -1625.937828678637743 ], [ 765.448041013843977, -1625.058249855414033 ], [ 765.553990892234651, -1624.024191902019083 ], [ 765.321163256219734, -1623.180426489561796 ], [ 773.847425174622913, -1618.215589628554881 ], [ 769.604869853643322, -1610.815517463721335 ], [ 772.633714556988707, -1609.227436432614923 ], [ 772.675507956526417, -1609.09187557734549 ], [ 765.333484325747122, -1595.319551277905703 ], [ 765.198533957342079, -1595.278210434131324 ], [ 759.677981694554546, -1598.197982233017683 ], [ 756.510169707871682, -1592.307745435275137 ], [ 756.382582450891277, -1592.264325308613479 ], [ 754.313056712646357, -1587.514219833537936 ], [ 754.36416231885778, -1587.381340002641082 ], [ 751.922037835205629, -1584.457135893404484 ], [ 751.808046051546626, -1584.428585314191878 ], [ 745.857583274764693, -1589.404058670625091 ], [ 745.845546705944798, -1589.54540566727519 ], [ 727.718083918200136, -1604.934848269447684 ], [ 727.57222860566435, -1604.927833687514067 ], [ 708.536734609206178, -1623.416095433756709 ], [ 708.550807186880775, -1623.530581882223487 ], [ 727.583031479229248, -1644.488504064269364 ], [ 725.284024245225737, -1645.675999999977648 ], [ 722.467601580530754, -1645.675999999046326 ], [ 721.716092056738489, -1644.829207739792764 ], [ 720.722113073146829, -1645.675999999977648 ], [ 719.854331542936052, -1645.675999999977648 ], [ 710.979761476191925, -1635.747771015390754 ], [ 702.135495660881134, -1643.660739276558161 ], [ 703.916627301809058, -1645.675999999977648 ], [ 685.091468688260647, -1645.675999999977648 ], [ 647.161161399906632, -1602.816518871113658 ], [ 641.178845884594921, -1595.265638498589396 ], [ 641.065661094491588, -1595.23401471413672 ], [ 640.721291723177274, -1595.500629647634923 ], [ 602.684599718742902, -1552.28978235181421 ], [ 598.442690319909161, -1547.797165528871119 ], [ 594.701910881747608, -1543.08546762727201 ], [ 594.799535271949935, -1542.973116697743535 ], [ 594.776590421059154, -1542.885297146625817 ], [ 585.879158684812865, -1532.878899128176272 ], [ 585.764365963801538, -1532.853749012574553 ], [ 585.635239914166959, -1532.962013382464647 ], [ 585.294085202349379, -1532.581955645233393 ], [ 585.302036436347407, -1532.440451234579086 ], [ 582.758972820241979, -1529.608884882181883 ], [ 582.617647404305899, -1529.601446961984038 ], [ 579.242783414345467, -1525.890410322695971 ], [ 579.253675415920952, -1525.754563983529806 ], [ 574.977321525451771, -1520.443869712762535 ], [ 574.830804972261831, -1520.433512598276138 ], [ 570.577480277668656, -1515.907741103321314 ], [ 564.432654684369481, -1507.261355468071997 ], [ 564.293260187419946, -1507.23778139706701 ], [ 563.186607804596861, -1508.02428169734776 ], [ 558.393978533853442, -1502.606785718351603 ], [ 558.503118625532807, -1502.527133741416037 ], [ 558.493001015927803, -1502.418605969287455 ], [ 552.748550299282215, -1495.187385467812419 ], [ 539.555402550193321, -1503.094544897787273 ], [ 539.508016329518796, -1503.194228133186698 ], [ 539.59711764561871, -1503.319643809460104 ], [ 526.781420684656041, -1510.988837286829948 ], [ 524.436785460406099, -1510.163460751064122 ], [ 516.035417189819782, -1514.990985285490751 ], [ 511.34814031975111, -1519.334258035756648 ], [ 505.632299999933821, -1522.713311893865466 ], [ 505.632299999922907, -1507.222884603776038 ], [ 509.043596258645266, -1505.312006864696741 ], [ 541.325949206533551, -1486.723222570493817 ], [ 541.85288937309997, -1483.444630088284612 ], [ 505.63230000002477, -1441.328151098452508 ], [ 505.63230000006115, -1410.381742669269443 ], [ 509.356264571444626, -1407.163522076793015 ], [ 511.585204546570822, -1409.724865982308984 ], [ 518.741974125712659, -1406.055452861823142 ], [ 516.603828080053063, -1401.912129432894289 ], [ 579.378813596400505, -1369.510675656609237 ], [ 581.396322647064153, -1373.42045184224844 ], [ 582.770535204595944, -1371.71377538703382 ], [ 580.647134798637126, -1367.688188447616994 ], [ 590.263294699025209, -1362.614819292910397 ], [ 592.387693727268925, -1366.640450933948159 ], [ 594.167482181635933, -1364.993948366492987 ], [ 591.166621397149356, -1361.435434674844146 ], [ 601.489497960228618, -1352.733281137421727 ], [ 608.862311186241641, -1361.478683289140463 ], [ 597.507410928466925, -1371.664666908793151 ], [ 587.918614737711323, -1376.663210346363485 ], [ 587.025190528773237, -1378.873715011402965 ], [ 528.763983808677949, -1408.640259956941009 ], [ 521.481440634865066, -1411.363427815027535 ], [ 515.110799886298992, -1414.370555688627064 ], [ 509.698896898433304, -1419.052651353180408 ], [ 508.006062121003197, -1421.886822075583041 ], [ 506.087493583116157, -1423.190894647501409 ], [ 532.452922877180754, -1453.336559306830168 ], [ 540.92774100614588, -1461.919126729480922 ], [ 557.022092901153883, -1479.905558910220861 ], [ 578.640176127411905, -1467.719154369086027 ], [ 610.46714633191732, -1448.349497995339334 ], [ 626.843275863559029, -1438.165028042159975 ], [ 644.842593499040959, -1427.933104139752686 ], [ 647.922993743437473, -1425.509244912303984 ], [ 648.947498855379308, -1422.963381117209792 ], [ 649.203705865164011, -1418.131663367152214 ], [ 647.422360151475004, -1413.43893257342279 ], [ 632.331592256188742, -1393.038785876706243 ], [ 627.849588299603056, -1387.247579982504249 ], [ 630.918248727608443, -1385.421588439494371 ], [ 646.27646691071277, -1405.502484004944563 ], [ 653.642326767721897, -1417.109454346820712 ], [ 653.649436693713142, -1424.554662191309035 ], [ 652.409427566131853, -1427.891409670002759 ], [ 649.569778273611519, -1431.196612336672843 ], [ 651.340488373400149, -1434.337848518975079 ], [ 638.507403056166368, -1441.598816689103842 ], [ 642.475397072703345, -1448.498725552111864 ], [ 634.846311312030593, -1452.99165890365839 ], [ 634.84358115491159, -1453.11707928404212 ], [ 637.544479833040896, -1456.622196296229959 ], [ 618.173561639334366, -1467.776831022463739 ], [ 618.41706210700977, -1470.609578995034099 ], [ 618.058064059076059, -1477.067768746055663 ], [ 616.186868754941315, -1481.987333742901683 ], [ 613.765739581682283, -1484.660834676586092 ], [ 617.86348301732869, -1492.59926884341985 ], [ 612.980808739766871, -1497.284028650261462 ], [ 613.07953638352592, -1498.879490818828344 ], [ 609.576392882312575, -1500.463896861299872 ], [ 587.52498439521878, -1512.695955546572804 ], [ 590.327127020173066, -1515.373004554770887 ], [ 595.039359888191029, -1521.043408492580056 ], [ 595.028472231024352, -1521.18663580622524 ], [ 604.99231744865574, -1532.42952807340771 ], [ 605.173712563266236, -1532.402355628088117 ], [ 621.688565036476575, -1552.085701717063785 ], [ 621.677158678103297, -1552.22761835064739 ], [ 630.286960800476663, -1562.199132729321718 ], [ 630.432081622720943, -1562.205919541418552 ], [ 640.980802039826813, -1573.065746264532208 ], [ 659.690791627997896, -1558.132511686533689 ], [ 663.37499256875526, -1561.000124895013869 ], [ 674.682972326201707, -1551.795689594000578 ], [ 685.026000458339695, -1542.26289327070117 ], [ 682.423598567398585, -1539.415663384832442 ], [ 708.11293664380355, -1518.091297458857298 ], [ 707.738758342815345, -1510.351484257727861 ], [ 726.083527713091826, -1496.826845731586218 ], [ 730.031545379164527, -1501.670552947558463 ], [ 733.130698419383407, -1499.286607697606087 ], [ 721.903552520849189, -1484.956244916655123 ], [ 722.384509254628938, -1484.612743095494807 ], [ 720.78396721676836, -1482.671303304843605 ], [ 716.988121060308913, -1485.832946185022593 ], [ 711.785469591422952, -1479.717645852826536 ], [ 711.215311128795292, -1479.932604725472629 ], [ 710.90438847781661, -1479.898738108575344 ], [ 710.38751341761963, -1479.560294231399894 ], [ 710.168285027488309, -1478.982675848528743 ], [ 710.202151648067229, -1478.671753196045756 ], [ 710.496902002154457, -1478.203037802129984 ], [ 707.530943066840337, -1474.716790496371686 ], [ 711.003880055633999, -1472.101824306882918 ], [ 683.262181401056296, -1439.018317709676921 ], [ 670.937247388123069, -1424.882253245450556 ], [ 661.650164854258037, -1414.063898004591465 ], [ 649.218884446714583, -1399.900460252538323 ], [ 614.381128687791715, -1360.973264031112194 ], [ 614.214483733352608, -1361.01668939832598 ], [ 612.002042451547823, -1358.504206201992929 ], [ 611.469311441927857, -1358.855618583038449 ], [ 607.448893818722354, -1354.332884448580444 ], [ 607.927167910745993, -1353.87671443913132 ], [ 601.301667333013029, -1346.352691538631916 ], [ 576.326496543952089, -1369.361100452952087 ], [ 561.809506268276891, -1357.67433188483119 ], [ 556.660901883667975, -1361.816845696419477 ], [ 546.357041939378178, -1349.898304740898311 ], [ 539.083088556844814, -1355.381669663824141 ], [ 534.573924462125433, -1359.143524560146034 ], [ 531.656117420849114, -1355.629753855988383 ], [ 528.54782769751364, -1352.424925142899156 ], [ 541.788425582375567, -1342.699498088099062 ], [ 535.058653405383666, -1333.462167996913195 ], [ 539.655917298763598, -1328.35452832095325 ], [ 540.172733960651385, -1321.052839977666736 ], [ 536.369228969231699, -1317.720586538314819 ], [ 530.024312096431458, -1321.539397732354701 ], [ 525.217529502026082, -1315.744770187884569 ], [ 549.097169862357987, -1299.560563174076378 ], [ 549.100997140445543, -1299.443077128380537 ], [ 542.769314818284329, -1290.141156123951077 ], [ 510.392348414405205, -1312.044567274861038 ], [ 510.388502983380022, -1312.162007059901953 ], [ 516.649800170696835, -1321.403088673949242 ], [ 511.261803649038484, -1323.337362727150321 ], [ 508.769421035842242, -1320.933796958066523 ], [ 505.632299999961106, -1318.07433376275003 ], [ 505.632299999955649, -1269.990011419169605 ], [ 507.058118499873672, -1269.196245826780796 ], [ 507.107598752067133, -1269.089704252779484 ], [ 505.632300000022951, -1266.434743896126747 ], [ 505.632299999959287, -1254.170970395207405 ], [ 508.741220293386505, -1259.814226448535919 ], [ 513.555280868366026, -1269.38876555301249 ], [ 516.030122732199743, -1271.329697174951434 ], [ 518.731080030922385, -1271.57162281870842 ], [ 519.561707924158327, -1270.227879533544183 ], [ 522.30799176489927, -1265.207374644465744 ], [ 523.041186771135472, -1260.897326121106744 ], [ 522.754566482168229, -1256.791813403367996 ], [ 520.373131670656221, -1252.092245853506029 ], [ 518.540906047732278, -1248.231701421551406 ], [ 505.632300000001123, -1233.544562868773937 ], [ 505.632300000088435, -1200.329026343300939 ], [ 511.961382531468189, -1207.609552036039531 ], [ 521.933209663795424, -1198.377961740829051 ], [ 505.632299999959287, -1180.145033937878907 ], [ 505.632300000013856, -1145.675999999977648 ], [ 584.788997295883746, -1145.675999999046326 ], [ 527.370892226863361, -1196.630944858305156 ], [ 527.366327194500627, -1196.776274942792952 ], [ 523.753968493216234, -1200.370430814102292 ], [ 523.279273242660565, -1199.856443922035396 ], [ 513.335036637559824, -1209.119948195293546 ], [ 521.87578517628026, -1218.507368505932391 ], [ 546.407163738325835, -1246.122372510842979 ], [ 547.858078501571072, -1247.017834961414337 ], [ 552.632558532433904, -1247.211441539227962 ], [ 603.967767413738329, -1214.525299405679107 ], [ 617.68436501868382, -1204.962322236038744 ], [ 623.207193681173521, -1199.366586335003376 ], [ 626.655767237289183, -1188.80978983361274 ], [ 626.721423247185157, -1187.145746484398842 ], [ 624.257298521659322, -1173.469838181510568 ], [ 616.048176568396229, -1145.675999999977648 ], [ 626.095301288467454, -1145.675999999977648 ], [ 632.202305219827394, -1165.635620792396367 ], [ 648.767521558051158, -1201.770036071538925 ], [ 563.477859815337069, -1257.092854836024344 ], [ 594.614943801849222, -1292.460309180431068 ], [ 629.235197932262963, -1330.648357014171779 ], [ 662.24201705305677, -1368.360622948035598 ] ], [ [ 733.625498009641888, -1498.906489056535065 ], [ 733.612958603182051, -1498.890342144295573 ], [ 733.336440657511048, -1499.128550858236849 ], [ 733.625498009641888, -1498.906489056535065 ] ], [ [ 833.734142869081552, -1607.41188473533839 ], [ 839.206197288225667, -1602.400130927562714 ], [ 820.744516583687073, -1574.594479174353182 ], [ 811.002749878618488, -1561.197337253950536 ], [ 810.618598945731719, -1561.400216756388545 ], [ 810.690036665870139, -1561.496487897820771 ], [ 809.707628639878749, -1562.702350689098239 ], [ 809.091624240478268, -1563.593495502136648 ], [ 808.729927294958543, -1564.707120707258582 ], [ 808.664526437290988, -1566.499014125205576 ], [ 826.216954134302796, -1595.14405563287437 ], [ 833.32496066204294, -1606.493501567281783 ], [ 833.213349453144474, -1606.5619653230533 ], [ 833.734142869081552, -1607.41188473533839 ] ], [ [ 778.585831534373938, -1643.260583779774606 ], [ 792.001369849933326, -1638.079115068539977 ], [ 809.88769727854924, -1635.967446918599308 ], [ 814.81670740518166, -1636.407283782027662 ], [ 815.126330632210738, -1629.399331116117537 ], [ 814.423110923038621, -1625.691510091535747 ], [ 806.264239524542063, -1625.599263002164662 ], [ 805.275235141154553, -1625.736557391472161 ], [ 802.191112145637817, -1626.742722841911018 ], [ 791.345240607992309, -1631.219309984706342 ], [ 784.451291362263873, -1637.759357183240354 ], [ 779.13933998324319, -1642.182349747978151 ], [ 778.063512334500047, -1642.560795124620199 ], [ 778.585831534373938, -1643.260583779774606 ] ], [ [ 864.726576093507902, -1633.497348841279745 ], [ 862.770747715392645, -1630.688289972022176 ], [ 849.465652295251857, -1609.827921803109348 ], [ 843.74577148494609, -1603.171463460661471 ], [ 840.951154457730809, -1603.513102368451655 ], [ 834.789430670582078, -1609.132619865238667 ], [ 835.083919754217277, -1609.612393768504262 ], [ 835.249932962669845, -1609.510353083722293 ], [ 854.91734227645793, -1641.480348720215261 ], [ 864.726576093507902, -1633.497348841279745 ] ], [ [ 935.447845994009185, -1514.111806756816804 ], [ 937.83834926959571, -1527.283814044669271 ], [ 942.67445362624494, -1535.063764166086912 ], [ 959.830847285960772, -1556.064868126064539 ], [ 982.899803979513308, -1537.28350006788969 ], [ 969.250611525390923, -1534.041739106178284 ], [ 949.094586376737425, -1524.934526310302317 ], [ 941.569978263703888, -1519.732056645676494 ], [ 935.447845994009185, -1514.111806756816804 ] ], [ [ 722.320141564405276, -1481.391642951406538 ], [ 724.023466577371437, -1483.457757809199393 ], [ 724.549961514308961, -1483.09164838027209 ], [ 727.002538731647292, -1486.92352607101202 ], [ 735.232284612980948, -1496.859051004052162 ], [ 735.614548853041924, -1496.183580574579537 ], [ 735.74225000473416, -1493.32941609621048 ], [ 735.186116965189285, -1491.557386205531657 ], [ 724.605850508756703, -1479.487387844361365 ], [ 722.320141564405276, -1481.391642951406538 ] ], [ [ 619.407800733437398, -1360.926488885655999 ], [ 619.154079682213705, -1360.908272908069193 ], [ 618.937797338490782, -1361.166371895000339 ], [ 662.070808920227137, -1410.501866579055786 ], [ 675.0985412644186, -1425.303592374548316 ], [ 678.732589807263139, -1429.334627757780254 ], [ 713.245132827340058, -1469.809156575240195 ], [ 713.68716478825263, -1470.081859304569662 ], [ 716.051336463577172, -1468.302547439001501 ], [ 628.391331976270521, -1368.273339820094407 ], [ 619.407800733437398, -1360.926488885655999 ] ], [ [ 792.740964290574993, -1599.883768799714744 ], [ 791.441268810509428, -1595.561291106976569 ], [ 781.003498892861899, -1578.640280024148524 ], [ 768.707884869501868, -1559.127697792835534 ], [ 759.38610546468044, -1541.80952425673604 ], [ 746.005613378882117, -1515.904235617257655 ], [ 743.861669065043316, -1512.606208401732147 ], [ 736.92915956991601, -1504.14503354113549 ], [ 733.715419282572839, -1506.759610692970455 ], [ 742.405331028989167, -1518.765043552033603 ], [ 757.373111806136876, -1549.674590059556067 ], [ 768.501010643838526, -1568.224328550510108 ], [ 787.559834573465196, -1600.333582792431116 ], [ 792.339080096868202, -1600.018068456090987 ], [ 792.740964290574993, -1599.883768799714744 ] ], [ [ 739.086832375245649, -1502.527740683406591 ], [ 739.509859285910352, -1502.2948560398072 ], [ 739.902016812051443, -1502.252362542785704 ], [ 748.147855494198666, -1512.978099429048598 ], [ 762.695638974186295, -1540.526659929193556 ], [ 766.796397999543842, -1549.515918611548841 ], [ 788.959589339618105, -1585.330410926602781 ], [ 793.414992517082283, -1591.313552497886121 ], [ 798.195305221644958, -1596.520712101832032 ], [ 799.254483225762669, -1597.114144589751959 ], [ 799.701168096027686, -1596.898214727640152 ], [ 799.478736748913434, -1594.29772777017206 ], [ 799.114094642658529, -1592.433519565500319 ], [ 797.44200561865182, -1587.749178152531385 ], [ 794.988695825188188, -1583.403630776330829 ], [ 787.471859879255135, -1571.288918099366128 ], [ 786.537233590868709, -1570.74274721276015 ], [ 786.444880668092082, -1569.633759173564613 ], [ 779.500702843695763, -1558.384485497139394 ], [ 772.467920095063164, -1546.020312134176493 ], [ 762.806743734123302, -1528.694765673018992 ], [ 752.674120348790893, -1513.731883296743035 ], [ 744.667716311738332, -1503.313053702935576 ], [ 743.326672319948557, -1502.511565723456442 ], [ 741.227676263593821, -1502.100444034673274 ], [ 739.526477093259018, -1502.236468215472996 ], [ 739.086832375245649, -1502.527740683406591 ] ], [ [ 611.143765502014503, -1463.419649106450379 ], [ 610.112734206406458, -1462.532966698519886 ], [ 598.431210916138298, -1469.104972152039409 ], [ 600.096514099492197, -1471.470986041240394 ], [ 594.364487841248774, -1474.786870265379548 ], [ 592.791164271815433, -1472.825234614312649 ], [ 592.316120033543484, -1472.483769909478724 ], [ 590.617553462339856, -1473.768666551448405 ], [ 597.80854757353336, -1484.587299508973956 ], [ 599.773558980898088, -1485.845986834727228 ], [ 603.718705028237309, -1486.012493749149144 ], [ 608.15714627237503, -1484.099691570736468 ], [ 612.29904925700248, -1480.092254757881165 ], [ 613.974400621344103, -1475.524163886904716 ], [ 614.151474685440917, -1471.11918830871582 ], [ 611.143765502014503, -1463.419649106450379 ] ], [ [ 558.277102048130473, -1306.122248780913651 ], [ 546.027295068170133, -1316.829569882713258 ], [ 546.001186592649901, -1316.944157192483544 ], [ 581.248569439347193, -1357.259356033988297 ], [ 581.363172947505518, -1357.285445908084512 ], [ 593.625375975252609, -1346.562842797487974 ], [ 593.651456705525561, -1346.448288752697408 ], [ 583.356913212875952, -1334.663826206699014 ], [ 584.703110826874763, -1333.487357469275594 ], [ 584.729261742717426, -1333.372823156416416 ], [ 580.631012392752382, -1328.670772806741297 ], [ 580.489862907670613, -1328.661294310353696 ], [ 579.141483125700688, -1329.841567735187709 ], [ 558.418157622803847, -1306.131728745996952 ], [ 558.277102048130473, -1306.122248780913651 ] ], [ [ 663.041539992673279, -1566.883635276928544 ], [ 660.765956213750542, -1564.157097624614835 ], [ 660.65208093997353, -1564.128336376510561 ], [ 656.94029221483288, -1567.213486237451434 ], [ 656.378070265285714, -1566.523339927196503 ], [ 656.237189640378347, -1566.509169802069664 ], [ 642.772223066540391, -1577.570611310191453 ], [ 656.456368790784836, -1592.028744490817189 ], [ 660.847198978804954, -1588.484867475926876 ], [ 661.923206039391516, -1589.780377918854356 ], [ 662.036805088904657, -1589.80949283670634 ], [ 664.931238293107526, -1587.430313426069915 ], [ 664.945123008867085, -1587.289983494207263 ], [ 663.423854428157938, -1585.425027750432491 ], [ 667.234460402853074, -1582.266483338549733 ], [ 664.830164332372078, -1579.273766107857227 ], [ 666.004548198123302, -1578.25761086307466 ], [ 664.222734815941294, -1576.063671982847154 ], [ 667.961856278774576, -1572.935810281895101 ], [ 667.990494781250163, -1572.82191719673574 ], [ 663.041539992673279, -1566.883635276928544 ] ], [ [ 749.668078813399916, -1556.56989458296448 ], [ 752.411551659579345, -1554.244057181291282 ], [ 752.423147253841307, -1554.103147410787642 ], [ 721.315458854021927, -1517.453081171959639 ], [ 697.459013447763937, -1537.656465759500861 ], [ 721.096372141615575, -1565.590038324706256 ], [ 721.237266355623433, -1565.601619503460824 ], [ 724.29595597783009, -1563.007700663991272 ], [ 741.26662438439962, -1582.989418679848313 ], [ 759.168357695605664, -1567.836102705448866 ], [ 749.668078813399916, -1556.56989458296448 ] ], [ [ 685.033774077259295, -1566.472031470388174 ], [ 673.898222340225402, -1553.393512747250497 ], [ 664.151027382205939, -1561.65608334261924 ], [ 683.168210260819251, -1584.09216845780611 ], [ 680.568217898715375, -1586.357629857957363 ], [ 686.082721886568834, -1592.868390238843858 ], [ 685.261963043632932, -1593.568005650304258 ], [ 685.25066503220296, -1593.708850797265768 ], [ 688.531338337168563, -1597.558354103006423 ], [ 688.64852625021922, -1597.549353532493114 ], [ 689.902897477428269, -1596.481885305605829 ], [ 691.833470470375687, -1598.75036982819438 ], [ 690.693935816270823, -1599.7752221878618 ], [ 692.361989176268253, -1601.764928915537894 ], [ 692.107532621921564, -1601.981412367895246 ], [ 690.376504347947048, -1599.946866177022457 ], [ 689.433985629853851, -1599.411025841720402 ], [ 688.442260536938193, -1599.196542406454682 ], [ 687.436786175450834, -1599.333570171147585 ], [ 686.538441514298029, -1599.807026572525501 ], [ 685.874687576500946, -1600.529823028482497 ], [ 685.479271959075049, -1601.464795736595988 ], [ 685.427872732167089, -1602.478402863256633 ], [ 685.805317844104138, -1603.780617124401033 ], [ 687.556075009475535, -1605.852700020186603 ], [ 686.279890431120293, -1606.938228148035705 ], [ 686.252229761856142, -1607.052449925802648 ], [ 697.359855830398374, -1620.036691787652671 ], [ 725.021599312825856, -1596.522388190031052 ], [ 725.012609536908712, -1596.405217379331589 ], [ 713.253824325503956, -1582.588557725772262 ], [ 725.793312846035406, -1571.868055855855346 ], [ 715.843133950735137, -1560.139419638551772 ], [ 715.70221513073011, -1560.128039908595383 ], [ 702.018200962233095, -1571.774477592669427 ], [ 702.027190348202566, -1571.891652611084282 ], [ 710.463198914882014, -1581.808162670582533 ], [ 703.277510440471815, -1587.92158673144877 ], [ 685.033774077259295, -1566.472031470388174 ] ] ], [ [ [ 1005.632299999924726, -1393.538721936754882 ], [ 1002.989145081790411, -1389.703811523504555 ], [ 997.50989006177042, -1382.203892837278545 ], [ 989.669525107174195, -1372.412897403351963 ], [ 987.58732227413384, -1370.083266139961779 ], [ 984.686139199722675, -1367.092581757344306 ], [ 977.283133708453533, -1359.737741727381945 ], [ 966.144118163574603, -1349.107702855952084 ], [ 960.271077483019326, -1343.766594422981143 ], [ 953.932923426285925, -1338.197539704851806 ], [ 950.092060873723312, -1334.671487860381603 ], [ 944.135791687585879, -1328.976425535045564 ], [ 935.00776974159271, -1320.053424937650561 ], [ 931.248160160434054, -1316.209797529503703 ], [ 925.481424360632445, -1317.013778214342892 ], [ 921.140734061804324, -1312.693756128661335 ], [ 921.034239406470078, -1312.32305097207427 ], [ 923.081170538478545, -1306.316129853017628 ], [ 921.40708566363719, -1303.855660670436919 ], [ 916.803232900272633, -1296.314856361597776 ], [ 916.00557031542121, -1294.864237795583904 ], [ 910.006965478753045, -1282.86914440151304 ], [ 905.701060487997893, -1273.723608016967773 ], [ 903.622115846619636, -1269.017561350949109 ], [ 888.736948716568804, -1233.376592018641531 ], [ 886.540269417750096, -1228.305040839128196 ], [ 883.174636262046988, -1220.91169720608741 ], [ 881.650579759665561, -1217.759481635876 ], [ 880.154418153719234, -1218.34496854711324 ], [ 878.398849207662352, -1214.664054093882442 ], [ 879.751869744901342, -1213.923064780421555 ], [ 876.613745694385216, -1207.684652303345501 ], [ 875.766818107400468, -1206.149775486439466 ], [ 871.015686088396251, -1198.188108742237091 ], [ 869.070620392527417, -1195.231196868233383 ], [ 867.385105531573572, -1192.847266649827361 ], [ 864.419544813727043, -1188.947105873376131 ], [ 862.378342285001054, -1186.50623441580683 ], [ 853.571685452729071, -1176.931173521094024 ], [ 847.795249433256686, -1170.839890997856855 ], [ 842.378303755627712, -1165.302045870572329 ], [ 836.015501038631555, -1159.031427357345819 ], [ 830.916416844178457, -1153.657902623526752 ], [ 823.573070530335826, -1145.675999999977648 ], [ 829.069352734113636, -1145.675999999977648 ], [ 835.907194083449212, -1153.15472396556288 ], [ 840.068354526838448, -1157.461610735394061 ], [ 844.249510339173867, -1161.545244881883264 ], [ 850.637451577136744, -1168.059147235937417 ], [ 856.216385528876344, -1173.957472139969468 ], [ 864.109207111394426, -1182.509000509046018 ], [ 867.108067429693619, -1186.000381699763238 ], [ 869.209942440196755, -1188.673118317499757 ], [ 871.446334842203214, -1191.694098353385925 ], [ 873.745155624057588, -1195.124638770706952 ], [ 878.599413285721312, -1203.136449529789388 ], [ 880.378442665998591, -1206.360112648457289 ], [ 885.293502787995749, -1216.07025758177042 ], [ 886.612226519722753, -1218.869059987366199 ], [ 890.455165115650743, -1227.35846530366689 ], [ 892.923218308427749, -1233.096588250249624 ], [ 905.333138125179175, -1262.712924984283745 ], [ 909.185797527978139, -1271.72310664691031 ], [ 913.311858996670708, -1280.549392039887607 ], [ 919.421697012101504, -1292.831647630780935 ], [ 920.416881793191351, -1294.631327250041068 ], [ 924.379919547913232, -1301.129794292151928 ], [ 925.587342628576152, -1302.971991607919335 ], [ 927.365509079209005, -1305.365070311352611 ], [ 930.244038539314715, -1308.862074470147491 ], [ 935.194391143601024, -1314.518133834004402 ], [ 938.166644518189059, -1317.553025125525892 ], [ 946.216352171792096, -1325.483159127645195 ], [ 957.029566315022748, -1335.634316151961684 ], [ 967.977719576638265, -1345.386244429275393 ], [ 975.119264193472191, -1352.098972173407674 ], [ 986.636360174548827, -1363.381344543769956 ], [ 991.286880005756757, -1368.246477884240448 ], [ 993.122764977539191, -1370.355950976721942 ], [ 998.566655645938226, -1377.147823530249298 ], [ 1000.394379392462724, -1379.46206618193537 ], [ 1004.346718998764118, -1384.768271432258189 ], [ 1005.632299999952011, -1386.610181448049843 ], [ 1005.632299999924726, -1393.538721936754882 ] ] ], [ [ [ 560.238776983274875, -1631.308902634307742 ], [ 560.402607528643784, -1630.90951675362885 ], [ 560.904746930797046, -1630.549572238698602 ], [ 561.52255631845037, -1630.553521142341197 ], [ 561.998947077603589, -1630.898477147333324 ], [ 566.785995952575831, -1629.785555319860578 ], [ 567.930276951663473, -1632.889065202325583 ], [ 566.625967542733633, -1633.286438113078475 ], [ 566.55942983980276, -1633.411049449816346 ], [ 570.27859802220155, -1645.675999999977648 ], [ 560.06030260818261, -1645.675999999977648 ], [ 555.804291283127895, -1632.346217616461217 ], [ 560.238776983274875, -1631.308902634307742 ] ] ], [ [ [ 505.632300000059331, -1490.820187141187489 ], [ 507.580453944516194, -1493.798024057410657 ], [ 505.632299999992028, -1495.182375657372177 ], [ 505.632300000059331, -1490.820187141187489 ] ] ] ] } },
{ "type": "Feature", "properties": { }, "geometry": { "type": "MultiPolygon", "coordinates": [ [ [ [ 892.01978034552485, -1645.675999999977648 ], [ 881.70373029529037, -1654.08616445120424 ], [ 883.967460662179292, -1657.359722997993231 ], [ 937.99898962320367, -1713.041627913713455 ], [ 969.381313826037513, -1744.687959109432995 ], [ 971.248064628582142, -1744.439389951527119 ], [ 973.337506579726323, -1740.479215163737535 ], [ 973.898052151494994, -1739.20043929759413 ], [ 974.340235068539187, -1737.055802737362683 ], [ 973.937468766751408, -1735.009450668469071 ], [ 972.616339539235923, -1732.913003141060472 ], [ 965.090011540380146, -1726.525287033058703 ], [ 965.505534537633139, -1725.925046456977725 ], [ 965.235143875477661, -1725.640507124364376 ], [ 965.109430814110965, -1725.354122744873166 ], [ 965.144996738094051, -1724.737325435504317 ], [ 965.302794283305047, -1724.467288915067911 ], [ 965.822698917814705, -1724.133517988026142 ], [ 966.133914119076508, -1724.102455403655767 ], [ 966.639964061188948, -1724.286228558979928 ], [ 966.777091453457615, -1724.088121212087572 ], [ 978.360030593716147, -1732.534571130760014 ], [ 981.179688824660843, -1733.99260298255831 ], [ 984.089085115201669, -1734.809226244688034 ], [ 992.629318047558627, -1736.383117021992803 ], [ 993.848319085987896, -1735.93132540024817 ], [ 995.228793430182122, -1733.838676618412137 ], [ 1005.632299999915631, -1740.937422033399343 ], [ 1005.632299999961106, -1747.03000976331532 ], [ 997.323362775736314, -1741.75152478273958 ], [ 995.240636198415814, -1741.110979793593287 ], [ 983.440721544711778, -1738.408598805777729 ], [ 980.915505036206014, -1738.331638826988637 ], [ 979.237834108709649, -1738.679854067973793 ], [ 977.890658799371522, -1739.46913621481508 ], [ 976.839970963037558, -1740.430788286030293 ], [ 975.765181827813649, -1742.288951217196882 ], [ 972.676558953140557, -1749.235410078428686 ], [ 971.520132662883043, -1748.187727936543524 ], [ 943.840800839961958, -1779.835611683316529 ], [ 902.810854242763526, -1809.125437614507973 ], [ 902.855310979401111, -1811.081799660809338 ], [ 902.658494514276754, -1811.082744778133929 ], [ 902.858001053784392, -1818.516107176430523 ], [ 902.387944558820891, -1819.048374857753515 ], [ 902.629671483196944, -1821.979877044446766 ], [ 900.463485702395701, -1853.660319091752172 ], [ 898.417728005859317, -1879.859043064527214 ], [ 898.251585552603501, -1880.33765188511461 ], [ 895.959533227376596, -1883.758567803539336 ], [ 904.338114707104978, -1884.735750373452902 ], [ 930.658190313781233, -1917.706230108626187 ], [ 933.192835629160982, -1917.952089904807508 ], [ 936.001347082104985, -1918.084457990713418 ], [ 974.91214091209622, -1914.174626053310931 ], [ 993.892175539927848, -1912.730327337048948 ], [ 1005.63229999997202, -1911.49427078012377 ], [ 1005.632300000012037, -1927.730483068153262 ], [ 1003.700344432334532, -1927.966876599937677 ], [ 981.033456937615483, -1930.024728658609092 ], [ 971.217027829188737, -1930.360125822015107 ], [ 971.109464527735327, -1930.26186341419816 ], [ 950.051194553225287, -1931.836330687627196 ], [ 949.959338166208909, -1931.948255291208625 ], [ 943.933908917029839, -1932.690657096914947 ], [ 943.76608295502956, -1937.46443166397512 ], [ 943.799798949094111, -1933.177655863575637 ], [ 936.414825484072935, -1933.48327221442014 ], [ 936.221741174293129, -1943.205393782816827 ], [ 936.289088379871828, -1943.30169593822211 ], [ 936.507449239832567, -1943.310532691888511 ], [ 936.503162792214425, -1943.434905584901571 ], [ 936.240368754877636, -1943.436670885421336 ], [ 936.170170461495218, -1943.530931836925447 ], [ 936.052907702876837, -1953.532252172008157 ], [ 936.093117523480032, -1953.613568993285298 ], [ 936.229976015461943, -1953.634376532398164 ], [ 936.482130647296799, -1988.462188001722097 ], [ 936.382916900851342, -1988.564534755423665 ], [ 936.738098774549144, -2003.550249807536602 ], [ 936.836583267027891, -2003.647304299287498 ], [ 936.679982837404168, -2014.348890864290297 ], [ 936.57857117063395, -2014.45083792321384 ], [ 936.963887670541226, -2034.600237786769867 ], [ 937.06758362058099, -2034.698264563456178 ], [ 939.817422219806758, -2104.896599434316158 ], [ 939.414959113913937, -2126.192576946690679 ], [ 939.556229741980133, -2145.676000001840293 ], [ 927.197877736109149, -2145.675999999977648 ], [ 926.725041531839452, -2134.315770372748375 ], [ 926.623164571958114, -2134.220414688810706 ], [ 925.688514862225929, -2090.5903609842062 ], [ 925.844311694318094, -2090.489059950225055 ], [ 925.741347027666052, -2078.275442169047892 ], [ 925.671450421124973, -2078.180947596207261 ], [ 925.409284128698346, -2078.178342189639807 ], [ 925.299914133496713, -2073.316762602888048 ], [ 925.496410015315632, -2048.349165472202003 ], [ 903.88082878417481, -2049.365054629743099 ], [ 903.777137927192598, -2049.284283560700715 ], [ 893.659867387177655, -2049.969363505020738 ], [ 893.569718146081868, -2050.044545286335051 ], [ 893.582662838551187, -2050.316147898323834 ], [ 873.446432205610108, -2051.834161795675755 ], [ 873.845298785819978, -2060.587740163318813 ], [ 876.092964677936834, -2145.675999999977648 ], [ 870.811002154474409, -2145.676000001840293 ], [ 869.893161944668464, -2103.582095609977841 ], [ 869.796604656172349, -2103.515101221390069 ], [ 851.89742490466233, -2103.905038890428841 ], [ 851.801024630487518, -2103.988379575312138 ], [ 844.796636551547635, -2145.675999999977648 ], [ 842.025184815887769, -2145.675999999977648 ], [ 847.66939483398528, -2109.963747340254486 ], [ 848.598723269104084, -2099.838656324893236 ], [ 848.170291001713849, -2095.212464481592178 ], [ 850.467197548303375, -2082.925102438777685 ], [ 855.893427878310831, -2082.373361064121127 ], [ 856.931901493915575, -2073.364882719703019 ], [ 859.406150594881183, -2057.113849031738937 ], [ 859.339587433214547, -2055.04551559034735 ], [ 858.719057345368128, -2052.655201571062207 ], [ 857.519485355784127, -2051.129564490169287 ], [ 856.763529428051697, -2050.806935887783766 ], [ 855.127789158126689, -2050.885871457867324 ], [ 852.952125990637796, -2051.207897447049618 ], [ 852.501843589843702, -2053.948290226049721 ], [ 847.849046789204294, -2066.349760529585183 ], [ 845.134281020371418, -2082.192046566866338 ], [ 840.529372964969298, -2113.965886128135026 ], [ 836.277381890447941, -2145.675999999046326 ], [ 834.260175205838095, -2145.676000001840293 ], [ 838.54850116902162, -2113.694910643622279 ], [ 843.161510381110929, -2081.867093208245933 ], [ 845.89449385572334, -2065.918965949676931 ], [ 850.59719036072056, -2053.331158789806068 ], [ 850.880729890497605, -2051.514543741941452 ], [ 850.321722360798958, -2051.597312703728676 ], [ 850.332376627560734, -2051.724393200129271 ], [ 848.397346144152834, -2051.886779577471316 ], [ 847.498375668210429, -2052.112232237122953 ], [ 847.223943520943067, -2052.260466773062944 ], [ 845.768988761068613, -2053.38364870660007 ], [ 843.723381754838556, -2055.486985309049487 ], [ 843.441599390595002, -2055.990613249130547 ], [ 842.390222313266349, -2059.176436460576952 ], [ 839.956170701167139, -2072.68050735630095 ], [ 836.054316781703164, -2095.3007872113958 ], [ 835.552365272758834, -2098.474623329937458 ], [ 829.030767135456699, -2145.675999999977648 ], [ 812.731415279831708, -2145.675999999977648 ], [ 813.638845797655449, -2138.676587763242424 ], [ 815.826768402928792, -2122.589659882709384 ], [ 817.960507274894553, -2107.677980283275247 ], [ 823.215397716927328, -2077.226958461105824 ], [ 827.337073378215791, -2054.967549974098802 ], [ 827.119747216614996, -2053.898131005465984 ], [ 824.867823842856524, -2053.930462983436882 ], [ 822.207682120171739, -2054.207703199237585 ], [ 821.23829299852332, -2055.345652530901134 ], [ 820.567949933172713, -2058.053602823987603 ], [ 817.984233071263588, -2074.329158299602568 ], [ 810.454319541107907, -2145.676000001840293 ], [ 807.379786459952811, -2145.675999999046326 ], [ 811.792315059019529, -2104.628383800387383 ], [ 813.109612990509049, -2091.125823458656669 ], [ 815.017973849162445, -2074.354045663028955 ], [ 817.717373530540499, -2056.763166503980756 ], [ 814.796473690483253, -2057.59255039319396 ], [ 814.663279877087916, -2058.467168894596398 ], [ 803.998570055653545, -2145.675999999977648 ], [ 790.60062348676729, -2145.675999999046326 ], [ 790.096047671680935, -2123.883726794272661 ], [ 793.03472548371974, -2123.691901199519634 ], [ 793.254975256031685, -2117.448398270644248 ], [ 794.231424188075835, -2117.426068940199912 ], [ 794.32487888652031, -2117.354886400513351 ], [ 793.80598919120348, -2093.81198285985738 ], [ 796.969613143382958, -2093.738185078836977 ], [ 796.878528921486577, -2087.811940772458911 ], [ 798.099769513721185, -2087.78056017216295 ], [ 798.193041519945837, -2087.709050320088863 ], [ 797.585461387328905, -2064.102139973081648 ], [ 799.893746140700387, -2063.89834963157773 ], [ 799.80438526017133, -2058.559850900433958 ], [ 795.331519397588636, -2058.849047551862895 ], [ 776.21886120412637, -2060.372472246177495 ], [ 776.776790276411703, -2087.645315302535892 ], [ 774.409632594686627, -2090.253185050562024 ], [ 763.860689130080573, -2090.499677267856896 ], [ 763.718629559321926, -2087.971666551195085 ], [ 763.855211213860457, -2075.458562292158604 ], [ 763.785468032048811, -2064.962556255981326 ], [ 769.260094712146383, -2064.805237247608602 ], [ 770.860752498589136, -2064.545636303722858 ], [ 771.955758477928612, -2063.734064193442464 ], [ 772.468009020733007, -2060.671958779916167 ], [ 763.76221203806017, -2061.367157046683133 ], [ 735.176271794980494, -2062.459444472566247 ], [ 735.072014201887214, -2062.363391117192805 ], [ 723.369427712761535, -2062.875476570799947 ], [ 723.274713900509596, -2062.972756298258901 ], [ 719.546892107216991, -2062.875309919938445 ], [ 719.443996067069747, -2062.772767951712012 ], [ 706.587663030843032, -2063.140303312800825 ], [ 706.521296308792444, -2063.237284889444709 ], [ 706.844284312806849, -2074.693244277499616 ], [ 706.947085119289113, -2074.790351289324462 ], [ 707.151811631334567, -2081.906243408098817 ], [ 729.738039454363388, -2081.444151633419096 ], [ 730.084924451004554, -2081.498732161708176 ], [ 730.391533215335585, -2081.669902544468641 ], [ 733.125318716472975, -2083.906604583375156 ], [ 734.873374595013956, -2085.932861536741257 ], [ 737.728337711636414, -2087.379715861752629 ], [ 745.547616596557418, -2091.098898954689503 ], [ 746.571101188057582, -2091.899291343986988 ], [ 746.789867183375463, -2092.150004709139466 ], [ 746.914227295692399, -2092.458631202578545 ], [ 746.930403439242582, -2092.790977533906698 ], [ 746.821432185637605, -2093.705705408006907 ], [ 746.628464965102467, -2094.187319769524038 ], [ 736.8131300655823, -2107.272762621752918 ], [ 735.588548418116261, -2108.79461976327002 ], [ 736.036900986204273, -2128.32743342127651 ], [ 737.640462192213818, -2128.000563374720514 ], [ 741.948588749008195, -2125.869781687855721 ], [ 746.094962976683746, -2123.175023073330522 ], [ 749.718926458368514, -2119.519526513293386 ], [ 751.605344431680351, -2116.615947475656867 ], [ 752.931150508697101, -2114.161632695235312 ], [ 753.582902532913067, -2112.33760663960129 ], [ 753.717777832220236, -2110.668354943394661 ], [ 753.884454581700993, -2104.432409853674471 ], [ 754.256971982209507, -2103.939526026137173 ], [ 754.848054735939513, -2103.759734866209328 ], [ 755.431929321312055, -2103.961710484698415 ], [ 755.785575491167037, -2104.468305064365268 ], [ 755.716151846670982, -2110.736964038573205 ], [ 755.510048749199996, -2112.886042256839573 ], [ 754.726418342377656, -2115.044847677461803 ], [ 753.303929436671751, -2117.671266140416265 ], [ 751.404886155152781, -2120.594278080388904 ], [ 751.825714989463449, -2120.552286691963673 ], [ 757.656432012310688, -2120.848403789103031 ], [ 757.928841360942897, -2121.002068629488349 ], [ 758.270494862119449, -2121.516827364452183 ], [ 758.244330757344869, -2122.134094820357859 ], [ 758.090665914023702, -2122.406504166312516 ], [ 757.575907178657872, -2122.748157666996121 ], [ 757.265201457821604, -2122.783958396874368 ], [ 751.831189475031351, -2122.553627045825124 ], [ 749.131063387520044, -2122.927695290185511 ], [ 747.277424924044681, -2124.790984227322042 ], [ 742.887429069945938, -2127.635924101807177 ], [ 738.410485622322085, -2129.850201929919422 ], [ 736.083561116905912, -2130.358349063433707 ], [ 736.355795800591295, -2142.209325085394084 ], [ 736.337664101756673, -2145.675999999977648 ], [ 734.338323711497651, -2145.675999999977648 ], [ 734.356436289413978, -2142.212979796342552 ], [ 733.48690223626545, -2104.369357443414629 ], [ 733.248054794692507, -2087.108084230683744 ], [ 731.789765538853317, -2085.397114492021501 ], [ 729.644048352420214, -2083.641552476212382 ], [ 729.633670936207636, -2083.332829423248768 ], [ 729.56839551468147, -2083.269800601527095 ], [ 718.350467299524098, -2083.458374249748886 ], [ 718.256588707452465, -2083.529113305732608 ], [ 718.25435001479309, -2083.67918673530221 ], [ 714.998980423626563, -2083.745509942993522 ], [ 716.156577578274664, -2145.675999999977648 ], [ 692.788040849754907, -2145.675999999046326 ], [ 691.964223852977739, -2106.519522238522768 ], [ 693.837374176022422, -2106.073982958681881 ], [ 694.772717853000358, -2105.173769065178931 ], [ 694.693098342439043, -2088.848068420775235 ], [ 691.55800217189244, -2088.849583820439875 ], [ 691.556551708128609, -2091.026945766992867 ], [ 691.49852573892349, -2091.334277401678264 ], [ 691.152977381709206, -2091.80024996586144 ], [ 679.03125738032395, -2100.072339185513556 ], [ 672.230242532470584, -2104.973280279897153 ], [ 670.954847502205666, -2105.997780313715339 ], [ 670.427123968745946, -2106.622721318155527 ], [ 670.254204358489005, -2107.331422993913293 ], [ 669.972060425516247, -2112.044441603124142 ], [ 669.933051998565134, -2120.050855297595263 ], [ 670.396436003093186, -2133.051330401562154 ], [ 670.694220152761773, -2145.675999999977648 ], [ 668.69435190862896, -2145.675999999977648 ], [ 668.45823745933194, -2135.665805830620229 ], [ 659.69877240801361, -2145.675999999977648 ], [ 657.042421791802553, -2145.675999999977648 ], [ 668.388495400269676, -2132.709471707232296 ], [ 667.934458299841936, -2120.109076738357544 ], [ 667.972904784575803, -2112.007242960855365 ], [ 668.26384079600939, -2107.122135510668159 ], [ 668.54051656527372, -2105.920417772606015 ], [ 668.747912384069423, -2105.512421257793903 ], [ 669.627406939165667, -2104.499614995904267 ], [ 671.040157199149689, -2103.366533912718296 ], [ 677.89379073971395, -2098.428080315701663 ], [ 687.271390358542703, -2092.029384398832917 ], [ 659.498867277678073, -2092.298556597903371 ], [ 656.093169809559186, -2095.563648379407823 ], [ 655.782563038948865, -2095.766164877451956 ], [ 655.419508654651509, -2095.841537361964583 ], [ 595.890108629921087, -2096.922546330839396 ], [ 586.025171015035085, -2096.91373781580478 ], [ 585.955567802089718, -2099.252854664810002 ], [ 583.28042126494438, -2099.239233684726059 ], [ 583.060416335301852, -2103.41384332627058 ], [ 582.955201632341414, -2103.516294579952955 ], [ 583.558421434658158, -2129.401098184287548 ], [ 583.127893286329709, -2134.317433415912092 ], [ 582.872709710503841, -2145.675999999977648 ], [ 569.415813481247824, -2145.675999999977648 ], [ 567.27208541139953, -2104.468895771540701 ], [ 562.300691629476205, -2103.756145498715341 ], [ 562.225778437254121, -2101.181106075644493 ], [ 566.954163992157191, -2100.392005288973451 ], [ 566.430384301647791, -2069.828528015874326 ], [ 561.229925609794009, -2069.986106836237013 ], [ 551.652544356740691, -2070.433449991047382 ], [ 551.628290675946118, -2070.285037194378674 ], [ 551.546245981982793, -2070.24659316893667 ], [ 545.650902618148393, -2070.43612312246114 ], [ 545.555618986025365, -2070.583577611483634 ], [ 534.598013131100743, -2071.421267588622868 ], [ 534.495486644627817, -2071.328938340768218 ], [ 523.515970702159393, -2071.695254006423056 ], [ 523.419795506277296, -2071.795233493670821 ], [ 505.632299999992028, -2071.807554512284696 ], [ 505.632299999942916, -2058.88889533188194 ], [ 563.136163843551913, -2056.902752728201449 ], [ 562.371310935917791, -2037.765994875691831 ], [ 548.95234676630389, -2037.545857254415751 ], [ 549.031713869055238, -2041.146989324130118 ], [ 543.396312579394362, -2041.312809783965349 ], [ 543.368099069768505, -2040.437385013327003 ], [ 543.265272176378858, -2040.340681858360767 ], [ 539.185628137272943, -2040.464503344148397 ], [ 539.119322820966772, -2040.561417280696332 ], [ 539.142598705449927, -2041.400481455028057 ], [ 510.175690565216428, -2042.265121820382774 ], [ 510.21156177332341, -2039.454920341260731 ], [ 505.632300000050236, -2039.490696644410491 ], [ 505.632299999942916, -2030.610440092161298 ], [ 517.627377406110099, -2030.040319400839508 ], [ 517.416291057557828, -2024.917518980801105 ], [ 557.963619506048417, -2023.559592797420919 ], [ 559.052943978869735, -2029.181989137083292 ], [ 562.585262318356399, -2026.498165899887681 ], [ 562.223599735818425, -2016.079468762502074 ], [ 552.730556828697445, -2016.170760855078697 ], [ 551.807590813525167, -2015.328940376639366 ], [ 551.669578811863175, -2011.475321624428034 ], [ 559.279404686059934, -2011.178949297405779 ], [ 559.375404306912969, -2011.075168821960688 ], [ 557.543292789054249, -1965.129068179987371 ], [ 542.276257857522069, -1966.168721944093704 ], [ 543.634387375939696, -2000.45243766810745 ], [ 529.893715827869528, -2000.987703432328999 ], [ 529.548387461043603, -1992.287797787226737 ], [ 529.450671267994039, -1992.222497099079192 ], [ 526.046647008864966, -1992.375345590524375 ], [ 526.758010233632376, -2011.696493500843644 ], [ 525.039319040439295, -2011.98987721465528 ], [ 524.698614310567791, -1991.200998673215508 ], [ 517.814154908015553, -1991.423324473202229 ], [ 508.201316224694892, -1991.904828304424882 ], [ 507.816316260752501, -1987.006139292381704 ], [ 507.908400326563424, -1986.902771519497037 ], [ 507.132225031489725, -1969.499186030589044 ], [ 505.632299999995666, -1969.581899149343371 ], [ 505.632300000072064, -1956.120655319653451 ], [ 506.534887461542894, -1956.050955295562744 ], [ 506.648398215147608, -1956.142272796481848 ], [ 513.524307071220392, -1955.194088239222765 ], [ 513.607152970258539, -1955.063186339102685 ], [ 517.080716909405965, -1953.915911654010415 ], [ 517.135231464349999, -1950.259863239713013 ], [ 536.968710495189953, -1948.303068590350449 ], [ 536.899088004543955, -1952.901371337473392 ], [ 557.872594553431554, -1951.117975530214608 ], [ 560.090729418458068, -1948.9557343153283 ], [ 557.533397635825168, -1917.77092029619962 ], [ 554.921492576368109, -1917.821738531813025 ], [ 552.485247493079441, -1892.338563522323966 ], [ 552.367162646118231, -1892.249427386559546 ], [ 550.765028112331493, -1883.740098238922656 ], [ 550.573560473258112, -1883.588958641514182 ], [ 545.672168771588986, -1882.287376707419753 ], [ 543.356577506292524, -1882.830943131819367 ], [ 505.632299999970201, -1905.703382165171206 ], [ 505.632300000030227, -1884.341217341832817 ], [ 511.834093128363747, -1881.523802747949958 ], [ 558.161661964093582, -1852.736320246942341 ], [ 570.822854448200815, -1843.585279278457165 ], [ 570.291868736059769, -1842.675578859634697 ], [ 575.594031074211671, -1839.450934433378279 ], [ 576.240832675919592, -1840.504590307362378 ], [ 581.702891833192552, -1837.398836700245738 ], [ 581.597328089366783, -1836.403463251888752 ], [ 580.360912990770885, -1835.85791452229023 ], [ 578.2545051236375, -1836.193952531553805 ], [ 570.555011549464325, -1836.626473533920944 ], [ 565.85595157654825, -1836.765474066138268 ], [ 550.517402998677426, -1837.734678952023387 ], [ 547.082093541475842, -1844.065233929082751 ], [ 543.613692339224144, -1845.991417933255434 ], [ 542.219141649185985, -1841.376034345477819 ], [ 539.025243150457754, -1842.366976054385304 ], [ 538.901205887825199, -1842.304339474998415 ], [ 512.831271142140395, -1850.509843383915722 ], [ 512.151927943450573, -1848.34209734108299 ], [ 512.026655831936296, -1848.276589489541948 ], [ 505.632299999961106, -1850.27995452657342 ], [ 505.632300000012037, -1833.30576565861702 ], [ 599.110851709696362, -1829.872247851453722 ], [ 605.322812058477211, -1826.117534884251654 ], [ 602.501378316790579, -1786.745534393936396 ], [ 587.019860662223437, -1787.894071890041232 ], [ 583.224343935175057, -1747.928126325830817 ], [ 581.212855678506457, -1738.762169858440757 ], [ 578.807900498166418, -1739.284981671720743 ], [ 570.991922829034593, -1741.509386247955263 ], [ 559.901302983584173, -1745.193500814959407 ], [ 547.989530164950338, -1748.413010338321328 ], [ 540.202892229144709, -1751.51993375364691 ], [ 540.091848212847253, -1751.482943332754076 ], [ 528.525624829073422, -1755.120177689008415 ], [ 528.457600177471249, -1755.227692964486778 ], [ 520.798948798610581, -1757.314501339569688 ], [ 520.67251348480022, -1757.245416404679418 ], [ 505.632300000001123, -1761.962950819171965 ], [ 505.632300000030227, -1749.720279512926936 ], [ 555.520057322819412, -1733.258768794126809 ], [ 560.3808748490992, -1732.372525903396308 ], [ 583.809308154523023, -1724.118649295531213 ], [ 584.025167058067382, -1720.636014296673238 ], [ 577.397790066153902, -1698.114901109598577 ], [ 575.718589698086362, -1694.717589288018644 ], [ 560.06030260818261, -1645.675999999977648 ], [ 570.27859802220155, -1645.675999999977648 ], [ 573.683668706778917, -1656.905130150727928 ], [ 573.777272218463622, -1656.975977092050016 ], [ 573.928075604575497, -1656.935510165058076 ], [ 588.137563058766318, -1699.395943962037563 ], [ 594.92751671115002, -1720.74355582613498 ], [ 607.430709040399961, -1716.830035029910505 ], [ 655.340198272668204, -1701.44208509940654 ], [ 675.339644998497533, -1695.262253642082214 ], [ 698.261405930466935, -1666.267404746264219 ], [ 700.675164716181825, -1664.170710711739957 ], [ 697.740853026074547, -1661.130340948700905 ], [ 696.251380575402436, -1659.41024196986109 ], [ 692.541660739898361, -1654.094370122998953 ], [ 685.091468688260647, -1645.675999999977648 ], [ 703.916627301809058, -1645.675999999977648 ], [ 712.012412801572282, -1654.835973450914025 ], [ 712.142745783063219, -1654.852926712483168 ], [ 723.714337538136533, -1647.080807691439986 ], [ 722.467601580530754, -1645.675999999046326 ], [ 725.284024245225737, -1645.675999999977648 ], [ 724.181315215071663, -1646.245577371679246 ], [ 725.292475343931073, -1648.471662063151598 ], [ 730.410105437131278, -1645.675999999977648 ], [ 779.907179859510507, -1645.675999999977648 ], [ 773.107136178517976, -1649.563780355267227 ], [ 772.99529466383683, -1649.884459779597819 ], [ 774.842501153163539, -1651.1886843489483 ], [ 778.122890832624762, -1652.319961151108146 ], [ 796.237810960003117, -1656.7209916068241 ], [ 800.041103587838734, -1657.833749647252262 ], [ 804.143978315694767, -1659.467532807961106 ], [ 811.530378780485989, -1656.830825375393033 ], [ 815.046531051419151, -1655.202233362011611 ], [ 815.059300137891114, -1652.610270690172911 ], [ 814.334121759964546, -1651.578471179120243 ], [ 814.657309379632352, -1648.380822350271046 ], [ 814.605926325692053, -1645.675999999977648 ], [ 818.045406023275063, -1645.675999999977648 ], [ 818.02957667472765, -1646.590429969131947 ], [ 818.260008093819124, -1650.833518968895078 ], [ 820.085588291913155, -1654.537577422335744 ], [ 827.582775381657484, -1663.720143059268594 ], [ 842.007651904514205, -1652.007595557719469 ], [ 838.397026308448403, -1645.675999999977648 ], [ 838.858872067215998, -1645.675999999977648 ], [ 839.951309326945193, -1647.589839561842382 ], [ 838.858900341716435, -1645.675999999977648 ], [ 892.01978034552485, -1645.675999999977648 ] ], [ [ 607.123639712515796, -2055.265698242001235 ], [ 606.727565095206955, -2043.660182262770832 ], [ 606.089125440588759, -1995.901716913096607 ], [ 600.596310677519796, -1990.070037965662777 ], [ 588.64423953007099, -1990.183022876270115 ], [ 588.274376936098633, -1990.115835593082011 ], [ 587.95548019223861, -1989.916794549673796 ], [ 582.616528633603593, -1984.971494835801423 ], [ 582.832421721379433, -1997.450428113341331 ], [ 582.825351817962655, -2001.574710718356073 ], [ 586.13988343363053, -2001.915213997475803 ], [ 586.924397208427763, -2055.39038772508502 ], [ 593.013983593444209, -2055.98105510417372 ], [ 607.123639712515796, -2055.265698242001235 ] ], [ [ 610.181730886692094, -2071.09497332200408 ], [ 679.109042294683604, -2069.373786447569728 ], [ 688.002924578366219, -2070.012303964234889 ], [ 686.604845468431449, -2062.929199352860451 ], [ 670.086712258562329, -2063.075777717866004 ], [ 620.747830435933793, -2063.973346116952598 ], [ 616.227218998177705, -2064.591624612919986 ], [ 610.181730886692094, -2071.09497332200408 ] ], [ [ 586.084669023748575, -2094.914476050063968 ], [ 595.863330397727623, -2094.923389758914709 ], [ 654.991993223575264, -2093.849657904356718 ], [ 658.401218864506518, -2090.581183614209294 ], [ 658.715740597501281, -2090.377061863429844 ], [ 659.083341751287662, -2090.303176797926426 ], [ 689.558141820501987, -2090.007722835987806 ], [ 689.558688606977739, -2088.850362705998123 ], [ 689.247467874520225, -2088.850454760715365 ], [ 689.213164012280686, -2086.484192949719727 ], [ 689.311669294391322, -2086.382733450271189 ], [ 689.139320566080642, -2075.256171558052301 ], [ 689.025039228123205, -2075.188808993436396 ], [ 688.404404198387056, -2072.045873545110226 ], [ 679.110362928120594, -2071.373689919710159 ], [ 608.281735442244099, -2073.139083180576563 ], [ 608.21665383063737, -2073.20910866651684 ], [ 592.610294087575312, -2073.477648096159101 ], [ 591.060553817182154, -2073.809413013979793 ], [ 588.899077884729195, -2074.77240033634007 ], [ 587.471466931645409, -2077.091090187430382 ], [ 586.490394091108101, -2081.282975122332573 ], [ 586.084669023748575, -2094.914476050063968 ] ], [ [ 735.516649283423249, -2105.669010697863996 ], [ 744.867932709181332, -2093.202466694638133 ], [ 744.880278161468595, -2093.098836341872811 ], [ 744.579007706903212, -2092.852137385867536 ], [ 735.265055727622894, -2088.37275998108089 ], [ 735.516649283423249, -2105.669010697863996 ] ], [ [ 637.358969875993353, -1910.427967828698456 ], [ 637.483476955319929, -1909.856139607727528 ], [ 637.679359974503313, -1909.612316676415503 ], [ 638.24278944215439, -1909.358838720247149 ], [ 638.847604059457808, -1909.48494628071785 ], [ 639.091426992048582, -1909.680829299613833 ], [ 639.343941591443581, -1910.240718464367092 ], [ 639.896484872366273, -1910.188595110550523 ], [ 643.622671851344421, -1945.218194577842951 ], [ 669.000838519194076, -1943.171571129001677 ], [ 669.742613827602327, -1941.353544461540878 ], [ 669.102842538928599, -1935.971406108699739 ], [ 662.504552979258733, -1935.83629169780761 ], [ 656.367801434736975, -1872.349397223442793 ], [ 653.526357432836448, -1872.575328369624913 ], [ 650.519551230436264, -1872.424179347231984 ], [ 647.662355222173574, -1871.670932627283037 ], [ 645.267374871540596, -1870.191347874701023 ], [ 643.154460596912031, -1868.399636896327138 ], [ 641.70770646317942, -1866.065897259861231 ], [ 640.231639427453047, -1864.09673251863569 ], [ 638.444500671101196, -1862.150075311772525 ], [ 635.766063498678704, -1860.312955236062407 ], [ 631.924661942715829, -1858.130566414445639 ], [ 628.419024914766851, -1855.633181412704289 ], [ 623.798714807613578, -1851.291848261840641 ], [ 622.690075657796115, -1850.140025652013719 ], [ 571.77493586743185, -1881.714024778455496 ], [ 568.887234650434038, -1887.658811110071838 ], [ 568.027011242777007, -1895.255335053429008 ], [ 572.817893794812335, -1947.864079432561994 ], [ 575.33321668805911, -1949.347519193775952 ], [ 638.827415562454917, -1943.252496795728803 ], [ 640.12893186378642, -1942.790387440472841 ], [ 636.298949505659039, -1910.527963279746473 ], [ 637.358969875993353, -1910.427967828698456 ] ], [ [ 856.714821528923494, -1841.813666276633739 ], [ 851.932204656855902, -1838.834582076407969 ], [ 848.270372730297822, -1836.806628903374076 ], [ 843.099875421587058, -1835.073918293230236 ], [ 823.590101280235103, -1832.205536167137325 ], [ 797.178580238376526, -1828.772306555882096 ], [ 795.867226786027459, -1833.78128660004586 ], [ 795.508989561962153, -1835.883648875169456 ], [ 796.241810939625793, -1837.240305732004344 ], [ 797.269854667729305, -1837.947736591100693 ], [ 799.233452776181366, -1838.43285259604454 ], [ 800.446490792628538, -1837.957778842188418 ], [ 801.826829059307784, -1836.695668909698725 ], [ 802.807903130656996, -1832.503783740103245 ], [ 840.612558406719472, -1837.47239023540169 ], [ 842.677681223176478, -1854.736314872279763 ], [ 804.502778009571557, -1857.730880244635046 ], [ 804.413397701162467, -1857.807179594412446 ], [ 806.437033120153501, -1883.134786808863282 ], [ 844.69760919878172, -1880.149175288155675 ], [ 845.107473872420087, -1881.468547015450895 ], [ 806.564284852929632, -1884.124311730265617 ], [ 808.480699209630984, -1912.516200697980821 ], [ 808.586990298706951, -1912.609151924960315 ], [ 812.08318151963249, -1912.379336133599281 ], [ 812.481799942697762, -1918.431754069402814 ], [ 812.594863178495871, -1918.524474483914673 ], [ 813.481910436470571, -1925.139848913066089 ], [ 811.771707964406232, -1930.486890707165003 ], [ 829.06494798395579, -1928.879060956649482 ], [ 843.367576634111174, -1920.675638291984797 ], [ 843.921615175984698, -1917.322749139741063 ], [ 844.494268942999042, -1915.632444612681866 ], [ 845.900869552020595, -1905.687210130505264 ], [ 856.296343493815584, -1858.35044992249459 ], [ 856.860782518933775, -1856.470253387466073 ], [ 856.795800165646142, -1854.116102675907314 ], [ 856.961827763914698, -1852.241495786234736 ], [ 856.985527119253675, -1850.224531577900052 ], [ 856.843180233070598, -1846.513130819424987 ], [ 856.653418401434465, -1845.089311512187123 ], [ 856.439992782419722, -1844.187676880508661 ], [ 855.941852904117695, -1843.143518371507525 ], [ 856.714821528923494, -1841.813666276633739 ] ], [ [ 893.75950655746783, -1883.502169970422983 ], [ 896.444867816884653, -1879.442333301529288 ], [ 898.469815736016244, -1853.510106469504535 ], [ 900.629757850996612, -1821.919084398075938 ], [ 900.560364739296347, -1821.118580915033817 ], [ 899.358005219695769, -1822.481056525371969 ], [ 899.05543704701995, -1823.730999761261046 ], [ 885.466757119631438, -1896.789873131550848 ], [ 885.714594978291643, -1904.445979448035359 ], [ 888.172257919930416, -1911.020182779990137 ], [ 890.85991289244339, -1909.403539904393256 ], [ 891.542065238943906, -1907.048248994164169 ], [ 893.198881800852178, -1883.43683304823935 ], [ 893.75950655746783, -1883.502169970422983 ] ], [ [ 580.826390041776904, -2001.369396038353443 ], [ 580.833242673137647, -1997.475487326271832 ], [ 580.259642436807553, -1964.28782872390002 ], [ 578.201132837990372, -1964.532717681489885 ], [ 576.416773321267101, -1967.153655036352575 ], [ 576.021185972598687, -1968.883102529682219 ], [ 576.055193607384354, -1973.04335371684283 ], [ 577.146282843079462, -2000.991482592187822 ], [ 580.826390041776904, -2001.369396038353443 ] ], [ [ 582.568636654536022, -1982.201920724473894 ], [ 589.022624894209002, -1988.180043194442987 ], [ 612.015350859799582, -1987.962760051712394 ], [ 644.357041936911628, -1987.318308553658426 ], [ 651.819192276538161, -1984.64515530038625 ], [ 654.446246997255002, -1984.347534799948335 ], [ 687.934902817429247, -1983.369382976554334 ], [ 687.797933638543327, -1975.472235568799078 ], [ 693.412888203267357, -1971.214897819794714 ], [ 694.123609053771361, -1970.541276232339442 ], [ 693.647817520730314, -1958.339553671889007 ], [ 693.189315588702812, -1956.174632009118795 ], [ 692.800483474524299, -1955.206993006169796 ], [ 692.178685489912823, -1954.29530328232795 ], [ 691.151229067301756, -1953.328728766180575 ], [ 690.286105122278968, -1952.75967344455421 ], [ 689.200607590097206, -1952.269373619928956 ], [ 688.173860466999031, -1952.020731739699841 ], [ 684.754281233079382, -1952.384928531013429 ], [ 683.95014759382866, -1952.576256765052676 ], [ 682.012715734017547, -1952.743732828646898 ], [ 680.43269597845574, -1953.697626326233149 ], [ 679.565277317869914, -1955.326911271549761 ], [ 679.329475050641122, -1957.06350776925683 ], [ 679.490855705671493, -1962.313169035129249 ], [ 613.45797981765827, -1966.507431593723595 ], [ 587.817266245703649, -1967.980941142886877 ], [ 587.612304871276137, -1963.682955799624324 ], [ 584.509826518853515, -1963.782301816157997 ], [ 582.255143656951986, -1964.050463994964957 ], [ 582.568636654536022, -1982.201920724473894 ] ], [ [ 732.584398559169131, -2049.787685202434659 ], [ 732.205222972293996, -2038.784330503083766 ], [ 731.196848891200716, -1983.768040682189167 ], [ 730.391348823290173, -1957.252889616414905 ], [ 730.440537163120098, -1956.911251970566809 ], [ 732.422317416270744, -1950.856560483574867 ], [ 717.662874616207773, -1951.847065267153084 ], [ 715.456219377256275, -1952.343726184219122 ], [ 715.666556736256098, -1957.289101920090616 ], [ 715.570842941604496, -1957.390563632361591 ], [ 717.365515256282379, -2050.127671622671187 ], [ 717.467395876627052, -2050.225684595294297 ], [ 728.849711737644611, -2050.005471481010318 ], [ 728.947701327468167, -2049.902373312972486 ], [ 732.584398559169131, -2049.787685202434659 ] ], [ [ 733.524050085308772, -2001.632625988684595 ], [ 747.68479153962835, -2001.32636564783752 ], [ 756.150637570097388, -2000.817940364591777 ], [ 755.893737186857834, -1994.321238940581679 ], [ 754.51423466624874, -1989.154944350942969 ], [ 751.650123022471234, -1983.267931908369064 ], [ 747.335524577450997, -1974.90603459533304 ], [ 742.364250432436165, -1969.733606138266623 ], [ 735.952257485845621, -1963.322525376453996 ], [ 732.489809343098386, -1960.48074262868613 ], [ 733.195432615435493, -1983.713712487369776 ], [ 733.524050085308772, -2001.632625988684595 ] ], [ [ 758.184421652229503, -2001.74018239043653 ], [ 758.139233248581149, -2010.498220841400325 ], [ 757.206652344942995, -2015.395278116688132 ], [ 754.417540807706246, -2021.974205860868096 ], [ 753.993926986931911, -2022.818395446054637 ], [ 759.301736175188125, -2022.531232346780598 ], [ 759.595269068671769, -2036.993848038837314 ], [ 755.811563833589389, -2037.244833828881383 ], [ 755.62196319602117, -2041.922570642083883 ], [ 747.628220085698558, -2042.322102977894247 ], [ 747.937401045130173, -2048.939391362480819 ], [ 763.742872387851094, -2048.204719610512257 ], [ 763.86832962290282, -2049.356019790284336 ], [ 770.432174359359124, -2049.12035105843097 ], [ 769.692385064743576, -2027.09352489374578 ], [ 787.445518749582334, -2026.782259665429592 ], [ 787.63771658069345, -2047.705725757405162 ], [ 798.437289381512528, -2046.91208110935986 ], [ 798.476511160244627, -2030.698068201541901 ], [ 816.167107908207981, -2030.699140967801213 ], [ 816.0297603912677, -2042.060501409694552 ], [ 810.859762044390664, -2042.029317172244191 ], [ 810.834202420406655, -2046.044809390790761 ], [ 817.764064794773731, -2045.456274950876832 ], [ 819.261435839351179, -2044.530618786811829 ], [ 819.743027452625029, -2044.121883757412434 ], [ 820.30569820931305, -2043.980949718505144 ], [ 820.507768847546686, -2044.005217718891799 ], [ 820.888683284016224, -2040.746986786834896 ], [ 825.937218052697062, -2009.504717473872006 ], [ 830.192964269881486, -1991.170871192589402 ], [ 833.447747043241179, -1980.125952549278736 ], [ 837.432633263151729, -1967.968948803842068 ], [ 840.299980281371973, -1959.571644344367087 ], [ 841.143201329987278, -1955.7859624652192 ], [ 841.36360548200355, -1951.698534779250622 ], [ 840.432342655238244, -1946.549016019329429 ], [ 838.395414113885636, -1943.095580670982599 ], [ 836.465881746011291, -1941.938546909950674 ], [ 826.542832348761294, -1942.80042730551213 ], [ 826.133075587291387, -1944.265067268162966 ], [ 826.054102112988403, -1945.426298272795975 ], [ 826.468979497642067, -1946.82176435738802 ], [ 826.907701358510167, -1947.661932147108018 ], [ 827.760381464746388, -1948.732760461047292 ], [ 828.707489159796751, -1949.437570658512414 ], [ 830.476699791543069, -1950.152145610190928 ], [ 832.29966341839463, -1950.559922656044364 ], [ 834.324606369107642, -1951.32896781899035 ], [ 830.797682651831565, -1967.982199197635055 ], [ 829.320411121614598, -1967.810033583082259 ], [ 827.340968760763644, -1967.321206802502275 ], [ 826.472000357736761, -1967.21828543767333 ], [ 825.56607053686821, -1967.225783904083073 ], [ 824.50669839881084, -1967.464573357254267 ], [ 823.611457043940391, -1967.948862637393177 ], [ 822.995826797841801, -1968.937985362485051 ], [ 822.667673585516241, -1969.875928347930312 ], [ 822.574341238112538, -1970.888419692404568 ], [ 822.735666570350077, -1971.912304918281734 ], [ 823.213667141588303, -1973.28357748594135 ], [ 823.884410560156539, -1974.283224194310606 ], [ 824.435520183196786, -1974.736162976361811 ], [ 825.758864749606801, -1975.351737108081579 ], [ 828.910204033356422, -1976.17318069934845 ], [ 825.966699232756582, -1989.180105037987232 ], [ 770.623113998539338, -1993.368300943635404 ], [ 769.053832657808016, -1978.647556226700544 ], [ 784.981791494370555, -1977.340267105028033 ], [ 785.042939762490278, -1977.240059725940228 ], [ 784.608433946643345, -1971.795924808830023 ], [ 788.467073837995486, -1971.473766366951168 ], [ 788.896387182892795, -1976.806947573088109 ], [ 788.97297054432056, -1976.896196011453867 ], [ 809.98502310501317, -1975.176764648407698 ], [ 810.046045787576077, -1975.076141503639519 ], [ 809.795777860555972, -1972.110400858335197 ], [ 810.903329300359474, -1972.344203257933259 ], [ 811.021789339969473, -1972.267029363662004 ], [ 814.429922026793065, -1955.935569750145078 ], [ 775.689935884822262, -1956.393749540671706 ], [ 775.591523067821981, -1956.486070241779089 ], [ 775.392323548181594, -1959.085897212848067 ], [ 774.322275144368177, -1959.003661926835775 ], [ 774.038587453334912, -1957.455048318020999 ], [ 773.962219362832911, -1957.375537595711648 ], [ 766.731141880149153, -1957.882958820089698 ], [ 766.563508994375297, -1956.46456606965512 ], [ 757.589749425969785, -1957.333897134289145 ], [ 756.478393981333284, -1958.19777260068804 ], [ 755.887662988399825, -1958.965863635763526 ], [ 755.689080582073075, -1959.870578289031982 ], [ 757.238429492615978, -1975.60818222630769 ], [ 751.111029374580539, -1976.35470069013536 ], [ 747.477787074984008, -1969.888005197048187 ], [ 746.096825071423154, -1959.86968379933387 ], [ 738.973803719729403, -1950.416991640813649 ], [ 734.573193234311475, -1950.712235204875469 ], [ 732.395076149699889, -1957.366996319964528 ], [ 732.409149128725403, -1957.828059983439744 ], [ 737.331195428818319, -1961.874012213200331 ], [ 743.798834034618267, -1968.341010515578091 ], [ 749.045512201522797, -1973.859905414283276 ], [ 753.432257851041868, -1982.361627482809126 ], [ 756.421054235743213, -1988.546219022013247 ], [ 757.887098518167477, -1994.131207219325006 ], [ 758.184421652229503, -2001.74018239043653 ] ], [ [ 741.620818921574028, -2042.995246129110456 ], [ 738.345642909494927, -2046.347490641288459 ], [ 734.713343911666016, -2049.720519177615643 ], [ 741.54402091069278, -2049.504942090250552 ], [ 741.620818921574028, -2042.995246129110456 ] ], [ [ 854.271671301428796, -2037.281553025357425 ], [ 854.012720989197987, -2040.270499316044152 ], [ 853.809303625088432, -2044.816957925446332 ], [ 855.534741270899758, -2045.100957997143269 ], [ 856.418390072009061, -2045.166511224582791 ], [ 888.616273378940605, -2042.212845599278808 ], [ 889.196552606163095, -2041.908877673558891 ], [ 889.694290055631427, -2041.161642478778958 ], [ 889.759650875972511, -2039.87972373701632 ], [ 886.964785636762826, -2003.581938877701759 ], [ 886.318400789381485, -2002.239156145602465 ], [ 885.220460009615635, -2001.349480509757996 ], [ 883.990368346234391, -2000.886175856925547 ], [ 871.105541982899013, -1997.740997646935284 ], [ 878.681478954928025, -1968.823760624974966 ], [ 896.156739555244712, -1967.151027735322714 ], [ 896.644368852235857, -1983.403496614657342 ], [ 893.177437117004956, -1996.07679769769311 ], [ 887.820101055644045, -1994.507227141410112 ], [ 887.18975183094517, -1994.84126178175211 ], [ 887.283842861321318, -1995.533923385664821 ], [ 889.848358853238096, -1997.639971680939198 ], [ 890.761478847325634, -1998.679481834173203 ], [ 891.748135521916993, -1999.976448955945671 ], [ 892.832601288730075, -2002.598659037612379 ], [ 893.102224161402773, -2003.930588630959392 ], [ 895.967906135714657, -2039.406000175513327 ], [ 896.726513713962049, -2040.767813125625253 ], [ 897.738828334531718, -2041.518235835246742 ], [ 901.060968575837251, -2041.35809779074043 ], [ 922.313700801027153, -2039.425324487499893 ], [ 923.921645230297145, -2038.614365766756237 ], [ 924.838166211846328, -2037.542642582207918 ], [ 925.036595706127628, -2035.534334328956902 ], [ 925.146568820691755, -2035.42953690327704 ], [ 924.356314828812174, -2009.480174543336034 ], [ 924.252840508717782, -2009.383313863538206 ], [ 923.958063447682434, -2001.099376630038023 ], [ 923.244259806609989, -1954.741604471579194 ], [ 923.380075511913674, -1954.72022008523345 ], [ 923.419901471332196, -1954.638620245270431 ], [ 923.168015171129809, -1940.139842702075839 ], [ 923.097338233714254, -1940.045995727181435 ], [ 922.779675444851819, -1940.046463575214148 ], [ 922.550401386817612, -1935.273238068446517 ], [ 905.084685620933669, -1936.692683174274862 ], [ 904.976184178558469, -1936.601208816282451 ], [ 897.380980906946206, -1937.277050683274865 ], [ 897.290326140522666, -1937.386120368726552 ], [ 887.089125140151737, -1938.359695858322084 ], [ 882.806113794467819, -1939.258781179785728 ], [ 879.142273406980166, -1944.658504981547594 ], [ 867.788147725776071, -1983.946615788154304 ], [ 854.271671301428796, -2037.281553025357425 ] ], [ [ 608.107710870155643, -1997.329999978654087 ], [ 608.726560818777216, -2043.623062561266124 ], [ 608.983066072298243, -2051.128395021893084 ], [ 628.221929182942404, -2037.137264300137758 ], [ 628.705012260394142, -2036.951596954837441 ], [ 631.628082505732891, -2036.643261305987835 ], [ 644.470211709391151, -2023.998820404522121 ], [ 644.899649805365698, -2022.501393129117787 ], [ 643.788247675860475, -2019.792109463363886 ], [ 639.406119010063776, -2015.99547151569277 ], [ 635.722682301793611, -2015.509404162876308 ], [ 632.190453108129077, -2016.275497633032501 ], [ 631.59832827633727, -2016.223071628250182 ], [ 631.340643913501481, -2016.068208609707654 ], [ 610.746519108137363, -1998.998889500275254 ], [ 608.107710870155643, -1997.329999978654087 ] ], [ [ 647.013029874198764, -2022.384891438297927 ], [ 647.252458617322191, -2022.9677848611027 ], [ 660.215317404456073, -2033.779403114691377 ], [ 668.117993039802968, -2040.599207933992147 ], [ 667.547432989735171, -1996.210468446835876 ], [ 651.318644658109406, -2016.235183545388281 ], [ 647.453808070593368, -2020.848940018564463 ], [ 647.013029874198764, -2022.384891438297927 ] ], [ [ 670.142504150133391, -2042.775895801372826 ], [ 670.597246493689454, -2052.789863258600235 ], [ 687.147140624585518, -2052.170473142527044 ], [ 688.674429391639933, -2051.761493550613523 ], [ 689.10632905237253, -2050.987296764738858 ], [ 687.969556712720077, -1985.36856731865555 ], [ 675.814771237006426, -1985.731043884530663 ], [ 669.512544186907689, -1993.776215979829431 ], [ 670.142504150133391, -2042.775895801372826 ] ], [ [ 733.560700172403813, -2003.631614151410758 ], [ 734.204053218134504, -2038.739653432741761 ], [ 734.495423974274672, -2047.194472298957407 ], [ 736.96726399524232, -2044.899070145562291 ], [ 744.528282182875046, -2037.155569485388696 ], [ 744.611833230710545, -2036.989851385354996 ], [ 746.853437464180388, -2023.205080020241439 ], [ 751.692039099196336, -2022.94300324190408 ], [ 752.591676823374655, -2021.159056525677443 ], [ 755.26424758320718, -2014.90980760473758 ], [ 756.140470122909392, -2010.393817435950041 ], [ 756.182630651630461, -2002.818933363072574 ], [ 747.747208594902986, -2003.324796529486775 ], [ 733.560700172403813, -2003.631614151410758 ] ], [ [ 609.065312745633491, -2053.540681726299226 ], [ 609.120657942312391, -2055.164410762488842 ], [ 627.961175481083046, -2054.208463527262211 ], [ 627.61426787452001, -2042.43722724262625 ], [ 633.342864408541573, -2042.217222098261118 ], [ 634.000285360854832, -2054.160455036908388 ], [ 668.599269705389815, -2052.864664819091558 ], [ 668.164004075795674, -2043.279799500480294 ], [ 658.928281272214008, -2035.30939082428813 ], [ 646.321786856336985, -2024.794996818527579 ], [ 646.060088426744187, -2025.239195676520467 ], [ 632.781809624339076, -2038.313072190620005 ], [ 632.507479929481633, -2038.504604346118867 ], [ 632.185315037089822, -2038.594887950457633 ], [ 629.181163267690863, -2038.91177636384964 ], [ 609.065312745633491, -2053.540681726299226 ] ], [ [ 607.72457838784976, -1994.722087869420648 ], [ 611.972982026696627, -1997.418650025501847 ], [ 632.242014190844202, -2014.218518062494695 ], [ 635.469014552883891, -2013.518624661490321 ], [ 635.811681705952651, -2013.504502805881202 ], [ 640.244084122738059, -2014.131902190856636 ], [ 645.277346423299605, -2018.436929773539305 ], [ 645.547622406211303, -2018.813065222464502 ], [ 645.877501444207155, -2019.617216903716326 ], [ 649.770495664100963, -2014.97005336266011 ], [ 667.726157502625938, -1992.814547656103969 ], [ 673.21657751827297, -1985.805696071125567 ], [ 654.61303172947737, -1986.340214168652892 ], [ 652.378912012449291, -1986.568373726680875 ], [ 644.877459948040269, -1989.255605973303318 ], [ 644.560248774198044, -1989.31396964378655 ], [ 612.049946145936701, -1989.961780969053507 ], [ 603.318622178254373, -1990.044318217784166 ], [ 607.72457838784976, -1994.722087869420648 ] ], [ [ 806.018603311398692, -1662.517067469656467 ], [ 809.643821319556082, -1659.627143496647477 ], [ 784.536780611470022, -1668.589831785298884 ], [ 793.939395090908874, -1681.357507350854576 ], [ 792.37269293524696, -1682.601693448610604 ], [ 782.533597799078052, -1669.241327095776796 ], [ 767.561361503068838, -1673.222115811891854 ], [ 727.967326520467395, -1686.078047282062471 ], [ 734.052975910104578, -1702.312105947174132 ], [ 734.25720078348786, -1704.067819117568433 ], [ 734.840288946219516, -1705.565576337277889 ], [ 734.818557604427042, -1705.877582035027444 ], [ 734.654738656190602, -1706.223330828361213 ], [ 738.459236004971899, -1718.339643708430231 ], [ 733.875739605546187, -1728.191171397455037 ], [ 725.104801075363866, -1730.990838138386607 ], [ 704.757715861403994, -1727.048479534685612 ], [ 697.632680077540499, -1719.743104806169868 ], [ 702.601512503735648, -1709.920876807533205 ], [ 715.3465700408251, -1705.892851050011814 ], [ 716.555402998954378, -1707.211961184628308 ], [ 718.582001269522152, -1707.116512951441109 ], [ 721.1348601905338, -1706.10599441640079 ], [ 722.081550873524975, -1704.628353276289999 ], [ 722.48592554850984, -1700.06343687698245 ], [ 721.114039617286835, -1696.551790788769722 ], [ 727.227172989900282, -1694.379698710516095 ], [ 722.536373805318362, -1683.335876498371363 ], [ 719.500635339867586, -1676.654680386185646 ], [ 719.378117122498224, -1676.018657701089978 ], [ 719.445821772033014, -1676.37014271505177 ], [ 695.781064959846844, -1693.307650914415717 ], [ 693.960246454344087, -1694.799917209893465 ], [ 692.538987323032416, -1696.247519503347576 ], [ 691.992674136146888, -1696.233082960359752 ], [ 691.204586730937081, -1697.272253854200244 ], [ 689.563360860918692, -1709.768756438978016 ], [ 689.455399455908264, -1713.635467857122421 ], [ 689.724390301313178, -1717.844258341006935 ], [ 690.800805756547561, -1721.719932123087347 ], [ 691.952324921750915, -1724.16302343737334 ], [ 693.911427892184292, -1727.007487391121686 ], [ 696.994275243965603, -1729.493961786851287 ], [ 701.116439305393214, -1731.943882677704096 ], [ 704.959693367343789, -1733.470726788043976 ], [ 709.111295540116771, -1734.614106183871627 ], [ 714.015538938454483, -1735.239798239432275 ], [ 719.173291349557985, -1735.410526663996279 ], [ 722.61588550992019, -1735.045214060693979 ], [ 726.063361074659042, -1734.458974690176547 ], [ 730.33489625717084, -1733.123089005239308 ], [ 740.649814084190439, -1728.49025412555784 ], [ 742.498457832247368, -1727.406331076286733 ], [ 741.83889831720262, -1725.589509303681552 ], [ 741.90735791663792, -1724.918229605071247 ], [ 741.598791791893746, -1722.754712441004813 ], [ 741.652868606895936, -1720.490443834103644 ], [ 742.699376183289132, -1719.069803226739168 ], [ 746.000064151741753, -1720.668435070663691 ], [ 748.211142084006497, -1721.347744077444077 ], [ 751.809414995588668, -1720.768251766450703 ], [ 755.318343080503837, -1719.709293525665998 ], [ 762.388703959732084, -1714.677187969908118 ], [ 774.720264883560958, -1704.311851841397583 ], [ 790.657259502866509, -1691.263756036758423 ], [ 790.796168503096851, -1691.278477526269853 ], [ 803.118434396679731, -1681.501019530929625 ], [ 803.134561837810907, -1681.360518182627857 ], [ 799.637058188285664, -1676.95924595464021 ], [ 799.487660857364972, -1676.950277433730662 ], [ 794.441565113567776, -1671.472082999534905 ], [ 805.419153219958389, -1661.846600626595318 ], [ 806.018603311398692, -1662.517067469656467 ] ], [ [ 822.112462326103923, -1662.645678302273154 ], [ 816.001102694724977, -1657.149702858179808 ], [ 807.35230986771785, -1664.006618393585086 ], [ 808.144843149631924, -1664.89047190733254 ], [ 799.977703911101344, -1671.639728520065546 ], [ 806.878813930507022, -1678.873044378124177 ], [ 812.980743707714282, -1674.222824905999005 ], [ 813.518564085214166, -1674.849998534657061 ], [ 824.498116586411925, -1666.188217985443771 ], [ 822.112462326103923, -1662.645678302273154 ] ], [ [ 862.766925243337027, -1751.16235529538244 ], [ 863.609151119280796, -1791.523560596629977 ], [ 863.657083698264614, -1800.771474218927324 ], [ 863.882916617361843, -1805.92695588991046 ], [ 863.965029048998986, -1806.176774378865957 ], [ 869.754003025944257, -1802.360223866067827 ], [ 870.047612388956622, -1801.772668994031847 ], [ 871.105946873121866, -1798.542269511148334 ], [ 872.137612169613931, -1794.154517865739763 ], [ 872.337180923268534, -1790.691568003036082 ], [ 872.180709703754474, -1785.09110199008137 ], [ 870.848822451593151, -1753.426557709462941 ], [ 870.235342513347859, -1736.954214092344046 ], [ 870.000877487531397, -1731.781434807926416 ], [ 869.75337690842025, -1728.206121326424181 ], [ 869.421004937157704, -1725.624165114015341 ], [ 868.709648629668663, -1722.376526485197246 ], [ 867.181623136264534, -1716.119296639226377 ], [ 864.778247013689906, -1707.66528532654047 ], [ 862.116414066582365, -1698.944842737168074 ], [ 858.985730545638944, -1689.306325422599912 ], [ 854.222242077710689, -1676.484954821877182 ], [ 844.190192754926102, -1684.775549437850714 ], [ 844.873300291646956, -1685.816437888890505 ], [ 846.811436458598109, -1690.135932941921055 ], [ 852.730338397215746, -1707.692108509130776 ], [ 857.014520747412462, -1719.291280464269221 ], [ 860.871932490266772, -1733.388410047627985 ], [ 862.707169073328259, -1748.298456205055118 ], [ 862.766925243337027, -1751.16235529538244 ] ], [ [ 899.245037945484, -1780.40382332354784 ], [ 898.802460120134128, -1764.570057096891105 ], [ 894.820991716886056, -1722.473368431441486 ], [ 889.883893280215489, -1698.04432809446007 ], [ 884.588967540663361, -1679.853830524720252 ], [ 876.803821996640181, -1658.082306618802249 ], [ 868.143230403989946, -1665.144086712040007 ], [ 868.808125886162088, -1667.051637415774167 ], [ 870.008832353067191, -1670.095394383184612 ], [ 877.940547262429391, -1692.460225444287062 ], [ 879.898866733788964, -1698.870398553088307 ], [ 881.791119793311736, -1704.299174586310983 ], [ 883.751640854101424, -1712.424683364108205 ], [ 884.925737534660584, -1716.766408779658377 ], [ 886.429982914589345, -1723.525248598307371 ], [ 888.400620565455029, -1731.692686250433326 ], [ 898.480191064380051, -1779.935039038769901 ], [ 899.245037945484, -1780.40382332354784 ] ], [ [ 627.443968443800259, -1807.295274508185685 ], [ 631.779373314930126, -1802.242763075046241 ], [ 653.118557797168251, -1779.20276553183794 ], [ 665.416087708324994, -1768.317829576320946 ], [ 666.212735384398911, -1728.434683223254979 ], [ 670.21619151856612, -1711.804322519339621 ], [ 671.758072913920842, -1705.758418773300946 ], [ 671.176501282045137, -1705.783108917996287 ], [ 644.843512074481623, -1715.303852830082178 ], [ 660.650572846096111, -1767.690019094385207 ], [ 639.867999126814539, -1776.835782527923584 ], [ 642.756624344081501, -1786.995610032230616 ], [ 628.990129203069955, -1801.699729002080858 ], [ 625.033321053731925, -1800.451991221867502 ], [ 624.800750373327901, -1803.413536624982953 ], [ 625.524634134912048, -1805.797468260861933 ], [ 627.443968443800259, -1807.295274508185685 ] ], [ [ 666.866897586523919, -1769.703746303915977 ], [ 654.551579777815277, -1780.597820725291967 ], [ 633.259127527186138, -1803.587361275218427 ], [ 629.509213766519679, -1807.958512728102505 ], [ 633.943521556799169, -1807.735169567167759 ], [ 652.358067793255032, -1796.721299246884882 ], [ 653.49159517211956, -1794.996237800456583 ], [ 653.289024394913213, -1794.86629937030375 ], [ 654.371805181306627, -1793.178405131213367 ], [ 658.854053578294042, -1786.607403882779181 ], [ 666.332970270235819, -1773.418546613305807 ], [ 667.361043416365646, -1771.186549052596092 ], [ 667.581745573657827, -1771.305228052660823 ], [ 668.657032033488576, -1769.347119485028088 ], [ 666.866897586523919, -1769.703746303915977 ] ], [ [ 707.198634474891151, -1743.470326845534146 ], [ 692.002230865300589, -1753.863122629933059 ], [ 679.393754142625767, -1762.202905909158289 ], [ 677.331076589807708, -1764.333135983906686 ], [ 676.696674093622278, -1766.134658160619438 ], [ 677.071592850681554, -1766.273506757803261 ], [ 675.558407255661223, -1770.352726412005723 ], [ 672.024430491283056, -1777.490699437446892 ], [ 667.996205562320029, -1784.895348449237645 ], [ 666.529620664297909, -1787.030517622828484 ], [ 666.203150415103664, -1787.6651182891801 ], [ 666.27080287057106, -1787.717153838835657 ], [ 666.837829563095511, -1787.458737378008664 ], [ 678.515905663551166, -1779.641574683599174 ], [ 694.314984337239366, -1768.778954699635506 ], [ 717.397372540721335, -1756.092698646709323 ], [ 717.62774883316888, -1755.910484427586198 ], [ 717.555232491091374, -1755.818669581785798 ], [ 732.303959272661814, -1744.120743380859494 ], [ 735.192635434039403, -1741.683403427712619 ], [ 732.192441255143422, -1742.8268076563254 ], [ 728.00980217252436, -1744.009767709299922 ], [ 722.429276655835565, -1744.968377400189638 ], [ 716.530051255262151, -1745.305028925649822 ], [ 709.550681253764196, -1744.302805467508733 ], [ 709.607516509466222, -1743.906987688504159 ], [ 708.185314337832096, -1743.702762491069734 ], [ 707.198634474891151, -1743.470326845534146 ] ], [ [ 743.835977083945181, -1773.311640538275242 ], [ 745.241059964477245, -1773.374308271333575 ], [ 744.031285958566514, -1771.791398669593036 ], [ 743.981854595562254, -1772.262066474184394 ], [ 743.835977083945181, -1773.311640538275242 ] ], [ [ 749.128878651541527, -1775.130488969385624 ], [ 752.328997246933795, -1779.195587578229606 ], [ 781.175365665952995, -1803.669635863043368 ], [ 785.722720279496571, -1805.07562598772347 ], [ 786.572279557951333, -1805.162262922152877 ], [ 787.743686874826381, -1787.630498983897269 ], [ 789.111454303008941, -1779.830574018880725 ], [ 791.674186434862349, -1771.371042471379042 ], [ 794.434178783965763, -1766.108050501905382 ], [ 749.128878651541527, -1775.130488969385624 ] ], [ [ 797.109046307597964, -1765.325039394199848 ], [ 793.559225886263448, -1772.044127985835075 ], [ 791.070006373423894, -1780.236740560270846 ], [ 789.734768759244616, -1787.819383117370307 ], [ 788.57103936457861, -1805.20933579094708 ], [ 789.1619156415818, -1805.196803933009505 ], [ 801.991381168136286, -1806.448264276608825 ], [ 802.144082484797764, -1804.15358566865325 ], [ 810.717950181764536, -1805.087558805011213 ], [ 810.541701146636115, -1807.461236377246678 ], [ 817.437086783456834, -1808.560268573462963 ], [ 823.134013141689138, -1809.757855874486268 ], [ 827.445179819434998, -1810.538963042199612 ], [ 838.942478990504242, -1813.975385803729296 ], [ 840.760773146581414, -1814.274085795506835 ], [ 843.848432948178015, -1814.563606046140194 ], [ 850.590134662763376, -1814.346334275789559 ], [ 853.159819472231902, -1813.262703424319625 ], [ 859.826461937605927, -1807.978062691166997 ], [ 860.621588857664392, -1806.409750156104565 ], [ 860.846675068791228, -1802.497246175073087 ], [ 860.428083756060005, -1796.64468816947192 ], [ 860.143691837602091, -1783.543372327461839 ], [ 860.458024969388134, -1769.808410990983248 ], [ 859.885337057537981, -1751.520799835212529 ], [ 859.261404733199015, -1742.877228058874607 ], [ 858.216943432453263, -1737.146765583194792 ], [ 855.703535816361182, -1726.22721606772393 ], [ 852.46580115067627, -1717.406657782383263 ], [ 851.819576441979734, -1715.076233463361859 ], [ 850.689550601468, -1713.494668704457581 ], [ 848.927132137889203, -1708.048119332641363 ], [ 803.886323919099596, -1758.76454452611506 ], [ 797.109046307597964, -1765.325039394199848 ] ], [ [ 686.708024820700302, -1816.266149047762156 ], [ 687.266595104903899, -1818.618727404624224 ], [ 688.748400531469088, -1818.303140636533499 ], [ 692.554364584972063, -1817.172551690600812 ], [ 701.142555162396093, -1815.959681836888194 ], [ 707.618773996504387, -1815.903084261342883 ], [ 712.565155383612364, -1816.116693804971874 ], [ 718.878756320953471, -1816.862411722540855 ], [ 745.175038317434883, -1820.284093160182238 ], [ 775.721227965061189, -1824.010393116623163 ], [ 776.075144376944081, -1823.095587882213295 ], [ 776.377892165253797, -1820.428745906800032 ], [ 775.752387758409895, -1820.354178821668029 ], [ 775.701322255119521, -1820.750755875371397 ], [ 724.086986082340445, -1814.14981344807893 ], [ 711.84164335398782, -1813.472248286940157 ], [ 700.251085444328055, -1813.869746167212725 ], [ 690.468363322916048, -1815.314003976993263 ], [ 686.708024820700302, -1816.266149047762156 ] ], [ [ 778.361479062285071, -1820.680399360135198 ], [ 778.047179595818307, -1823.448997619561851 ], [ 777.768329297330638, -1824.260134336538613 ], [ 788.246792922471286, -1825.595560251735151 ], [ 787.561701024389549, -1824.143598730675876 ], [ 785.92086267850209, -1822.34905463270843 ], [ 783.276317748033762, -1821.298592435196042 ], [ 782.808696928035715, -1821.240294164977968 ], [ 782.759228257384166, -1821.637014874257147 ], [ 778.875127877186969, -1821.152828863821924 ], [ 778.66355787187058, -1821.124450394883752 ], [ 778.71681115620413, -1820.728173888288438 ], [ 778.361479062285071, -1820.680399360135198 ] ], [ [ 637.112270353442, -1838.138356466777623 ], [ 652.36579984636046, -1829.512892507947981 ], [ 650.022064343178499, -1830.369031868875027 ], [ 644.863720326689872, -1832.940077311359346 ], [ 637.54655715222907, -1837.465879858471453 ], [ 637.922937595207259, -1835.961714362725616 ], [ 637.697655331179703, -1836.235735788941383 ], [ 637.112270353442, -1838.138356466777623 ] ], [ [ 654.172493325839241, -1828.85292836278677 ], [ 685.331571476912359, -1819.12359665427357 ], [ 684.699538026079608, -1816.461607147008181 ], [ 683.989700457541403, -1816.698670236393809 ], [ 684.378112989092187, -1818.437343898229301 ], [ 674.06046244836034, -1821.588084205053747 ], [ 654.172493325839241, -1828.85292836278677 ] ], [ [ 690.874243172887873, -1835.862761272117496 ], [ 685.883067980134001, -1821.045905415900052 ], [ 653.543186226526814, -1831.143939624540508 ], [ 637.644255988278019, -1840.134380118921399 ], [ 637.752212384499217, -1840.697103837504983 ], [ 640.742938474377297, -1844.303193776868284 ], [ 642.688556713208527, -1845.100710694678128 ], [ 648.630703847575205, -1844.916277696378529 ], [ 666.335473133687628, -1843.056681108660996 ], [ 668.188328811293104, -1842.349062396213412 ], [ 668.680504700951133, -1838.058252149261534 ], [ 690.874243172887873, -1835.862761272117496 ] ], [ [ 765.952962566139831, -1834.205774895846844 ], [ 774.977271776617272, -1825.933773438446224 ], [ 744.928967470030329, -1822.268210065551102 ], [ 718.62664636574118, -1818.845775133930147 ], [ 712.36771534341824, -1818.106584340333939 ], [ 707.608396895202532, -1817.902524801902473 ], [ 701.36738744955619, -1817.947560206986964 ], [ 692.896747958282504, -1819.143962394446135 ], [ 689.284553011495518, -1820.229661526158452 ], [ 687.823579828949732, -1820.544257224537432 ], [ 692.916608258987253, -1835.660742875188589 ], [ 760.908923763849089, -1828.936030059121549 ], [ 761.524810760294713, -1833.286423612385988 ], [ 763.516630624912068, -1833.945915900170803 ], [ 765.952962566139831, -1834.205774895846844 ] ], [ [ 788.922459765983149, -1827.699563918635249 ], [ 777.024255430524136, -1826.183493490330875 ], [ 776.72379494262168, -1826.961518068797886 ], [ 776.46398638213941, -1827.341158965602517 ], [ 768.611353111342396, -1834.489379610866308 ], [ 783.544231118141397, -1836.082804241217673 ], [ 786.245789267299187, -1835.193013831041753 ], [ 787.997839823559843, -1833.160018086433411 ], [ 788.922459765983149, -1827.699563918635249 ] ], [ [ 624.427571358010027, -1849.062674456276 ], [ 629.634817985956033, -1854.044537633657455 ], [ 633.042501514215473, -1856.472141437232494 ], [ 636.788875561651366, -1858.594540312886238 ], [ 639.840255451277699, -1860.714075085707009 ], [ 641.801562103739343, -1862.857751836068928 ], [ 643.339816246480041, -1864.909878033213317 ], [ 644.578684314357815, -1866.986723011359572 ], [ 646.404638273301316, -1868.545588737353683 ], [ 648.32448237679273, -1869.777865912765265 ], [ 650.924807181690994, -1870.463393303565681 ], [ 653.549117946375191, -1870.575171511620283 ], [ 656.175399369469233, -1870.359157231636345 ], [ 655.541007233119672, -1863.797648792155087 ], [ 659.968589556217921, -1862.574814246967435 ], [ 660.050804047219572, -1860.737284062430263 ], [ 658.263783268495899, -1855.724091142416 ], [ 654.447344951548075, -1853.351891552098095 ], [ 651.897460527308795, -1852.417266394011676 ], [ 647.461632975568136, -1852.258825585246086 ], [ 642.377460815987433, -1853.172099211253226 ], [ 637.571526484274727, -1852.78696124535054 ], [ 631.52043957029673, -1849.144010884687304 ], [ 628.937398799689618, -1846.266627944074571 ], [ 624.427571358010027, -1849.062674456276 ] ], [ [ 798.151021251893326, -1826.882568056695163 ], [ 823.856107710987999, -1830.223980004899204 ], [ 843.478639185110296, -1833.108798968605697 ], [ 849.159008369884759, -1835.013324707746506 ], [ 852.96749350617938, -1837.124000392854214 ], [ 857.719968691593749, -1840.08430939540267 ], [ 857.912935612175716, -1839.752304716035724 ], [ 857.94115022789083, -1839.586965963244438 ], [ 857.478625014911813, -1839.02367902547121 ], [ 856.132882157995482, -1837.696163855493069 ], [ 855.932329662211487, -1837.794181382283568 ], [ 852.04533490052745, -1834.158597238361835 ], [ 849.555245040295631, -1832.176057427190244 ], [ 846.494290978433128, -1830.513102546334267 ], [ 843.473112732301161, -1829.448418840765953 ], [ 833.831028742328272, -1828.067489430308342 ], [ 805.071674772188999, -1824.334232851862907 ], [ 805.099691169312791, -1824.118354814127088 ], [ 803.72141150164498, -1823.94000778067857 ], [ 801.859102791273472, -1824.120857810601592 ], [ 799.565803517873064, -1825.077946668490767 ], [ 798.151021251893326, -1826.882568056695163 ] ], [ [ 778.922178194357912, -1804.379914776422083 ], [ 750.958933056908791, -1780.65513252466917 ], [ 746.833260170998983, -1775.446622780524194 ], [ 743.559487016949788, -1775.300610076636076 ], [ 743.347341886583308, -1776.826692312024534 ], [ 738.711752424300357, -1777.488140932284296 ], [ 738.654444479323502, -1779.285368804819882 ], [ 738.967432325165646, -1784.878261474892497 ], [ 739.601198694348568, -1787.521313248202205 ], [ 742.016695781672752, -1793.046249360777438 ], [ 749.051998158118295, -1801.407806063070893 ], [ 753.808515709330095, -1804.841358481906354 ], [ 760.442397449563941, -1807.381021185778081 ], [ 766.046230525553256, -1808.27216799557209 ], [ 772.369163337658392, -1808.608478321693838 ], [ 776.719965002761455, -1808.650523450225592 ], [ 777.006417143305953, -1804.179539759643376 ], [ 778.922178194357912, -1804.379914776422083 ] ], [ [ 668.770957525435733, -1767.285821644589305 ], [ 669.194953960499333, -1767.201441247947514 ], [ 672.19570784046482, -1753.229737847112119 ], [ 675.310738058418792, -1726.101208281703293 ], [ 676.417087460087714, -1706.517818698659539 ], [ 674.871533628662291, -1705.713296685367823 ], [ 673.827914272351336, -1705.732809269800782 ], [ 672.157904730856899, -1712.280811834149063 ], [ 668.209469331086439, -1728.583804777823389 ], [ 667.431082362874804, -1767.552748753689229 ], [ 668.770957525435733, -1767.285821644589305 ] ], [ [ 678.156282384290535, -1760.631688985042274 ], [ 690.879980815787349, -1752.208471614867449 ], [ 704.552151749909171, -1742.858055138960481 ], [ 703.738426834732309, -1742.673254917375743 ], [ 703.300583126383572, -1742.978678319603205 ], [ 702.341617698913979, -1742.744646888226271 ], [ 694.676267991706482, -1739.175566427409649 ], [ 689.980700924650591, -1735.811507118865848 ], [ 687.52984037378701, -1733.582859758287668 ], [ 684.928002384151114, -1730.481488852761686 ], [ 682.994013721850934, -1727.080182258971035 ], [ 681.624543959635048, -1740.643954716622829 ], [ 679.034682695619267, -1758.678295200690627 ], [ 678.906494285161898, -1759.123455818742514 ], [ 678.546004359817744, -1759.01602621935308 ], [ 678.156282384290535, -1760.631688985042274 ] ], [ [ 744.676382359037234, -1769.342964965850115 ], [ 747.751276058110307, -1773.366260849870741 ], [ 795.815855896875291, -1763.794318699277937 ], [ 802.416582283276512, -1757.408613228239119 ], [ 847.799203365942958, -1706.307303064502776 ], [ 844.400987766903199, -1705.22160233091563 ], [ 840.701202983773328, -1705.844077136367559 ], [ 841.047203777621689, -1706.248776691965759 ], [ 829.499911544213319, -1715.18833514302969 ], [ 821.363293847456589, -1704.926523704081774 ], [ 820.118854545904469, -1705.934495921246707 ], [ 818.080713595622001, -1708.293225814588368 ], [ 774.228069140181105, -1743.045272988267243 ], [ 751.144404403505177, -1761.71004812605679 ], [ 745.0269275736282, -1768.413741022348404 ], [ 744.676382359037234, -1769.342964965850115 ] ], [ [ 839.29312347551604, -1704.195345614105463 ], [ 839.779352722502153, -1703.971761658787727 ], [ 844.545455947260052, -1703.198450967669487 ], [ 847.671479423428536, -1704.167670592665672 ], [ 843.208382255399556, -1690.374987649731338 ], [ 841.033503124561321, -1687.445472903549671 ], [ 830.982091298526939, -1696.32906186580658 ], [ 831.257067316582834, -1696.714774440973997 ], [ 825.529265771510836, -1701.501811846159399 ], [ 830.938354049896589, -1708.758430564776063 ], [ 838.346848998133282, -1703.085960224270821 ], [ 839.29312347551604, -1704.195345614105463 ] ], [ [ 902.697534229391749, -1806.717644353397191 ], [ 942.584627845804789, -1778.275798284448683 ], [ 969.414033437362377, -1747.559762654826045 ], [ 936.567934065984446, -1714.437824273481965 ], [ 882.474945318957907, -1658.692582493647933 ], [ 880.150185061515003, -1655.354756444692612 ], [ 878.55947618285245, -1656.651522077620029 ], [ 878.609634096144873, -1657.194458937272429 ], [ 886.48166955949273, -1679.208974691107869 ], [ 891.815254803093922, -1697.525814841501415 ], [ 896.791102139975919, -1722.128861034289002 ], [ 900.796015075262403, -1764.414834431372583 ], [ 901.268758422402243, -1781.632223905064166 ], [ 901.967808798832266, -1782.0523696905002 ], [ 902.184747028773927, -1791.309815686196089 ], [ 902.269186617026207, -1791.312015702947974 ], [ 902.531357404770461, -1798.978770509362221 ], [ 902.582813029850513, -1804.314573618583381 ], [ 902.697534229391749, -1806.717644353397191 ] ], [ [ 728.255104015648612, -1683.882544438354671 ], [ 766.969648328818948, -1671.312178004533052 ], [ 782.637782854910256, -1667.144852517172694 ], [ 801.294338317853544, -1660.484797951765358 ], [ 799.345816097256829, -1659.708879455924034 ], [ 795.698325787610884, -1658.646253573708236 ], [ 777.517133682727945, -1654.225922179408371 ], [ 774.056227268749353, -1653.032392296940088 ], [ 772.591645370364859, -1652.046934210695326 ], [ 772.54440486464955, -1652.300323353148997 ], [ 767.553307370179027, -1655.159035141579807 ], [ 766.660010880563277, -1654.548692776821554 ], [ 760.678385389102914, -1657.383016149513423 ], [ 734.080609221160557, -1673.18814907129854 ], [ 733.982429244930245, -1673.259584880433977 ], [ 728.255104015648612, -1683.882544438354671 ] ], [ [ 829.052750646351342, -2046.96528715454042 ], [ 828.816037266677085, -2046.918588931672275 ], [ 829.506376610410371, -2043.418759127147496 ], [ 832.040698259725104, -2010.316345725208521 ], [ 829.831990326529194, -2009.536156667396426 ], [ 829.479458887266446, -2009.564739542081952 ], [ 829.036120222745012, -2010.147299033589661 ], [ 823.023510963890658, -2046.315294403582811 ], [ 823.182086481507213, -2047.292571282014251 ], [ 827.107782670316737, -2047.478383336216211 ], [ 829.052750646351342, -2046.96528715454042 ] ], [ [ 736.260176259795116, -1797.739391061477363 ], [ 736.341070989517902, -1797.887249351479113 ], [ 738.682535512840332, -1801.914585973136127 ], [ 736.260176259795116, -1797.739391061477363 ] ], [ [ 860.267039441647285, -1842.469266347587109 ], [ 859.334183693117666, -1857.996047164313495 ], [ 857.101756556723558, -1869.42373008467257 ], [ 848.61147438570697, -1906.878690362907946 ], [ 847.604374297690811, -1916.192373035475612 ], [ 847.641405337264587, -1917.690189486369491 ], [ 850.718900289199155, -1914.929574289359152 ], [ 851.351918820961146, -1913.864507739432156 ], [ 852.713023598877044, -1910.907922051846981 ], [ 853.980255093334563, -1907.59782279189676 ], [ 856.313256124845793, -1898.258599628694355 ], [ 864.332869311878312, -1861.686173662543297 ], [ 864.795646776688955, -1858.000044783577323 ], [ 864.851038025937669, -1857.010280353017151 ], [ 864.281677909864811, -1852.253893787972629 ], [ 863.230144388548069, -1848.463989374227822 ], [ 861.253631911540651, -1844.460986818186939 ], [ 860.862237737246687, -1843.936242121271789 ], [ 861.147179123034221, -1843.723647671751678 ], [ 860.267039441647285, -1842.469266347587109 ] ], [ [ 836.425997609023398, -1980.794756730087101 ], [ 839.075177661978159, -1981.638373675756156 ], [ 838.913508605384777, -1981.551176185719669 ], [ 847.384766475073775, -1961.140853366814554 ], [ 847.849218602166729, -1958.766862230375409 ], [ 847.912045126953672, -1956.161661616526544 ], [ 847.7843619559535, -1953.971002114005387 ], [ 847.3528978625327, -1954.070088024251163 ], [ 846.568757634207941, -1954.464285780675709 ], [ 846.01032293948083, -1955.436454735696316 ], [ 845.405509986465404, -1956.834629578515887 ], [ 843.192831805001333, -1962.846940752118826 ], [ 839.213035355402099, -1973.071904132142663 ], [ 836.425997609023398, -1980.794756730087101 ] ], [ [ 725.529024620664131, -1807.071444099768996 ], [ 745.720172746659955, -1809.791620442643762 ], [ 740.467250333675111, -1804.490075813606381 ], [ 738.368939100413627, -1802.162627099081874 ], [ 735.995357977431922, -1798.08822356723249 ], [ 734.397624428011113, -1795.164765696972609 ], [ 732.339078417357086, -1788.799544340930879 ], [ 732.066715446739181, -1787.150884009897709 ], [ 731.892945185663848, -1785.152702568098903 ], [ 731.913429212849223, -1778.738604272715747 ], [ 728.429334030086466, -1780.269020857289433 ], [ 717.582853534702735, -1788.402295055799186 ], [ 689.639175740112478, -1807.755567130632699 ], [ 689.123602343317543, -1808.666401678696275 ], [ 691.239735342962376, -1808.231744775548577 ], [ 705.740458458696594, -1806.294837238267064 ], [ 715.968326826096018, -1806.371901766397059 ], [ 725.529024620664131, -1807.071444099768996 ] ], [ [ 687.529897074145993, -1732.973262083716691 ], [ 687.83166559635356, -1733.320582946762443 ], [ 688.474118520218326, -1733.904671239666641 ], [ 687.831765456474386, -1733.320587415248156 ], [ 687.529897074145993, -1732.973262083716691 ] ], [ [ 785.029446216833094, -1846.275902790948749 ], [ 781.858137290986633, -1844.693066410720348 ], [ 776.931023837783869, -1844.332525793462992 ], [ 773.300290127632252, -1845.861189747229218 ], [ 773.231903974461602, -1846.71869489364326 ], [ 774.459382141840251, -1847.464067859575152 ], [ 779.44668243779779, -1846.926710195839405 ], [ 776.987493598966466, -1861.186113266274333 ], [ 773.159239633638208, -1861.985466874204576 ], [ 773.255557257980399, -1867.213204886764288 ], [ 781.349866679986008, -1866.564696605317295 ], [ 783.453994565152243, -1864.93770966026932 ], [ 784.684394652866104, -1859.579206797294319 ], [ 785.754692947803051, -1849.30031565297395 ], [ 785.029446216833094, -1846.275902790948749 ] ], [ [ 721.266296651609082, -1929.985798797570169 ], [ 715.722162959735215, -1930.632367176003754 ], [ 716.131998369675784, -1937.57524886354804 ], [ 716.352776182178786, -1938.455698266625404 ], [ 717.577997339114518, -1938.580562920309603 ], [ 775.541620619811511, -1933.759098248556256 ], [ 783.201882060193384, -1932.971090892329812 ], [ 784.442069794466079, -1930.524937385693192 ], [ 783.29051137816532, -1915.600158100016415 ], [ 786.645934901607689, -1915.322692020796239 ], [ 786.73503625633748, -1915.245829103514552 ], [ 785.661601523917852, -1902.578196124173701 ], [ 785.576556401743801, -1902.487775641493499 ], [ 773.446407930403439, -1900.702165948227048 ], [ 769.768435445892464, -1862.555924883112311 ], [ 715.460530197520711, -1867.730361926369369 ], [ 709.960084366794035, -1874.246966591104865 ], [ 711.661378794307893, -1892.370441762730479 ], [ 714.406371423543533, -1918.690685210749507 ], [ 714.515601029454047, -1918.779616659507155 ], [ 720.134867594915704, -1918.224804082885385 ], [ 721.266296651609082, -1929.985798797570169 ] ], [ [ 711.959755767727984, -1939.129717753268778 ], [ 711.130461198983539, -1931.497628638520837 ], [ 678.634748991495144, -1934.726784198544919 ], [ 677.371326899388805, -1937.692239876836538 ], [ 678.709532154840417, -1942.225049454718828 ], [ 711.959755767727984, -1939.129717753268778 ] ], [ [ 801.543403555475379, -1922.78304700832814 ], [ 801.129888046798442, -1919.087026786990464 ], [ 796.422454530913456, -1919.585112083703279 ], [ 796.833667315357161, -1923.352971863001585 ], [ 801.454263108651503, -1922.892491292208433 ], [ 801.543403555475379, -1922.78304700832814 ] ], [ [ 793.727594926003803, -1877.451513092033565 ], [ 797.631047898898032, -1877.140842640772462 ], [ 797.720319900176037, -1877.064530939795077 ], [ 797.106576149817556, -1869.178666334599257 ], [ 797.03027585653399, -1869.089286425150931 ], [ 793.1008599602701, -1869.392725851386786 ], [ 793.011495738875965, -1869.468969743698835 ], [ 793.61999890016159, -1877.359610334970057 ], [ 793.727594926003803, -1877.451513092033565 ] ], [ [ 618.567960652750116, -1802.471445491537452 ], [ 614.517128466879512, -1754.148573590442538 ], [ 614.416609153033278, -1754.087676492519677 ], [ 590.269952392309278, -1756.118161773309112 ], [ 590.209059758417425, -1756.218651379458606 ], [ 592.732672237158113, -1786.341309782117605 ], [ 592.833283774951269, -1786.402189151383936 ], [ 604.315217369103266, -1785.427836432121694 ], [ 606.214920686647019, -1807.342858399264514 ], [ 614.363813932683115, -1806.677876627072692 ], [ 618.567960652750116, -1802.471445491537452 ] ] ], [ [ [ 759.566944857908311, -2145.675999999977648 ], [ 759.308623010627343, -2139.538845287635922 ], [ 740.490106234221457, -2140.26262703537941 ], [ 740.400887321466143, -2137.028262880630791 ], [ 741.324744667035702, -2135.613642581738532 ], [ 743.104498440301541, -2134.303359969519079 ], [ 745.076088394154795, -2133.133747132495046 ], [ 749.52872387763091, -2132.737575450912118 ], [ 764.336724927847172, -2133.335069743916392 ], [ 764.440407596135628, -2145.675999999977648 ], [ 759.566944857908311, -2145.675999999977648 ] ] ], [ [ [ 999.113119153184016, -2145.675999999977648 ], [ 1005.632299999995666, -2145.390944029204547 ], [ 1005.632299999984753, -2145.675999999046326 ], [ 999.113119153184016, -2145.675999999977648 ] ] ], [ [ [ 1005.632300000053874, -1863.615063644945621 ], [ 988.184547368902713, -1844.929708267562091 ], [ 1005.632300000095711, -1828.800854071974754 ], [ 1005.632300000053874, -1863.615063644945621 ] ] ], [ [ [ 1005.632300000062969, -1811.117317860946059 ], [ 970.024626705959236, -1773.230890960432589 ], [ 969.885717970648329, -1773.224734303541481 ], [ 962.570707013150241, -1764.962873127311468 ], [ 971.546263153277323, -1755.509990121237934 ], [ 995.576112279588415, -1781.63057676423341 ], [ 996.712251950990321, -1781.979605820961297 ], [ 997.476231603708584, -1781.76762634050101 ], [ 999.858028782755355, -1779.637725100852549 ], [ 1005.632300000048417, -1785.565051852725446 ], [ 1005.632300000062969, -1811.117317860946059 ] ] ], [ [ [ 1005.632300000010218, -1780.963771262206137 ], [ 989.971440380568311, -1766.534067153930664 ], [ 1003.678438436982105, -1750.565463517792523 ], [ 1005.632300000064788, -1751.903873970732093 ], [ 1005.632300000010218, -1780.963771262206137 ] ] ], [ [ [ 720.722113073146829, -1645.675999999977648 ], [ 720.229477850038165, -1646.095686634071171 ], [ 719.854331542936052, -1645.675999999977648 ], [ 720.722113073146829, -1645.675999999977648 ] ] ] ] } },
{ "type": "Feature", "properties": { }, "geometry": { "type": "MultiPolygon", "coordinates": [ [ [ [ 1148.41753364023316, -1145.675999999977648 ], [ 1147.202247420213098, -1145.033209983259439 ], [ 1142.634133424577158, -1142.174402338452637 ], [ 1136.857770144459209, -1137.0998151358217 ], [ 1131.486712270216231, -1132.814278561621904 ], [ 1126.135798885501572, -1127.099751693196595 ], [ 1121.300350781804809, -1122.97636457812041 ], [ 1114.777546295055799, -1117.652898501604795 ], [ 1102.827069100741937, -1108.751752039417624 ], [ 1083.505905455176617, -1093.267805147916079 ], [ 1074.394487088733513, -1086.889611328952014 ], [ 1066.545717355626039, -1081.083556227385998 ], [ 1058.174710235902239, -1073.580333695746958 ], [ 1050.661890045335895, -1066.336032337509096 ], [ 1038.289669926829447, -1052.92611001804471 ], [ 1027.615806670417442, -1039.581132826395333 ], [ 1015.785457569865684, -1025.218713550828397 ], [ 1008.127880654426917, -1016.9910719525069 ], [ 1005.632299999946554, -1013.80668330937624 ], [ 1005.632300000088435, -1010.565446808934212 ], [ 1009.675260077265193, -1015.724308806471527 ], [ 1017.309324241861759, -1023.92410387750715 ], [ 1029.163624627532045, -1038.315600818954408 ], [ 1039.783165933438795, -1051.596458164975047 ], [ 1052.070792427481138, -1064.917192382737994 ], [ 1059.52274331186527, -1072.103716601617634 ], [ 1067.845044594496358, -1079.563282432965934 ], [ 1075.551583696063972, -1085.259104807861149 ], [ 1084.73089357873323, -1091.687389375641942 ], [ 1104.063533623329931, -1107.180533480830491 ], [ 1116.024506102483429, -1116.089939422905445 ], [ 1122.572847057555919, -1121.43424662668258 ], [ 1127.476293840343715, -1125.615313058719039 ], [ 1132.790870269511288, -1131.297114928252995 ], [ 1138.161487194221991, -1135.583839585073292 ], [ 1143.764736475099198, -1140.523448182269931 ], [ 1148.16936649987656, -1143.28298791218549 ], [ 1152.693697184302437, -1145.675999999046326 ], [ 1148.41753364023316, -1145.675999999977648 ] ] ], [ [ [ 1005.632299999962925, -975.416182775050402 ], [ 1005.676009986405916, -975.445081385783851 ], [ 1012.797200110042468, -981.42742215283215 ], [ 1037.435470350015748, -1005.362402153201401 ], [ 1049.827560863348481, -1016.780950305983424 ], [ 1058.471283669279728, -1023.799438394606113 ], [ 1061.221174082296784, -1026.418102561496198 ], [ 1062.998226919380613, -1028.441666803322732 ], [ 1064.96329869319743, -1031.063253533095121 ], [ 1067.061745510110995, -1035.211260411888361 ], [ 1072.017402700845196, -1043.008914419449866 ], [ 1078.532758328532509, -1047.610776327550411 ], [ 1084.918672324170984, -1052.457794701680541 ], [ 1091.036972153306124, -1057.46089153829962 ], [ 1098.268225507250463, -1063.824958872981369 ], [ 1124.434525584863877, -1088.18328772764653 ], [ 1139.704212881410058, -1102.192294761538506 ], [ 1149.586368472688264, -1110.02522627543658 ], [ 1165.56765739992079, -1121.169727216474712 ], [ 1169.694318661246143, -1124.628778574988246 ], [ 1183.523265190789971, -1141.002869599498808 ], [ 1187.261686006533637, -1145.675999999977648 ], [ 1184.701719533188225, -1145.676000001840293 ], [ 1181.987235404427338, -1142.282731815241277 ], [ 1168.223116372531877, -1125.985399499535561 ], [ 1164.38853502854181, -1122.784906126558781 ], [ 1148.368471873427552, -1111.611077805049717 ], [ 1138.434033869712948, -1103.736705504357815 ], [ 1123.073415857474174, -1089.647752560675144 ], [ 1096.918355767125831, -1065.299841677770019 ], [ 1089.729743210542438, -1058.973749340511858 ], [ 1083.695414934165456, -1054.039321325719357 ], [ 1077.36361415252577, -1049.232698809355497 ], [ 1070.710533111430777, -1044.534190046600997 ], [ 1070.447687467281867, -1044.262057651765645 ], [ 1069.130197658321777, -1042.240820745006204 ], [ 1065.344458256307917, -1036.236231324262917 ], [ 1063.309929489736533, -1032.190911483950913 ], [ 1061.42155504899165, -1029.671646066941321 ], [ 1059.809088526877531, -1027.834168522618711 ], [ 1057.180041833722498, -1025.326378457248211 ], [ 1048.495760202111342, -1018.272440703585744 ], [ 1036.070520979206776, -1006.823348092846572 ], [ 1011.483948697248707, -982.935366366989911 ], [ 1005.632299999941097, -978.019536870531738 ], [ 1005.632299999962925, -975.416182775050402 ] ] ], [ [ [ 1198.458773185875543, -1145.675999999977648 ], [ 1195.693546315900676, -1142.575904082506895 ], [ 1181.2885151749324, -1126.821461481042206 ], [ 1171.442704897892327, -1114.953428661450744 ], [ 1167.74914350563995, -1109.83491571713239 ], [ 1164.3900722743183, -1106.134990691207349 ], [ 1159.446644455723799, -1100.084880306385458 ], [ 1141.446717451517543, -1081.770416460931301 ], [ 1122.446583519440537, -1063.378779320046306 ], [ 1111.995344293276503, -1052.294189989566803 ], [ 1106.845349949600859, -1046.179900964722037 ], [ 1100.236756268150202, -1038.86330353282392 ], [ 1097.643793639512296, -1035.538980177603662 ], [ 1088.992241433919844, -1025.187842075712979 ], [ 1079.607086392667043, -1015.772016704082489 ], [ 1065.834536350132112, -1001.536850992590189 ], [ 1055.018126909553757, -990.786152647808194 ], [ 1037.689503181256441, -973.279834448359907 ], [ 1027.949354269532705, -963.717739786021411 ], [ 1023.956892740747207, -959.938941727392375 ], [ 1005.632299999932002, -941.231867830269039 ], [ 1005.632300000081159, -935.550862214528024 ], [ 1042.788446497857876, -972.707447852939367 ], [ 1058.900605812783397, -988.998575829900801 ], [ 1065.637886411839645, -995.64418669603765 ], [ 1086.142354974315822, -1016.644802247174084 ], [ 1095.935507870854053, -1027.229638485237956 ], [ 1096.605881509622122, -1027.651590187102556 ], [ 1097.97554366850818, -1027.697161981835961 ], [ 1099.111083590772978, -1027.169488845393062 ], [ 1101.868491513592744, -1024.519340080209076 ], [ 1102.23311935448146, -1023.909042787738144 ], [ 1005.632299999921088, -929.124723195098341 ], [ 1005.632299999952011, -897.883041330613196 ], [ 1033.451261168949713, -925.142343471758068 ], [ 1062.015031633767649, -896.201192298904061 ], [ 1058.270815029913138, -895.194937519729137 ], [ 1009.726965509691581, -874.097710554488003 ], [ 1005.632299999937459, -877.898657716810703 ], [ 1005.632300000001123, -851.975995874032378 ], [ 1012.81064292564588, -845.59709966275841 ], [ 1011.729222637781277, -844.449253397993743 ], [ 1009.902574080102568, -844.634767862036824 ], [ 1007.863637205113264, -844.506476522423327 ], [ 1005.84356175863104, -843.25786333438009 ], [ 1005.63230000000658, -843.023768546059728 ], [ 1005.632299999926545, -840.03960104752332 ], [ 1007.231040604654481, -841.811132491566241 ], [ 1008.461217997437416, -842.564682155847549 ], [ 1009.919830038559667, -842.634015738032758 ], [ 1011.747826904171234, -842.436260673217475 ], [ 1014.681594715908432, -840.339042975567281 ], [ 1015.942134401579096, -839.230443014763296 ], [ 1017.185263578527156, -837.600493796169758 ], [ 1020.513542204205805, -831.624631517566741 ], [ 1021.538289773096039, -830.119311810471117 ], [ 1023.304845584145369, -827.947366218082607 ], [ 1024.98958512493482, -826.102996862493455 ], [ 1029.319313488744228, -822.526190454140306 ], [ 1036.537306895397705, -817.622707170434296 ], [ 1044.760940495165414, -812.883255075663328 ], [ 1047.258238765994975, -811.34285110142082 ], [ 1049.704321080433147, -808.918674048967659 ], [ 1051.91388267295406, -806.465788722038269 ], [ 1065.994536177391637, -789.646697035990655 ], [ 1069.495535579651914, -786.102947676554322 ], [ 1078.12106560009488, -778.435388933867216 ], [ 1078.945789686098578, -776.632456762716174 ], [ 1079.281207972073389, -775.163310279138386 ], [ 1079.501823031492677, -770.193818317726254 ], [ 1069.640488064062083, -765.790443316102028 ], [ 1066.477816131622603, -763.556930212303996 ], [ 1045.840042558094865, -739.793190331198275 ], [ 1042.205908731095406, -737.240529225207865 ], [ 1040.262991313406019, -736.81284704990685 ], [ 1037.812616916766274, -737.236649246886373 ], [ 1036.703151710815291, -737.752076036296785 ], [ 1019.195984757026963, -750.152694467455149 ], [ 1005.63229999993564, -763.704140487127006 ], [ 1005.632299999961106, -760.88300842884928 ], [ 1017.207955327819946, -749.316492080688477 ], [ 1010.393788824940202, -740.852624863386154 ], [ 1005.632299999968382, -744.864973853342235 ], [ 1005.632299999966563, -720.541574866510928 ], [ 1011.780987245134384, -727.887584718875587 ], [ 1011.921798890800346, -727.900085780769587 ], [ 1020.571118126545116, -720.662066958844662 ], [ 1020.583644914167962, -720.521269630640745 ], [ 1005.632300000090254, -702.658708429895341 ], [ 1005.6323, -681.960766579024494 ], [ 1024.163741974216464, -704.407276309095323 ], [ 1040.467909670142035, -691.146877851337194 ], [ 1047.30194069585923, -698.953408016823232 ], [ 1056.847776346545288, -690.683136362582445 ], [ 1056.857678877331637, -690.542132158763707 ], [ 1017.887043364140482, -645.675999999977648 ], [ 1046.817806638529873, -645.676000001840293 ], [ 1043.609899998584297, -648.621109272353351 ], [ 1043.60297448721758, -651.01237135566771 ], [ 1045.875648888897558, -652.775148528628051 ], [ 1047.191197156165799, -652.894049042835832 ], [ 1049.836547262219028, -651.471396014094353 ], [ 1056.186567389155243, -645.675999999977648 ], [ 1075.611255375692053, -645.675999999977648 ], [ 1087.641119742456794, -659.350211188197136 ], [ 1087.758136949507389, -659.339107315056026 ], [ 1098.97730709087773, -649.437685122713447 ], [ 1119.242138838209939, -672.396989327855408 ], [ 1099.026879749833824, -690.245380389504135 ], [ 1099.038001623930541, -690.362368338741362 ], [ 1107.70638273683835, -700.155417987145483 ], [ 1159.164084918644221, -654.794931394979358 ], [ 1159.152961952677288, -654.677934625186026 ], [ 1151.20733226428456, -645.675999999046326 ], [ 1183.544766085515221, -645.675999999977648 ], [ 1196.675602264447662, -659.242155378684402 ], [ 1191.526591022620778, -669.208476181142032 ], [ 1191.860996428020371, -671.574983878061175 ], [ 1194.881457932702688, -677.423882687464356 ], [ 1204.663685923420417, -686.687366507016122 ], [ 1212.276278012954208, -686.517639174126089 ], [ 1214.438563367870302, -685.603721492923796 ], [ 1218.748165363333101, -681.873966896906495 ], [ 1246.846079311861104, -655.943276500329375 ], [ 1236.542912776987578, -645.675999999977648 ], [ 1263.491008734967181, -645.676000001840293 ], [ 1262.485211333469124, -646.624868675135076 ], [ 1261.262429473603333, -648.15305507928133 ], [ 1261.966773322697918, -651.006128765642643 ], [ 1293.594283246908162, -683.731808661483228 ], [ 1296.309740389095168, -683.873318936675787 ], [ 1299.314250121531586, -680.685565814375877 ], [ 1280.529509127267374, -662.623766486532986 ], [ 1282.007032125711703, -661.359000318683684 ], [ 1266.706938153600277, -645.704593248665333 ], [ 1266.595440315788437, -645.675999999977648 ], [ 1272.881249753920201, -645.675999999046326 ], [ 1360.608721785882153, -733.295667556114495 ], [ 1360.724827074642235, -733.313963526859879 ], [ 1368.293004958999518, -725.737854067236185 ], [ 1368.29178974403294, -725.595406319014728 ], [ 1376.477204496733975, -717.089707871899009 ], [ 1370.950223458796245, -710.007923910394311 ], [ 1385.226615939571275, -694.195879908278584 ], [ 1391.237644879969594, -698.957782997749746 ], [ 1394.419499851062938, -699.410352130420506 ], [ 1396.840229952496884, -698.087722201831639 ], [ 1416.10996105288541, -670.42115793004632 ], [ 1414.547125544306255, -667.506585798226297 ], [ 1414.549464148822153, -667.323956239968538 ], [ 1382.350546094161473, -645.675999999977648 ], [ 1416.998930976757038, -645.675999999977648 ], [ 1417.663497598663525, -646.121653321199119 ], [ 1417.907217722278801, -645.675999999977648 ], [ 1434.92570828062162, -645.675999999977648 ], [ 1430.712895883958481, -653.573034334927797 ], [ 1429.09772317842544, -656.134720505215228 ], [ 1439.612986505380832, -651.936663110740483 ], [ 1445.788938154493735, -649.814416949637234 ], [ 1447.809394354775577, -649.238321551121771 ], [ 1450.54416682408737, -649.000308216549456 ], [ 1453.103641189743939, -648.904340715147555 ], [ 1457.331830149661982, -649.180623696185648 ], [ 1463.191611717922569, -649.838518878445029 ], [ 1462.321416708984543, -648.703162130899727 ], [ 1466.761086379909102, -645.675999999977648 ], [ 1489.420115195645849, -645.675999999977648 ], [ 1488.983195735234403, -646.021895852871239 ], [ 1488.9879092203646, -646.139200767502189 ], [ 1495.211440433569805, -654.031023473478854 ], [ 1495.948539444736525, -654.956590018235147 ], [ 1496.087016437815691, -654.973688471131027 ], [ 1505.489167415908014, -667.35427063331008 ], [ 1505.632299999993847, -667.305136416107416 ], [ 1505.632299999948373, -673.445603259839118 ], [ 1465.457857477438665, -709.246644486673176 ], [ 1465.469523563828261, -709.363574906252325 ], [ 1472.682164005562299, -717.461380346678197 ], [ 1472.837655543395158, -717.456781989894807 ], [ 1484.399291734822327, -726.30732808355242 ], [ 1490.702793462192858, -723.167102275416255 ], [ 1495.655602415892645, -721.668442045338452 ], [ 1500.780359477845195, -720.563862247392535 ], [ 1505.632300000035684, -720.228735158219934 ], [ 1505.632300000082978, -722.232374650426209 ], [ 1501.130410437339378, -722.533641261979938 ], [ 1496.117038640792089, -723.614213314838707 ], [ 1491.363725684424935, -725.055892859585583 ], [ 1486.834707523439647, -727.314950468949974 ], [ 1487.671113128093566, -727.581455475650728 ], [ 1442.591392735756017, -773.622640416957438 ], [ 1442.611021822787734, -773.738531836308539 ], [ 1450.251739411711242, -781.215087368153036 ], [ 1450.391435390289189, -781.214799044653773 ], [ 1470.734292430373898, -801.960034818388522 ], [ 1472.45426318520731, -803.327839392237365 ], [ 1474.593760027993994, -802.923237927258015 ], [ 1500.507578461261801, -742.662960407324135 ], [ 1503.539617304724743, -734.90542724262923 ], [ 1505.632299999911993, -730.284264291636646 ], [ 1505.632299999977477, -770.850336441770196 ], [ 1496.548147756078833, -791.920759023167193 ], [ 1496.816678419481832, -798.989129725843668 ], [ 1501.727909730987449, -801.073277768678963 ], [ 1505.632299999942916, -791.927076017484069 ], [ 1505.63230000009753, -802.386171351186931 ], [ 1505.324988296068113, -803.500814990140498 ], [ 1505.632300000082978, -803.675985610112548 ], [ 1505.632300000033865, -804.014866060577333 ], [ 1495.524907579183491, -826.980153042823076 ], [ 1500.214044480399025, -835.311714039184153 ], [ 1503.426793267941321, -835.595929815433919 ], [ 1505.632300000072064, -836.038246001116931 ], [ 1505.632299999986571, -842.235740258358419 ], [ 1504.626441441087081, -842.790617097169161 ], [ 1505.632300000039322, -843.969466578215361 ], [ 1505.632300000072064, -868.866455249488354 ], [ 1487.252221330341854, -865.697484352625906 ], [ 1483.103514208625711, -866.58592124003917 ], [ 1482.876622319186936, -867.379933919757605 ], [ 1482.3750250598805, -868.457895549945533 ], [ 1481.098853461802719, -872.841747562400997 ], [ 1486.217162179891602, -874.31195517256856 ], [ 1489.942678446564969, -875.187110905535519 ], [ 1498.219847357455365, -877.563773312605917 ], [ 1505.632300000050236, -878.906402276828885 ], [ 1505.632300000052055, -887.191438716836274 ], [ 1504.420997353272469, -886.022605398669839 ], [ 1486.702601612729268, -880.95602575596422 ], [ 1484.871035789727102, -880.561570940539241 ], [ 1479.27623909167778, -878.987574108876288 ], [ 1477.79069779618294, -878.785517663694918 ], [ 1475.742706286908287, -879.502215705811977 ], [ 1473.677659938937722, -882.952847264707088 ], [ 1472.537689241906264, -882.492706099525094 ], [ 1465.963679255111856, -898.188177429139614 ], [ 1469.616999027168276, -899.647289982996881 ], [ 1484.792235887596689, -894.839781326241791 ], [ 1491.061316674091358, -893.261951589025557 ], [ 1505.632300000070245, -889.759668918326497 ], [ 1505.632299999922907, -891.819335584528744 ], [ 1485.367198124744391, -896.754877269268036 ], [ 1472.587108523648567, -900.803604267537594 ], [ 1486.777438157312645, -906.310426537878811 ], [ 1489.757170806442446, -899.103435598313808 ], [ 1505.632300000050236, -905.450742045417428 ], [ 1505.632299999913812, -922.531510582193732 ], [ 1461.459934229798819, -1027.31670634355396 ], [ 1461.513162829884095, -1027.447627561166883 ], [ 1471.890050729680297, -1031.829491812735796 ], [ 1472.004538741482975, -1031.802804504521191 ], [ 1472.105130445970644, -1031.576777487061918 ], [ 1472.412659813771825, -1031.70600828435272 ], [ 1479.700750506859549, -1035.041363132186234 ], [ 1483.139117980779702, -1030.430316548794508 ], [ 1505.632299999964744, -1015.882151925005019 ], [ 1505.632300000046598, -1018.263059419579804 ], [ 1485.838423670284101, -1031.064286299049854 ], [ 1505.632299999924726, -1039.558727482333779 ], [ 1505.632299999970201, -1041.734368521720171 ], [ 1484.054749657807406, -1032.47447276301682 ], [ 1481.575841283796763, -1035.834480164572597 ], [ 1484.509102703046665, -1036.979180235415697 ], [ 1438.834000296748854, -1145.675999999977648 ], [ 1416.16204000898324, -1145.676000001840293 ], [ 1433.136539247452674, -1105.276559244841337 ], [ 1431.739383102238207, -1100.129061590880156 ], [ 1429.899792646490823, -1091.907407321035862 ], [ 1429.62245179483034, -1089.199022218585014 ], [ 1427.571533594362336, -1092.109211688861251 ], [ 1417.39278493394886, -1105.883996785618365 ], [ 1401.398938197635289, -1123.686455126851797 ], [ 1405.09274707475015, -1134.458995206281543 ], [ 1408.461335233601858, -1139.107421244494617 ], [ 1413.542313931795434, -1145.675999999977648 ], [ 1411.014667312210804, -1145.676000001840293 ], [ 1406.870349051445373, -1140.318315505981445 ], [ 1403.386144931608214, -1135.511181415989995 ], [ 1399.768938553224871, -1125.096766051836312 ], [ 1391.860571834240545, -1131.173104826360941 ], [ 1385.784687348659645, -1134.729023323394358 ], [ 1377.629798168165507, -1138.968167943879962 ], [ 1375.469601197319207, -1139.809563250280917 ], [ 1381.924542040571396, -1141.864731260575354 ], [ 1392.457467061152784, -1145.675999999977648 ], [ 1386.581512248083527, -1145.675999999977648 ], [ 1381.262629203971301, -1143.751397609710693 ], [ 1365.987929435767001, -1138.890182239003479 ], [ 1366.214651284213687, -1141.624167555011809 ], [ 1367.295287585513506, -1145.675999999977648 ], [ 1365.228566303774642, -1145.675999999977648 ], [ 1364.229544388103022, -1141.878247009590268 ], [ 1363.868684341063272, -1137.494157062843442 ], [ 1363.796074598467385, -1129.723806935362518 ], [ 1363.865358229548292, -1129.348678265698254 ], [ 1374.091530172698185, -1103.344170465134084 ], [ 1383.501939816189406, -1082.871804244816303 ], [ 1387.657762527744126, -1073.550690785981715 ], [ 1377.298465269983353, -1069.47076070215553 ], [ 1376.349144089872425, -1071.615705070085824 ], [ 1376.435620016667599, -1071.669493549503386 ], [ 1366.523178411838671, -1095.439388208091259 ], [ 1364.111123938535457, -1102.295740670524538 ], [ 1362.497171024433555, -1107.828609581105411 ], [ 1357.246867773883423, -1128.44339113496244 ], [ 1356.614795208841315, -1132.358500523492694 ], [ 1356.302628515413744, -1135.347805883735418 ], [ 1356.221367753107188, -1144.280439309775829 ], [ 1356.416221430174119, -1145.675999999977648 ], [ 1320.177658343251096, -1145.675999999977648 ], [ 1321.549883347519426, -1144.78839748352766 ], [ 1324.551641102472786, -1142.214525340124965 ], [ 1326.587927164240682, -1140.03063995577395 ], [ 1328.369443951567519, -1137.665644058026373 ], [ 1330.441547127720696, -1134.265261177904904 ], [ 1340.432110974519674, -1114.061746615916491 ], [ 1352.624441321708218, -1086.048158464021981 ], [ 1352.391738179383537, -1085.790180343203247 ], [ 1344.330727235152153, -1092.721659136936069 ], [ 1342.219783253285641, -1095.732447273097932 ], [ 1325.936200807991554, -1126.585661392658949 ], [ 1320.187161482554075, -1131.932847024872899 ], [ 1316.080351609514764, -1134.443899711593986 ], [ 1309.571052027005862, -1137.664963377639651 ], [ 1298.104470209944338, -1142.076883282512426 ], [ 1289.627032355349002, -1144.556458224542439 ], [ 1283.812012899803449, -1145.18637366220355 ], [ 1280.385800904588905, -1145.044293600134552 ], [ 1276.770141567172686, -1144.319958896376193 ], [ 1276.447507283544837, -1144.192831002175808 ], [ 1274.580070313519172, -1143.048718290403485 ], [ 1272.378401630679946, -1145.675999999977648 ], [ 1228.874268138910338, -1145.676000001840293 ], [ 1227.189391997768325, -1144.093087115325034 ], [ 1188.308068810363693, -1109.803056607954204 ], [ 1169.706392312386015, -1094.292128208093345 ], [ 1157.314258515825713, -1083.691073168069124 ], [ 1146.394923161100451, -1072.473876676522195 ], [ 1141.579857862310746, -1067.859558473341167 ], [ 1140.291995730034614, -1069.133483888581395 ], [ 1136.561890672866866, -1065.480299360118806 ], [ 1137.774426097832475, -1064.222475028596818 ], [ 1128.833066457902532, -1055.671893702819943 ], [ 1126.901021335590485, -1053.951758245937526 ], [ 1123.310811052991994, -1050.548993330448866 ], [ 1121.938476574017841, -1049.076603253372014 ], [ 1118.020737075845318, -1045.328935830853879 ], [ 1106.212562477787287, -1027.603851421736181 ], [ 1105.150274088788137, -1027.050441652536392 ], [ 1104.574576451226676, -1026.994963970035315 ], [ 1103.688301115229478, -1027.25200470443815 ], [ 1101.532421684894871, -1029.022471749223769 ], [ 1100.446169361048305, -1030.132631356827915 ], [ 1100.006517850528326, -1031.343968974426389 ], [ 1100.766802869586172, -1032.639214606955647 ], [ 1117.288232570368564, -1052.531007098965347 ], [ 1129.530242550870753, -1064.966554887592793 ], [ 1149.517886299614474, -1084.322980491444468 ], [ 1155.372146444804457, -1090.128556499257684 ], [ 1160.735161907603469, -1095.905548615381122 ], [ 1164.533681043667457, -1100.190106806345284 ], [ 1177.936864815856097, -1116.744979793205857 ], [ 1184.936387142477543, -1125.133460550568998 ], [ 1192.849022504638924, -1133.913026298396289 ], [ 1201.989135993246236, -1143.437966004014015 ], [ 1203.94357950102858, -1145.676000001840293 ], [ 1198.458773185875543, -1145.675999999977648 ] ], [ [ 1358.552707499229655, -1121.504021743312478 ], [ 1362.111191258356484, -1107.724082495085895 ], [ 1361.09436386107518, -1111.661603000946343 ], [ 1358.552707499229655, -1121.504021743312478 ] ], [ [ 1362.111191258356484, -1107.724082495085895 ], [ 1363.730469231717507, -1102.172839615494013 ], [ 1362.860315592981351, -1105.155891492031515 ], [ 1362.111191258356484, -1107.724082495085895 ] ], [ [ 1363.730469231717507, -1102.172839615494013 ], [ 1366.149522574423827, -1095.296486960723996 ], [ 1364.417208527243929, -1100.220663772895932 ], [ 1363.730469231717507, -1102.172839615494013 ] ], [ [ 1269.797174757499306, -1145.643326648510993 ], [ 1272.856486318001771, -1141.992787252180278 ], [ 1265.686117251567339, -1137.597209674306214 ], [ 1257.659037249608446, -1131.867529767565429 ], [ 1212.690691324056388, -1098.685555068776011 ], [ 1184.995586489678317, -1074.867145370692015 ], [ 1152.43882287949782, -1044.60395620111376 ], [ 1117.767848424296972, -1011.140734389424324 ], [ 1112.99347850099366, -1015.693293591961265 ], [ 1113.965995800375822, -1016.672502159141004 ], [ 1120.305495523536592, -1022.848065380938351 ], [ 1114.761280415672445, -1017.447170758619905 ], [ 1115.319359757135317, -1016.874347904697061 ], [ 1136.408815780147052, -1037.418620271608233 ], [ 1157.699076537272049, -1057.234392425045371 ], [ 1198.508505164742019, -1093.122686017304659 ], [ 1214.495648963276835, -1106.006084728986025 ], [ 1250.775430130150198, -1132.576522229239345 ], [ 1254.158386791641533, -1134.852479972876608 ], [ 1259.127737098304351, -1138.046473444439471 ], [ 1269.397546369988049, -1144.448074277490377 ], [ 1268.97228605233795, -1145.125396872870624 ], [ 1269.797174757499306, -1145.643326648510993 ] ], [ [ 1172.053017805179479, -1060.107248988933861 ], [ 1186.34262123377448, -1073.389604041352868 ], [ 1213.966026939329822, -1097.145370406098664 ], [ 1257.998951807732738, -1129.633868677541614 ], [ 1275.908154831840875, -1104.524577743373811 ], [ 1271.693981248146883, -1101.659157697111368 ], [ 1271.812348820545594, -1100.612862667068839 ], [ 1271.716561288692901, -1100.559809145517647 ], [ 1269.291129380924758, -1100.770518092438579 ], [ 1268.731406341970796, -1100.655175791122019 ], [ 1268.499449391254529, -1100.483175826258957 ], [ 1238.592553647438763, -1070.719912339933217 ], [ 1234.233001270982641, -1074.442014185711741 ], [ 1233.69382046159626, -1074.675352638587356 ], [ 1233.116675839066374, -1074.565503364428878 ], [ 1232.877611726435134, -1074.389188616536558 ], [ 1200.338569260187796, -1041.90282750595361 ], [ 1172.053017805179479, -1060.107248988933861 ] ], [ [ 1139.18583127081547, -985.715625740587711 ], [ 1156.757569574789159, -1003.100944028235972 ], [ 1157.544299299615886, -1003.400382285006344 ], [ 1160.949737156201081, -1000.952217264100909 ], [ 1161.264586839648473, -1000.801019509322941 ], [ 1161.612233850117264, -1000.767364794388413 ], [ 1161.95023926830072, -1000.85536149982363 ], [ 1162.237341170495711, -1001.054267465136945 ], [ 1175.84495852791224, -1014.555645781569183 ], [ 1200.005989488705382, -1038.747454369440675 ], [ 1202.984492879077152, -1035.981793264858425 ], [ 1202.340011797616171, -1034.181268923915923 ], [ 1210.623883026752083, -1026.036942906677723 ], [ 1210.606433888337051, -1025.920730565674603 ], [ 1202.16757794545083, -1017.344818442128599 ], [ 1202.954723881743121, -1016.56975812278688 ], [ 1202.955835081036639, -1016.428407282568514 ], [ 1200.054472018455272, -1013.48730075918138 ], [ 1199.938278116565925, -1013.504728530533612 ], [ 1199.150194009773259, -1014.279769873246551 ], [ 1195.453227613541458, -1010.521099545992911 ], [ 1196.161982213690862, -1009.822565683163702 ], [ 1196.181242080818265, -1009.706699768081307 ], [ 1193.229488377603047, -1006.699134541675448 ], [ 1193.088148329421529, -1006.69794690888375 ], [ 1192.377522131801015, -1007.396455035544932 ], [ 1181.83601074460239, -996.684139250777662 ], [ 1182.577146396542958, -995.954051367007196 ], [ 1182.596419987343324, -995.838160490617156 ], [ 1179.698214900847233, -992.886021979153156 ], [ 1179.556808992432707, -992.884922821074724 ], [ 1178.815748078928664, -993.614937084726989 ], [ 1170.086643912247382, -984.751459828577936 ], [ 1169.970402746010222, -984.768951244652271 ], [ 1167.658098005445936, -987.046735050156713 ], [ 1165.613179249068708, -984.969063307158649 ], [ 1166.246483320261177, -984.345230558887124 ], [ 1166.24758956586993, -984.203903491608799 ], [ 1163.334080914839433, -981.242685796692967 ], [ 1163.192723615595241, -981.241526982747018 ], [ 1162.558467242955885, -981.865373222157359 ], [ 1153.939199304973954, -973.117806791327894 ], [ 1153.822987915724298, -973.135288937948644 ], [ 1145.743060650655025, -981.090914079919457 ], [ 1144.046561283124902, -981.170482368208468 ], [ 1139.18583127081547, -985.715625740587711 ] ], [ [ 1207.613048615590742, -1046.340020817704499 ], [ 1233.636900727919055, -1072.322070372290909 ], [ 1237.995324717134281, -1068.60093192756176 ], [ 1238.247092183746645, -1068.443885899148881 ], [ 1238.830385117806145, -1068.378982693888247 ], [ 1239.349579122963405, -1068.652625998482108 ], [ 1269.580662405141993, -1098.738520151004195 ], [ 1271.957097214743044, -1098.548335331492126 ], [ 1272.047423186693777, -1094.679159536026418 ], [ 1281.223378559676348, -1085.468617707490921 ], [ 1281.204513809403579, -1085.352608288638294 ], [ 1272.676922008971815, -1076.896776837296784 ], [ 1273.023349328088443, -1076.538920760154724 ], [ 1273.004387279868752, -1076.423081091605127 ], [ 1269.03186801240372, -1072.484870002605021 ], [ 1268.915635054911036, -1072.46703340485692 ], [ 1268.604429138807973, -1072.774728535674512 ], [ 1265.801949492926724, -1069.997857593931258 ], [ 1266.104237111561815, -1069.685096235014498 ], [ 1266.085332429620394, -1069.569235075265169 ], [ 1262.233684273685867, -1065.74750501755625 ], [ 1262.117465449997326, -1065.72961426153779 ], [ 1261.762300252039495, -1066.08138339407742 ], [ 1252.210880634967907, -1056.604446720331907 ], [ 1252.738044652496683, -1056.071722907945514 ], [ 1252.737369705982928, -1055.930417972616851 ], [ 1248.783065211900976, -1052.010032982565463 ], [ 1248.666735634329598, -1051.992243156768382 ], [ 1248.297886616199321, -1052.359199634753168 ], [ 1239.667007406531411, -1043.800930304452777 ], [ 1239.551046516568022, -1043.819699802435935 ], [ 1237.358932417591859, -1046.02545081730932 ], [ 1236.045292092323507, -1044.731480143032968 ], [ 1236.255227333245784, -1044.511866721324623 ], [ 1236.236303015219164, -1044.396056333556771 ], [ 1232.411500052638075, -1040.600543783046305 ], [ 1232.295173233260357, -1040.582702869549394 ], [ 1232.078302135461854, -1040.79541346989572 ], [ 1223.324600899615689, -1032.118521342054009 ], [ 1223.20860908753275, -1032.137364972382784 ], [ 1213.852823495255507, -1041.56723244022578 ], [ 1213.844613461231347, -1041.696635754778981 ], [ 1207.613048615590742, -1046.340020817704499 ] ], [ [ 1288.46088653944571, -1088.578845203854144 ], [ 1288.488106132041139, -1089.585075895301998 ], [ 1300.786343286621559, -1102.097522174008191 ], [ 1320.218150716425953, -1083.252247021533549 ], [ 1336.431532896962381, -1066.953582897782326 ], [ 1337.070654680101143, -1065.866340055130422 ], [ 1337.115985214066313, -1064.786301967687905 ], [ 1336.846470317354033, -1063.38299074023962 ], [ 1335.510824559267348, -1060.704066686332226 ], [ 1333.674629344413916, -1057.931769566610456 ], [ 1330.832330122488202, -1054.649370319209993 ], [ 1324.668325848177119, -1049.777864413335919 ], [ 1317.209639728918773, -1056.353551552630961 ], [ 1317.34674207709395, -1060.021090938709676 ], [ 1313.966894615825368, -1063.412194380536675 ], [ 1309.191347380085062, -1062.48205304890871 ], [ 1299.560445995188275, -1072.111749393865466 ], [ 1288.46088653944571, -1088.578845203854144 ] ], [ [ 1302.225686580952242, -1103.486736382357776 ], [ 1315.015923338090943, -1114.923436153680086 ], [ 1324.803967911726431, -1124.448215345852077 ], [ 1340.546582814557041, -1094.636259978637099 ], [ 1342.932323070452185, -1091.287298028357327 ], [ 1351.052236817506127, -1084.305183199234307 ], [ 1350.681307129658308, -1083.893962427973747 ], [ 1351.153422581979612, -1083.263157937675714 ], [ 1351.636377842931324, -1082.875397766940296 ], [ 1353.020987261621485, -1080.629416896961629 ], [ 1361.403022599790347, -1060.5989630818367 ], [ 1362.195733887443566, -1059.459708542563021 ], [ 1360.528140493923274, -1058.169024335220456 ], [ 1347.71125546478288, -1052.493843941017985 ], [ 1347.515936329044052, -1051.992642695084214 ], [ 1329.052561964197594, -1050.688012012280524 ], [ 1332.282380890390414, -1053.269733045250177 ], [ 1335.22820341678198, -1056.671685100533068 ], [ 1337.211528655521761, -1059.65115578006953 ], [ 1338.784026870796879, -1062.871177906170487 ], [ 1339.118419022750459, -1064.753916760906577 ], [ 1339.057802553255897, -1066.198155056685209 ], [ 1338.922211251439876, -1066.660440888255835 ], [ 1337.938023567008713, -1068.274071526713669 ], [ 1321.629256972702933, -1084.668621767312288 ], [ 1302.225686580952242, -1103.486736382357776 ] ], [ [ 1385.509141416430793, -1083.279623209498823 ], [ 1394.029630220342369, -1101.977466569282115 ], [ 1400.660921799595599, -1121.516328942961991 ], [ 1415.873497606144156, -1104.583488976582885 ], [ 1425.956650070671458, -1090.930427228100598 ], [ 1429.743708355090348, -1085.555912668816745 ], [ 1430.218436267403376, -1082.91907424852252 ], [ 1431.219219079537652, -1080.455099354498088 ], [ 1432.551676963346836, -1077.648172647692263 ], [ 1431.92802150044372, -1047.672192149795592 ], [ 1395.135897418151217, -1061.687960227951407 ], [ 1385.509141416430793, -1083.279623209498823 ] ], [ [ 1431.676284486826262, -1086.115736457519233 ], [ 1431.453856620792067, -1087.415453503839672 ], [ 1431.86405896773249, -1091.529826956801116 ], [ 1433.685533446532645, -1099.670515824109316 ], [ 1434.394805055309916, -1102.281910387799144 ], [ 1444.052024770684511, -1079.298167740926147 ], [ 1446.394396099924052, -1080.196493106894195 ], [ 1451.108836118226463, -1069.068397986702621 ], [ 1444.910213143339206, -1071.198422594927251 ], [ 1437.966391045345517, -1075.440630920231342 ], [ 1434.366815604129442, -1078.48660527355969 ], [ 1433.03780382700279, -1081.28627247735858 ], [ 1432.111928830121542, -1083.56996385846287 ], [ 1431.676284486826262, -1086.115736457519233 ] ], [ [ 1259.617458180042377, -1130.809045425616205 ], [ 1266.819062062815647, -1135.949505620636046 ], [ 1277.3418550317474, -1142.396057295612991 ], [ 1280.553374249042463, -1143.050476782023907 ], [ 1283.676785723528155, -1143.190226371400058 ], [ 1289.152057434732342, -1142.612303012050688 ], [ 1297.503517472909152, -1140.169575461186469 ], [ 1308.725703445865292, -1135.852568937465549 ], [ 1315.153237109707334, -1132.671966338530183 ], [ 1319.059070793104183, -1130.279273517429829 ], [ 1323.61132305700994, -1126.077366242185235 ], [ 1313.667513698059338, -1116.399747460149229 ], [ 1300.557889693269317, -1104.677459894679487 ], [ 1297.814985337125108, -1105.784875465556979 ], [ 1279.282331884960513, -1108.389931567944586 ], [ 1275.330767783592819, -1108.775189376436174 ], [ 1259.617458180042377, -1130.809045425616205 ] ], [ [ 1279.027252369947746, -1103.5963323879987 ], [ 1276.871375921002254, -1106.616595554165542 ], [ 1279.025167066964059, -1106.407110461965203 ], [ 1297.409780997770213, -1103.822863655164838 ], [ 1299.01970969155991, -1103.152320099063218 ], [ 1287.621194515999377, -1091.555405545979738 ], [ 1279.027252369947746, -1103.5963323879987 ] ], [ [ 1365.861148192367182, -1136.751721978187561 ], [ 1372.428104641243408, -1138.841576279141009 ], [ 1376.756727492343998, -1137.168704728595912 ], [ 1384.840226184585845, -1132.966671830974519 ], [ 1390.795868105074987, -1129.479689332656562 ], [ 1399.086518607480684, -1123.099100184626877 ], [ 1392.189434307012561, -1102.760710308328271 ], [ 1384.408685059188429, -1085.686193416826427 ], [ 1375.919864807416161, -1104.153639931231737 ], [ 1365.797117155725573, -1129.899423004128039 ], [ 1365.861148192367182, -1136.751721978187561 ] ], [ [ 1084.139799171356572, -974.530368262901902 ], [ 1085.248554052732288, -974.552841137163341 ], [ 1124.70907520410401, -977.853482313454151 ], [ 1128.497594725293311, -977.792059870436788 ], [ 1074.479956825318368, -923.187533251941204 ], [ 1073.895969657520254, -923.79379235394299 ], [ 1066.730780705514917, -957.714641993865371 ], [ 1078.532482006443388, -968.960119925439358 ], [ 1084.139799171356572, -974.530368262901902 ] ], [ [ 1122.508808824301013, -923.267300373874605 ], [ 1124.536240856725271, -921.478317135944963 ], [ 1129.527708142946722, -916.232926731929183 ], [ 1142.216765384722748, -903.916202177293599 ], [ 1144.12369393928202, -902.491382022388279 ], [ 1144.549251092723352, -902.309263248927891 ], [ 1148.405892279623004, -901.656137945130467 ], [ 1151.713515791638201, -901.596467543393373 ], [ 1158.136164804716827, -901.690361217595637 ], [ 1182.9819427856728, -877.032852034084499 ], [ 1171.173896698235694, -864.938948430120945 ], [ 1169.085584208825821, -862.663208588026464 ], [ 1167.091125984024984, -864.390181222930551 ], [ 1166.944410199506819, -864.385360719636083 ], [ 1158.309257595346935, -873.079876416362822 ], [ 1157.649219557795732, -872.423274080269039 ], [ 1157.50778429815, -872.423706203699112 ], [ 1154.409803156489943, -875.550392237491906 ], [ 1154.428521830430327, -875.666350186802447 ], [ 1155.08867870361064, -876.323070732876658 ], [ 1151.516911940389036, -879.919713246636093 ], [ 1150.856832083085465, -879.264011208899319 ], [ 1150.740694673608232, -879.246017383411527 ], [ 1147.7238016879528, -882.276701411232352 ], [ 1147.724278928621061, -882.418066611513495 ], [ 1148.384390115770657, -883.073799760080874 ], [ 1139.55867326999396, -891.963750388473272 ], [ 1137.184747708530267, -888.935424225404859 ], [ 1137.193854608203765, -888.786050641909242 ], [ 1128.927259531674281, -880.402916536666453 ], [ 1128.811321542605583, -880.383720681071281 ], [ 1120.018373747920123, -889.047453549690545 ], [ 1119.398246684037076, -888.421931944787502 ], [ 1119.257072409247485, -888.421124649234116 ], [ 1115.998537702289468, -891.640562552027404 ], [ 1116.016257128689176, -891.756868350319564 ], [ 1116.636065865244746, -892.383006027899683 ], [ 1113.115677964664428, -895.854090681299567 ], [ 1112.474647385653952, -895.20399481896311 ], [ 1112.33318846416114, -895.203090597875416 ], [ 1109.229290142910031, -898.278264668770134 ], [ 1109.246699054267083, -898.394232674501836 ], [ 1109.882146866382755, -899.042018910869956 ], [ 1101.207635524297075, -907.591612711548805 ], [ 1101.225146937269528, -907.707831214182079 ], [ 1109.493337355193944, -916.100042251870036 ], [ 1109.635236291724141, -916.100572063587606 ], [ 1112.315358272873709, -918.780688765458763 ], [ 1121.807237231962063, -923.798397544771433 ], [ 1122.508808824301013, -923.267300373874605 ] ], [ [ 1160.644646474485853, -859.103117804042995 ], [ 1152.76832528628438, -856.917140925303102 ], [ 1142.757623562212757, -854.778360082767904 ], [ 1137.101740102436452, -853.731312319636345 ], [ 1133.957148998071716, -853.640021035447717 ], [ 1130.582596840058613, -854.153424117714167 ], [ 1127.308450212820389, -855.129061066545546 ], [ 1123.965022986849362, -856.393892431631684 ], [ 1109.740060001258826, -862.212179019115865 ], [ 1103.72980350506441, -864.802403874695301 ], [ 1095.540176234242608, -868.910577254369855 ], [ 1087.623088258995267, -873.738802731968462 ], [ 1080.560153504691698, -879.6981180915609 ], [ 1065.438397709627679, -895.551223617047071 ], [ 1085.407488143308001, -910.46391089912504 ], [ 1085.641180270022232, -910.710470391437411 ], [ 1085.778809369528972, -911.021053428761661 ], [ 1085.804481660650708, -911.359793045558035 ], [ 1085.715232437301893, -911.687570666894317 ], [ 1085.521368441817685, -911.966533646918833 ], [ 1075.87524801534164, -921.755124562419951 ], [ 1130.323593401006292, -976.795043313875794 ], [ 1132.978617168530036, -974.284977196715772 ], [ 1133.121742643945254, -974.287191205658019 ], [ 1141.310962001272856, -966.150010992772877 ], [ 1141.32971437597007, -966.033997931517661 ], [ 1132.831004072446376, -957.474548272788525 ], [ 1133.614648927508824, -956.695662490092218 ], [ 1133.615087805852454, -956.554298592731357 ], [ 1130.699019895984748, -953.626664779148996 ], [ 1130.582886126769154, -953.644690545275807 ], [ 1129.799262572798398, -954.423555164597929 ], [ 1126.083200776032754, -950.683358426205814 ], [ 1126.789414414093699, -949.981053134426475 ], [ 1126.808139124910667, -949.865072290413082 ], [ 1123.841605416395396, -946.871943235397339 ], [ 1123.700243471217618, -946.871466266922653 ], [ 1122.993091000475033, -947.573761972598732 ], [ 1112.398940739134559, -936.912423592060804 ], [ 1113.136614461413046, -936.178508467040956 ], [ 1113.155318078566779, -936.062532398849726 ], [ 1110.243338341913841, -933.124883078970015 ], [ 1110.101919931577868, -933.124475762248039 ], [ 1109.364332952794939, -933.858304589055479 ], [ 1100.591576785975121, -925.036676852963865 ], [ 1100.475411067949608, -925.054749404080212 ], [ 1098.174218441103221, -927.344672668725252 ], [ 1096.119506382348845, -925.276875474490225 ], [ 1096.750356635311618, -924.649252862669528 ], [ 1096.750762828885854, -924.507924286648631 ], [ 1093.822602414860739, -921.561060793697834 ], [ 1093.681239047402414, -921.560601975768805 ], [ 1093.049466928359834, -922.188208268024027 ], [ 1084.412556598885203, -913.50014900509268 ], [ 1086.321868452396302, -911.543682847172022 ], [ 1091.158209467015695, -898.5013611856848 ], [ 1090.755104158093673, -896.552056244574487 ], [ 1086.749299522734873, -892.150051661767066 ], [ 1109.631506392843221, -869.848533492535353 ], [ 1114.088716873528028, -867.516297038644552 ], [ 1135.379954892841852, -863.775838335044682 ], [ 1140.425837268880059, -858.798185128718615 ], [ 1155.059130852223461, -862.965224705636501 ], [ 1160.644646474485853, -859.103117804042995 ] ], [ [ 1190.490491987966379, -983.098862524144351 ], [ 1205.587046251477659, -967.330587013624609 ], [ 1230.814070899059516, -942.490306825377047 ], [ 1227.06079426699398, -938.452936822548509 ], [ 1211.355638882319909, -920.714053883217275 ], [ 1208.657512574654902, -917.026867508888245 ], [ 1200.144855478678437, -904.435952303931117 ], [ 1151.700694288654631, -903.595808489248157 ], [ 1148.518651755828614, -903.653731337748468 ], [ 1145.123380365577759, -904.239091105759144 ], [ 1143.561699859576038, -905.397015932016075 ], [ 1130.93449658078498, -917.653701474890113 ], [ 1126.083435616179486, -922.752330305054784 ], [ 1151.565290358768834, -946.643984704278409 ], [ 1151.217265639228572, -951.62853573821485 ], [ 1151.337745317612644, -952.106912429444492 ], [ 1152.981442677704763, -955.473106189630926 ], [ 1155.191806441014705, -957.062983139418066 ], [ 1157.968679545316263, -957.397365662269294 ], [ 1161.00857708269541, -956.102438394911587 ], [ 1162.527944726081842, -953.678781820461154 ], [ 1162.766192469587622, -951.037699429318309 ], [ 1161.320572826138232, -948.011072649620473 ], [ 1197.722911877543083, -911.144516121596098 ], [ 1202.055992537692873, -915.76937607768923 ], [ 1202.547660649326644, -915.510967744514346 ], [ 1202.860277165453226, -915.501438331790268 ], [ 1203.419051215316358, -915.765021053142846 ], [ 1203.610512051838668, -916.012331874109805 ], [ 1203.725708295134609, -916.619319615885615 ], [ 1203.638167491346394, -916.91958034131676 ], [ 1203.418811697923957, -917.224131220020354 ], [ 1208.916017494777407, -923.09284635540098 ], [ 1211.815366157934477, -926.50472726020962 ], [ 1211.650838144318186, -926.667871431447566 ], [ 1211.461292218515155, -926.619396870024502 ], [ 1202.840616927933297, -935.217998378910124 ], [ 1202.234980372466453, -934.612856178544462 ], [ 1202.093716363113344, -934.612805106677115 ], [ 1199.077640324403546, -937.628937498666346 ], [ 1199.095544899735614, -937.744795951992273 ], [ 1199.697609911947438, -938.3535236697644 ], [ 1196.088902797226183, -941.953635432757437 ], [ 1195.482228987842973, -941.349245173856616 ], [ 1195.340869461675538, -941.349498578347266 ], [ 1192.321963490563576, -944.385587215423584 ], [ 1192.340287617140348, -944.501455541700125 ], [ 1192.940072408942797, -945.103067171759903 ], [ 1182.434208442666204, -955.573806318454444 ], [ 1181.831539947501369, -954.969070027582347 ], [ 1181.715497975410472, -954.95048946980387 ], [ 1178.747071336991212, -957.902163663879037 ], [ 1178.746878302190453, -958.043578250333667 ], [ 1179.351447476110479, -958.649441561661661 ], [ 1170.557393785058593, -967.429363909177482 ], [ 1170.575663945390261, -967.545472763478756 ], [ 1178.701052037225963, -975.685132435522974 ], [ 1178.817080591319609, -975.703630759380758 ], [ 1178.949682141064841, -975.578262981958687 ], [ 1188.670340634404056, -983.30715730600059 ], [ 1190.490491987966379, -983.098862524144351 ] ], [ [ 1233.629499434913669, -942.582335069775581 ], [ 1254.983590132182144, -965.490622567012906 ], [ 1267.433447285142393, -954.538010274991393 ], [ 1266.716893854740192, -953.81156905926764 ], [ 1274.670422582215906, -946.717488752678037 ], [ 1189.390621264186848, -850.748546194285154 ], [ 1189.249456530558746, -850.740299085155129 ], [ 1181.336350304740336, -857.783106134273112 ], [ 1181.323112460964694, -857.916411086916924 ], [ 1180.630913005048569, -858.425638646818697 ], [ 1176.578171815426685, -854.021533645689487 ], [ 1171.332110805666161, -858.552942807786167 ], [ 1170.275448395135754, -861.002758791670203 ], [ 1172.615298497501499, -863.553357409313321 ], [ 1185.824518860112221, -877.119462538510561 ], [ 1201.245960707063205, -902.449609627015889 ], [ 1203.940861527948073, -902.495293322950602 ], [ 1205.675712087821012, -902.9353365926072 ], [ 1207.574536789850754, -903.548642156645656 ], [ 1212.14969848453984, -905.56970495171845 ], [ 1215.633231128340412, -907.561208305880427 ], [ 1217.595897603248886, -909.069604218006134 ], [ 1220.484510383716042, -911.449677807278931 ], [ 1223.279516634460379, -913.940385451540351 ], [ 1226.106002838556378, -917.183956751599908 ], [ 1227.292703584666015, -918.684646310284734 ], [ 1228.385953457307551, -920.209573827683926 ], [ 1229.223902741015991, -921.846584342420101 ], [ 1230.585954228972696, -924.092645254917443 ], [ 1231.403936198850715, -926.037596428766847 ], [ 1233.610811497950635, -931.830146942287683 ], [ 1234.102136997051275, -933.572031703777611 ], [ 1234.567938760203106, -937.979547480121255 ], [ 1234.653121174344051, -940.168056266382337 ], [ 1234.569989120316677, -941.355119051411748 ], [ 1234.471818750638704, -941.722356337122619 ], [ 1233.629499434913669, -942.582335069775581 ] ], [ [ 1288.051956318618977, -933.98305869102478 ], [ 1288.334412605932812, -932.662720032036304 ], [ 1288.206134588135683, -930.103423899039626 ], [ 1288.260289012514477, -929.725193271413445 ], [ 1302.925481364243751, -887.531114500947297 ], [ 1290.337454558924946, -892.515511635690928 ], [ 1289.056129796997993, -893.151377888396382 ], [ 1287.277260402406682, -894.493945040740073 ], [ 1275.269952858083343, -904.184286174364388 ], [ 1266.646168107852645, -911.246930090710521 ], [ 1265.310009108277882, -911.774455039761961 ], [ 1260.760739862218543, -913.196754517965019 ], [ 1282.79650898872751, -938.324291210621595 ], [ 1288.051956318618977, -933.98305869102478 ] ], [ [ 1386.193742971694519, -1009.60444984678179 ], [ 1393.817873654834329, -991.882038335315883 ], [ 1410.774794250151899, -951.100751305930316 ], [ 1408.687443654367598, -950.452977084554732 ], [ 1398.613184342862951, -943.81255411170423 ], [ 1396.893843517664209, -942.612623403780162 ], [ 1394.805443887451474, -940.824069022201002 ], [ 1392.649145580020559, -938.529545406810939 ], [ 1385.525125228821707, -931.815499093383551 ], [ 1348.73343892194498, -895.805041556246579 ], [ 1347.493313638658947, -897.037283850833774 ], [ 1348.672634094702516, -898.205474379472435 ], [ 1350.307265579571322, -901.258903884328902 ], [ 1281.806679531891859, -969.290647518821061 ], [ 1281.805672611055343, -969.431290357373655 ], [ 1279.551121839873304, -971.631060631945729 ], [ 1295.960789699702218, -987.557253316044807 ], [ 1298.664896760688862, -987.057834752835333 ], [ 1314.007189635864052, -972.023962952196598 ], [ 1317.545017578822808, -969.038189466111362 ], [ 1320.691624146678805, -971.821713265031576 ], [ 1371.930314568242466, -920.427002483047545 ], [ 1384.40595846989163, -932.739919628016651 ], [ 1386.019732333983484, -937.018026789650321 ], [ 1317.71166913259367, -1005.369601458311081 ], [ 1325.062716733154957, -1012.734895179048181 ], [ 1325.203083205960866, -1012.735522271133959 ], [ 1329.815174005154404, -1017.455635075457394 ], [ 1327.053529215332674, -1020.09088390506804 ], [ 1335.68499849672844, -1028.75051383767277 ], [ 1369.236000721355595, -1047.112752049230039 ], [ 1382.87603905402284, -1016.672648448497057 ], [ 1386.193742971694519, -1009.60444984678179 ] ], [ [ 1414.382034540358291, -1013.484637835994363 ], [ 1463.728498803113325, -898.349514422938228 ], [ 1470.683514465205008, -881.744390670210123 ], [ 1469.530968724766353, -881.279234844259918 ], [ 1464.629608338380422, -875.535837197676301 ], [ 1455.607333726547949, -896.495857764035463 ], [ 1451.365582525704667, -905.642203180119395 ], [ 1442.974817925563912, -918.933586173690856 ], [ 1439.080154786666753, -925.439963682554662 ], [ 1405.272209209129869, -1004.115808052942157 ], [ 1404.972209603567535, -1005.453272616490722 ], [ 1407.254035320760522, -1010.154096413403749 ], [ 1407.82092267038206, -1010.63769577909261 ], [ 1414.382034540358291, -1013.484637835994363 ] ], [ [ 1486.013316437425601, -908.158478791825473 ], [ 1465.183663062623964, -900.029521627351642 ], [ 1416.216124699312786, -1014.280535573139787 ], [ 1438.188943736782676, -1023.816567338071764 ], [ 1486.013316437425601, -908.158478791825473 ] ], [ [ 1298.833338878446739, -1043.137128195725381 ], [ 1296.727099108462426, -1040.351760353893042 ], [ 1271.810390254087906, -1003.826359869912267 ], [ 1267.223096756675659, -997.706020245328546 ], [ 1261.856115620548735, -991.272832375951111 ], [ 1260.229682316828985, -990.840464650653303 ], [ 1236.224828555446948, -1014.276816847734153 ], [ 1234.537098768843862, -1016.504816643893719 ], [ 1233.896724523192461, -1018.3824168946594 ], [ 1233.908237189931242, -1019.891923295333982 ], [ 1234.623111288696236, -1021.672057039104402 ], [ 1243.326592029527092, -1029.527378068305552 ], [ 1244.449490726501608, -1032.833758506923914 ], [ 1256.203932117119621, -1039.952013616450131 ], [ 1260.01669896671774, -1036.390154972672462 ], [ 1282.037109915034307, -1058.331171914003789 ], [ 1284.326919185830775, -1060.829197629354894 ], [ 1284.028693713524262, -1063.066332516260445 ], [ 1284.167312932693676, -1064.396404323168099 ], [ 1284.972941909434667, -1065.624233143404126 ], [ 1286.79587054309377, -1066.301186884753406 ], [ 1289.050744413267239, -1066.202945099212229 ], [ 1291.142318628622888, -1065.303875619545579 ], [ 1292.054508898525455, -1063.948772491887212 ], [ 1291.964196134971644, -1062.567827207036316 ], [ 1288.513016627031902, -1058.070559582673013 ], [ 1294.333403308108245, -1052.4891417324543 ], [ 1292.104959054200663, -1050.431148862466216 ], [ 1291.383896627970898, -1050.354857693426311 ], [ 1285.476447998507865, -1056.383676634170115 ], [ 1269.844096122295014, -1040.104009417816997 ], [ 1279.66266953538252, -1030.886975100263953 ], [ 1295.301254465315651, -1046.356389016844332 ], [ 1298.833338878446739, -1043.137128195725381 ] ], [ [ 1264.375476209790577, -991.171937987208366 ], [ 1268.807293052013847, -996.486077827401459 ], [ 1273.450471346572158, -1002.682718986645341 ], [ 1298.364177783196283, -1039.20380009803921 ], [ 1299.276188153691692, -1040.409205575473607 ], [ 1303.125643936538836, -1036.666878144256771 ], [ 1310.245846462896225, -1043.498733485117555 ], [ 1313.566279100457905, -1040.44021697435528 ], [ 1313.71041723106282, -1040.443255769088864 ], [ 1321.854147120746347, -1032.3229642175138 ], [ 1321.835917589174642, -1032.206818548031151 ], [ 1313.252814012366798, -1023.605129189789295 ], [ 1313.794261574119446, -1023.067729666829109 ], [ 1313.794649915736954, -1022.926214890554547 ], [ 1310.935694002570017, -1020.064230523072183 ], [ 1310.819684996196884, -1020.082273649983108 ], [ 1310.28217858008793, -1020.616049726493657 ], [ 1299.678546425580862, -1009.945374405942857 ], [ 1300.199151493477984, -1009.428905575536191 ], [ 1300.199548864944518, -1009.287366409786046 ], [ 1297.440167796376045, -1006.525906029157341 ], [ 1297.324178706410748, -1006.543935006484389 ], [ 1296.807628095457403, -1007.056666752323508 ], [ 1292.931508092693548, -1003.156067667528987 ], [ 1293.441068448037186, -1002.648096454329789 ], [ 1293.459634234182886, -1002.532057080417871 ], [ 1290.628606994190704, -999.685107529163361 ], [ 1290.487270209940107, -999.684847570024431 ], [ 1289.982077639040654, -1000.18792993016541 ], [ 1281.354457213845308, -991.524103078059852 ], [ 1281.240509223844128, -991.504807863384485 ], [ 1280.215636970957348, -989.369341175071895 ], [ 1264.375476209790577, -991.171937987208366 ] ], [ [ 1378.09802805081199, -1067.637793354690075 ], [ 1388.472712783230236, -1071.722852422855794 ], [ 1411.523727709700324, -1020.020527075976133 ], [ 1407.928704861707956, -1018.557868083938956 ], [ 1406.969874704367612, -1018.239576779305935 ], [ 1402.959263348120658, -1017.41768893878907 ], [ 1402.494325996265616, -1017.410775411874056 ], [ 1399.268758017899017, -1018.390076745301485 ], [ 1378.09802805081199, -1067.637793354690075 ] ], [ [ 1433.914721422010189, -1046.915354340337217 ], [ 1434.050466506374505, -1054.896758331917226 ], [ 1434.509603675543985, -1075.746705654077232 ], [ 1436.858311937081453, -1073.774690846912563 ], [ 1443.961000303223045, -1069.435425914824009 ], [ 1450.732642721073717, -1067.083607241511345 ], [ 1452.069213158440107, -1066.801212999038398 ], [ 1453.262869492778918, -1063.982956496998668 ], [ 1451.083022486192931, -1062.985833218321204 ], [ 1455.834334104547452, -1051.843962209299207 ], [ 1453.825711223506005, -1049.256450306624174 ], [ 1453.00017805671996, -1039.644417009316385 ], [ 1433.914721422010189, -1046.915354340337217 ] ], [ [ 1413.387124525126637, -1020.750883902423084 ], [ 1396.284905379376141, -1059.110780737362802 ], [ 1431.891793348720967, -1045.546522237360477 ], [ 1431.700865489043281, -1034.32847130484879 ], [ 1431.676625363988933, -1028.831776923500001 ], [ 1431.765999514351279, -1028.439693597145379 ], [ 1413.387124525126637, -1020.750883902423084 ] ], [ [ 1433.67782493427876, -1029.254862518049777 ], [ 1433.878510566046316, -1044.789662528783083 ], [ 1452.525463823749305, -1037.685780706815422 ], [ 1452.150535300534102, -1036.823473553173244 ], [ 1446.495829707291705, -1034.609178026206791 ], [ 1433.67782493427876, -1029.254862518049777 ] ], [ [ 1326.267982590046813, -1048.486587790772319 ], [ 1328.731067055210588, -1048.660994864068925 ], [ 1346.713001749178147, -1049.931638239882886 ], [ 1345.045508425195294, -1045.650154187344015 ], [ 1337.900389019887371, -1042.528621840290725 ], [ 1333.883839819985951, -1042.168792306445539 ], [ 1331.90712239793902, -1042.960927085019648 ], [ 1326.196023108030204, -1048.431103657931089 ], [ 1326.267982590046813, -1048.486587790772319 ] ], [ [ 1117.129885629543423, -1007.762957783415914 ], [ 1153.821008868106219, -1043.159341176971793 ], [ 1170.545053770647428, -1058.70554409828037 ], [ 1198.888456409944411, -1040.457955182529986 ], [ 1169.422736874272232, -1010.999994615092874 ], [ 1151.380987891629047, -1029.039876344613731 ], [ 1122.271674237819752, -1001.714355487376451 ], [ 1117.129885629543423, -1007.762957783415914 ] ], [ [ 1153.003079876574702, -1002.198291819542646 ], [ 1137.72438359467742, -987.082186384126544 ], [ 1132.95555898256498, -991.541382146067917 ], [ 1148.722754642163636, -1006.261053671129048 ], [ 1153.003079876574702, -1002.198291819542646 ] ], [ [ 1111.757293530796233, -1014.109488313086331 ], [ 1116.321845458369353, -1009.756999236531556 ], [ 1115.706664287330568, -1009.168277342803776 ], [ 1112.362898116380165, -1011.941021709702909 ], [ 1111.757293530796233, -1014.109488313086331 ] ], [ [ 1257.033571851574379, -970.555488531477749 ], [ 1250.676575710185716, -963.855808851309121 ], [ 1232.175947467609149, -943.955176896415651 ], [ 1207.000322655298078, -968.744845209643245 ], [ 1196.273014079235509, -979.949971340596676 ], [ 1216.398292829993807, -1001.180113323964179 ], [ 1211.795413192743581, -1005.808680158108473 ], [ 1211.777366345537303, -1005.924777149222791 ], [ 1221.253524841744365, -1015.299995576962829 ], [ 1225.941209759732374, -1010.559230584651232 ], [ 1221.181751700092718, -1005.804708959534764 ], [ 1257.033571851574379, -970.555488531477749 ] ], [ [ 1261.895184730727124, -989.214462634176016 ], [ 1262.494610942050713, -989.373814827762544 ], [ 1279.299950696049564, -987.4613182162866 ], [ 1277.042942296058754, -982.758221670053899 ], [ 1273.269019747100174, -981.448616912588477 ], [ 1269.748403509569471, -982.081614499911666 ], [ 1268.118034939505378, -983.139410311356187 ], [ 1261.895184730727124, -989.214462634176016 ] ], [ [ 1127.121230909289807, -979.814008764922619 ], [ 1124.592095597277876, -979.849994054995477 ], [ 1086.272155944612678, -976.64475586079061 ], [ 1107.763837445909303, -997.919171251356602 ], [ 1127.121230909289807, -979.814008764922619 ] ], [ [ 1011.923000251998019, -739.563913176767528 ], [ 1018.73709316872737, -748.027686736546457 ], [ 1035.621714969947789, -736.068027425557375 ], [ 1037.073090537965982, -735.375676634721458 ], [ 1038.669874559802338, -735.01102099660784 ], [ 1040.173763816663268, -734.807760621421039 ], [ 1040.520646143104386, -734.822383003309369 ], [ 1042.831421196591691, -735.331039363518357 ], [ 1043.191107508124333, -735.489300871267915 ], [ 1046.433854522399997, -737.767046985216439 ], [ 1057.124837408169697, -728.033025531098247 ], [ 1061.536925101088855, -719.299135248176754 ], [ 1063.305521556418171, -709.527850704267621 ], [ 1064.990214265590112, -701.389011685736477 ], [ 1066.17733660540398, -698.447948040440679 ], [ 1063.857802764698135, -695.797465059906244 ], [ 1044.723803958850112, -711.842468489892781 ], [ 1011.923000251998019, -739.563913176767528 ] ], [ [ 1218.986194849014282, -845.795836198143661 ], [ 1221.71608886953436, -845.725681328214705 ], [ 1264.584536122396457, -853.619830764830112 ], [ 1266.408712659687808, -854.25965972058475 ], [ 1294.988490953637665, -841.568971662782133 ], [ 1295.332468439353761, -841.484855306334794 ], [ 1296.131281653260885, -841.661470585502684 ], [ 1294.195778530220196, -839.828349645249546 ], [ 1284.727757618053147, -830.152052482590079 ], [ 1278.53825015872826, -821.861794969066978 ], [ 1267.987107780603765, -807.341895762830973 ], [ 1266.951595090607952, -808.642607756890357 ], [ 1254.310171723713211, -794.629416139796376 ], [ 1254.314181048926912, -794.484780776314437 ], [ 1246.339282375363837, -786.488297503441572 ], [ 1200.378953624820497, -831.859291094355285 ], [ 1200.396590636190012, -831.97537955455482 ], [ 1208.299809046464361, -839.98144524730742 ], [ 1208.41604388826272, -839.963802164420485 ], [ 1211.201565231282075, -837.212254072539508 ], [ 1218.986194849014282, -845.795836198143661 ] ], [ [ 1269.279990880384503, -805.720039084553719 ], [ 1280.151834507714739, -820.681266735307872 ], [ 1286.289725608889057, -828.902250573039055 ], [ 1295.610709861033683, -838.415698629803956 ], [ 1298.522790107299443, -841.172271568328142 ], [ 1316.050707082495137, -824.368418398313224 ], [ 1311.672021576363477, -819.307095383293927 ], [ 1304.079944829112719, -811.014391023665667 ], [ 1303.89703621931767, -810.405812692828476 ], [ 1317.583525328902397, -800.621352426707745 ], [ 1322.031923435426506, -797.238132242113352 ], [ 1322.378313197395983, -797.653041123412549 ], [ 1335.419094015056544, -787.340021473355591 ], [ 1342.168390521421315, -780.131558584980667 ], [ 1342.505158739677427, -780.460461433976889 ], [ 1342.621332292501393, -780.441720450296998 ], [ 1350.049779681989094, -772.955959522165358 ], [ 1351.283856593205201, -774.178847948089242 ], [ 1351.399989383655338, -774.196713014505804 ], [ 1355.968065246890546, -769.596339690499008 ], [ 1355.985979166778634, -769.480244359001517 ], [ 1346.22994868452588, -759.793118030764163 ], [ 1346.11390794779436, -759.811968613415956 ], [ 1341.658336737196805, -764.305488719604909 ], [ 1339.457846191920908, -762.116346286609769 ], [ 1340.599628407298951, -760.968619838356972 ], [ 1340.599258028227268, -760.827244086191058 ], [ 1334.658010243832905, -754.944298927672207 ], [ 1332.89636041608901, -756.661712422966957 ], [ 1332.175045175745254, -755.94435322470963 ], [ 1332.033625567088166, -755.944789494387805 ], [ 1326.43279421220177, -761.584062965586782 ], [ 1326.433266447691494, -761.725423851981759 ], [ 1327.094323266685024, -762.382183026522398 ], [ 1325.579350793632329, -763.907426221296191 ], [ 1325.580805806735953, -764.049768647179008 ], [ 1322.81417303001399, -766.912990413606167 ], [ 1318.243915131750327, -762.825953136198223 ], [ 1318.072020843104838, -761.747558539733291 ], [ 1333.94356210226033, -745.396484392695129 ], [ 1324.064553130747299, -734.717743159271777 ], [ 1309.59341369735921, -748.387769382447004 ], [ 1309.449335932475151, -748.386454756371677 ], [ 1264.323205251632317, -794.378936494700611 ], [ 1264.324471415540756, -794.520226456224918 ], [ 1272.109219862168175, -802.174558997154236 ], [ 1269.279990880384503, -805.720039084553719 ] ], [ [ 1464.871847147342123, -652.077394238673151 ], [ 1464.665692356469663, -653.162642926909029 ], [ 1464.3141305764766, -653.576696716248989 ], [ 1461.835445259355765, -655.242436339147389 ], [ 1445.965179952409017, -668.910586210899055 ], [ 1440.922250381518097, -672.631234836764634 ], [ 1431.757251810156959, -681.186644789762795 ], [ 1425.223473302952698, -686.001005237922072 ], [ 1414.090292106233392, -695.407515433616936 ], [ 1410.607839828997385, -697.852686559781432 ], [ 1411.205252786676283, -700.33350792620331 ], [ 1424.0357544015842, -713.50743715185672 ], [ 1418.211250773716529, -719.26311008259654 ], [ 1424.243712163024611, -725.46355570293963 ], [ 1424.360032436401525, -725.446523350663483 ], [ 1430.161125004568021, -719.776096757501364 ], [ 1436.958117713602405, -726.680320885963738 ], [ 1458.831038885613452, -707.255571587942541 ], [ 1459.916870695058606, -708.415885389782488 ], [ 1484.331257871212074, -685.931764039210975 ], [ 1486.021269885652146, -682.825289135798812 ], [ 1485.988071325886267, -679.541646966710687 ], [ 1464.871847147342123, -652.077394238673151 ] ], [ [ 1013.628430046692301, -843.549529409967363 ], [ 1014.305778545372959, -844.268483875319362 ], [ 1081.368899782330118, -784.008228706195951 ], [ 1078.788892649121408, -780.516790514811873 ], [ 1070.848222945078305, -787.575551113113761 ], [ 1067.446244194563405, -791.022010846063495 ], [ 1053.435409770570914, -807.762918943539262 ], [ 1051.131790451961933, -810.318814538419247 ], [ 1048.584226818302341, -812.843564115464687 ], [ 1045.771824663364896, -814.608248087577522 ], [ 1037.630109430678203, -819.297347217798233 ], [ 1030.481913961008104, -824.15341385640204 ], [ 1026.319264875764929, -827.597764107398689 ], [ 1024.837689302123181, -829.23124373331666 ], [ 1023.164646246261327, -831.282924064435065 ], [ 1022.237869288954244, -832.637580879963934 ], [ 1018.897005962329786, -838.636038744822145 ], [ 1017.471683527004643, -840.521793466061354 ], [ 1015.885277630710334, -841.936211320571601 ], [ 1013.628430046692301, -843.549529409967363 ] ], [ [ 1100.011379157558622, -793.440636921674013 ], [ 1108.279037867552688, -802.70037196483463 ], [ 1118.873067076254301, -815.009180532768369 ], [ 1140.961535218017161, -839.700532050803304 ], [ 1150.869178739214476, -851.2601303672418 ], [ 1153.613357433192505, -855.076781921088696 ], [ 1162.691963604193006, -857.596525393426418 ], [ 1176.969918141396192, -845.652012530714273 ], [ 1127.372539189069357, -789.01072440482676 ], [ 1117.169476732113253, -777.823606478050351 ], [ 1100.011379157558622, -793.440636921674013 ] ], [ [ 1118.648021946433801, -776.477811348624527 ], [ 1128.870037279675671, -787.686012361198664 ], [ 1178.505076707413536, -844.366557903587818 ], [ 1185.112080888546188, -838.829129673540592 ], [ 1134.576208449714613, -782.462467789649963 ], [ 1132.836728598969785, -780.725548624061048 ], [ 1135.314509112266023, -772.478929918259382 ], [ 1132.546606255902589, -769.325760879553854 ], [ 1131.156446794106159, -768.066717557609081 ], [ 1128.421540160703444, -767.581493597477674 ], [ 1118.648021946433801, -776.477811348624527 ] ], [ [ 1343.538412726549723, -887.930029501207173 ], [ 1386.916945820719775, -930.380164925009012 ], [ 1394.043142718457602, -937.096014660783112 ], [ 1396.147812307166532, -939.341387916356325 ], [ 1398.155844764214635, -941.061113972216845 ], [ 1399.743490135611864, -942.163368673995137 ], [ 1409.6604476189259, -948.699763880111277 ], [ 1411.54808520403094, -949.242818159982562 ], [ 1416.135847578367247, -938.218269384466112 ], [ 1419.620383190711436, -928.327577263116837 ], [ 1419.828962189598315, -925.455016430467367 ], [ 1414.674389312600397, -925.034261520951986 ], [ 1413.069409335832461, -925.792995856143534 ], [ 1407.575940210648696, -931.3810352133587 ], [ 1406.485727294333628, -930.251546086743474 ], [ 1409.357282966830098, -927.127891020849347 ], [ 1407.815153597146491, -925.664336078800261 ], [ 1412.203830625498085, -921.271769357845187 ], [ 1412.203747328299869, -921.130375833250582 ], [ 1321.264237404904634, -830.324503580108285 ], [ 1321.148174796955573, -830.306194631382823 ], [ 1313.486098431798382, -837.968142719008029 ], [ 1313.485777950270858, -838.108981315977871 ], [ 1305.430206493856531, -846.067623722366989 ], [ 1305.64144819824287, -847.4581567235291 ], [ 1306.05570146332866, -848.487355595454574 ], [ 1318.805729703095494, -862.316538209095597 ], [ 1335.030440313441431, -879.223107254132628 ], [ 1343.767490342401288, -887.701340289786458 ], [ 1343.538412726549723, -887.930029501207173 ] ], [ [ 1011.320993586376062, -872.628079941496253 ], [ 1058.997825583110171, -893.330980593338609 ], [ 1063.621539754547484, -894.559313326142728 ], [ 1079.150796358890148, -878.27899856120348 ], [ 1086.392440659345084, -872.16125572565943 ], [ 1094.534504520914197, -867.182111483067274 ], [ 1102.91187218019877, -862.977824423462152 ], [ 1108.974535670691694, -860.365203296765685 ], [ 1123.220433570913883, -854.538353930227458 ], [ 1126.70296702005362, -853.223293946124613 ], [ 1130.213272931689062, -852.187291907146573 ], [ 1133.924989740206001, -851.638930230401456 ], [ 1137.389827905664788, -851.751358786597848 ], [ 1143.161939193716535, -852.820305772125721 ], [ 1150.686540281176349, -854.427932602353394 ], [ 1149.323151208465788, -852.528558313846588 ], [ 1139.450408195634736, -841.009679692797363 ], [ 1117.376606487936442, -816.335060426034033 ], [ 1106.7691426001129, -804.010923781432211 ], [ 1098.591876436952589, -794.852710589766502 ], [ 1098.487506055367703, -794.827568025328219 ], [ 1088.133443256358078, -804.184137550182641 ], [ 1088.548612822771247, -805.863804891705513 ], [ 1090.484630389115409, -808.143345541320741 ], [ 1031.157681613538443, -861.485478377901018 ], [ 1027.471459601400056, -857.907052835449576 ], [ 1011.320993586376062, -872.628079941496253 ] ], [ [ 1065.033645562860329, -956.075308621861041 ], [ 1072.093900922864123, -922.838530744425952 ], [ 1073.758408024476012, -921.054814714938402 ], [ 1083.292584301671013, -911.379821301437914 ], [ 1064.036281327456891, -896.999435560777783 ], [ 1034.879735222784802, -926.541194189339876 ], [ 1065.033645562860329, -956.075308621861041 ] ], [ [ 1202.572626535304153, -904.457231027074158 ], [ 1210.303607300384101, -915.891983132809401 ], [ 1212.883658026801641, -919.423853932879865 ], [ 1228.549662144512695, -937.118515799753368 ], [ 1232.268062876662952, -941.117939304560423 ], [ 1232.603663055862853, -940.814145252108574 ], [ 1232.654809791758453, -940.083808578550816 ], [ 1232.5747170389659, -938.137557420879602 ], [ 1232.15539088067635, -934.034229188226163 ], [ 1231.727901194073638, -932.504067246802151 ], [ 1229.540111152151439, -926.761312674731016 ], [ 1228.7725935827184, -924.938045434653759 ], [ 1227.497231480861956, -922.855337230488658 ], [ 1226.715256421872255, -921.310501451604068 ], [ 1224.59432867765463, -918.492780467495322 ], [ 1221.883799562412605, -915.373325453139842 ], [ 1219.201631954709228, -912.983216752298176 ], [ 1214.578409524503513, -909.261028792709112 ], [ 1211.280746896500204, -907.37092777621001 ], [ 1206.914255366928046, -905.436392640694976 ], [ 1205.092225871534538, -904.847891331650317 ], [ 1203.568963938139859, -904.463440267369151 ], [ 1202.572626535304153, -904.457231027074158 ] ], [ [ 1160.926519702785299, -901.737916053272784 ], [ 1172.063713491930685, -901.93252909462899 ], [ 1198.883388314139665, -902.41368464473635 ], [ 1184.330924457412038, -878.510858158580959 ], [ 1160.926519702785299, -901.737916053272784 ] ], [ [ 1259.319035605247336, -911.552753752097487 ], [ 1265.517387142099324, -909.587132931686938 ], [ 1286.034274513385753, -892.927896174602211 ], [ 1288.083914793525764, -891.401881290599704 ], [ 1289.561842846624131, -890.672303985804319 ], [ 1303.780442586426943, -885.079391684383154 ], [ 1312.514697818052809, -860.40276699885726 ], [ 1302.12044144383799, -849.265720255672932 ], [ 1299.307031181999264, -851.7905308669433 ], [ 1299.161914494154189, -851.786632298491895 ], [ 1275.979212031646966, -874.922257665544748 ], [ 1275.97908182914216, -875.063644002191722 ], [ 1278.492381302021386, -877.581096014939249 ], [ 1255.205405029577378, -900.802366954274476 ], [ 1255.202503313981651, -900.940014065243304 ], [ 1252.315615720339338, -903.566554687917233 ], [ 1259.319035605247336, -911.552753752097487 ] ], [ [ 1295.87596644230689, -843.673233208246529 ], [ 1295.460032838935149, -843.547146553173661 ], [ 1266.866129166357496, -856.244106917642057 ], [ 1239.555288207084232, -869.239025543443859 ], [ 1234.024019459107876, -871.075002112425864 ], [ 1234.171655527105031, -871.228123949840665 ], [ 1227.731141431493597, -873.755470238626003 ], [ 1244.40297342994927, -893.243972382508218 ], [ 1250.166542857823515, -893.04755140747875 ], [ 1253.411489397496553, -890.300838951021433 ], [ 1255.215798774579525, -886.428971633315086 ], [ 1255.393367662691162, -883.354891560040414 ], [ 1253.11819160189043, -878.069688410498202 ], [ 1257.35775227774684, -865.84121853299439 ], [ 1274.578217270183814, -858.256218709982932 ], [ 1282.211943041449558, -857.166832103393972 ], [ 1295.415504796246751, -844.368881991133094 ], [ 1295.279811880271154, -844.236036324873567 ], [ 1295.87596644230689, -843.673233208246529 ] ], [ [ 1305.510282877683494, -886.184119002893567 ], [ 1290.212685671511281, -930.197726322337985 ], [ 1290.301557755892645, -931.970828155986965 ], [ 1336.808498959464487, -886.449265340343118 ], [ 1346.072998543349968, -895.630085296928883 ], [ 1347.303691535546022, -894.407214946113527 ], [ 1342.123380393681146, -889.34266263153404 ], [ 1341.928493840057854, -889.537218755111098 ], [ 1340.958196209117887, -888.603720187209547 ], [ 1314.044215648496902, -862.073459313251078 ], [ 1305.510282877683494, -886.184119002893567 ] ], [ [ 1238.627178250064389, -867.448362496681511 ], [ 1238.751859678091932, -867.407164404168725 ], [ 1263.771061495022877, -855.502673170529306 ], [ 1221.45892350977374, -847.711186279542744 ], [ 1220.741670526680537, -847.731696997769177 ], [ 1238.627178250064389, -867.448362496681511 ] ], [ [ 1081.496436428542438, -768.719715840183198 ], [ 1095.197906595487439, -771.241053972393274 ], [ 1095.606928694132876, -771.216019640676677 ], [ 1103.222271308486597, -764.509210777468979 ], [ 1108.51820364032028, -759.558371358551085 ], [ 1114.539838327904363, -754.265139385126531 ], [ 1115.015148272643273, -753.638980526477098 ], [ 1112.24530387438972, -750.363737159408629 ], [ 1106.4009125822231, -743.773227243684232 ], [ 1100.443777499434873, -744.658411709591746 ], [ 1085.168071233571027, -747.523944100365043 ], [ 1084.750042116056648, -747.51337568089366 ], [ 1080.878585163887692, -746.582424778491259 ], [ 1080.599389973656798, -748.228283688426018 ], [ 1080.029018737681326, -750.030670532956719 ], [ 1080.470802820989775, -752.192004195414484 ], [ 1081.086839687155589, -758.864934546872973 ], [ 1081.496436428542438, -768.719715840183198 ] ], [ [ 1080.096781304371689, -778.922553525306284 ], [ 1082.861733275896768, -782.664271449670196 ], [ 1093.618002744962723, -772.983205566182733 ], [ 1081.478447649858936, -770.749290324747562 ], [ 1081.25045904135186, -775.520322631113231 ], [ 1080.806595245052449, -777.370826829224825 ], [ 1080.096781304371689, -778.922553525306284 ] ], [ [ 1047.909692934419581, -739.127189367078245 ], [ 1058.665954146481454, -751.51238352060318 ], [ 1065.441424861845007, -753.514369117096066 ], [ 1068.583404268172671, -754.087535966187716 ], [ 1070.106827503910608, -754.016584186814725 ], [ 1071.610128396443542, -753.804047480225563 ], [ 1073.245562287576831, -753.278431311249733 ], [ 1074.833445009553543, -752.43627049960196 ], [ 1076.67727759931222, -750.84175655990839 ], [ 1078.119853411117219, -749.436996900476515 ], [ 1078.671381458720134, -747.69415498059243 ], [ 1079.064392123014841, -745.28604394942522 ], [ 1079.026051409109641, -743.004577959887683 ], [ 1078.517256755050767, -741.003413633443415 ], [ 1077.549942902116527, -738.93295328784734 ], [ 1076.316016003233017, -737.490105660632253 ], [ 1073.248764069137906, -735.258448394015431 ], [ 1069.825270551726135, -733.146540427580476 ], [ 1067.95315518543066, -731.365599755197763 ], [ 1064.593904347177158, -726.94635765068233 ], [ 1062.422738865321662, -721.979683428071439 ], [ 1058.8263176717428, -729.098931794054806 ], [ 1058.607057141927726, -729.387357800267637 ], [ 1047.909692934419581, -739.127189367078245 ] ], [ [ 1081.051919154264397, -744.567799079231918 ], [ 1085.00959893988329, -745.519483585841954 ], [ 1100.093788916865378, -742.689877270720899 ], [ 1104.817181935219196, -741.987270059995353 ], [ 1067.66209722851454, -700.097174522466958 ], [ 1066.929224637686275, -701.885082919150591 ], [ 1065.270636862818719, -709.896279846318066 ], [ 1063.532089664422529, -719.501545747742057 ], [ 1066.261197684822037, -725.836378640495241 ], [ 1069.399427313113847, -729.983042732812464 ], [ 1070.967529148123504, -731.502053848467767 ], [ 1074.330905828250252, -733.576876540668309 ], [ 1077.58740771003977, -735.942635304294527 ], [ 1079.157787437636216, -737.73687881231308 ], [ 1080.431690352246733, -740.419379922561347 ], [ 1080.992442930129982, -742.624902436509728 ], [ 1081.051919154264397, -744.567799079231918 ] ], [ [ 1061.101362398587298, -754.316751864738762 ], [ 1067.907092185711008, -762.153571403585374 ], [ 1070.543578196356975, -764.004117821343243 ], [ 1079.46508179785269, -767.987830592319369 ], [ 1079.093662722098088, -759.023513585329056 ], [ 1078.388524629888707, -751.966013290919363 ], [ 1076.055662472419499, -754.022537291049957 ], [ 1074.10411537777145, -755.086188637651503 ], [ 1072.140536432019871, -755.733614082448184 ], [ 1070.340197019622792, -756.002788041718304 ], [ 1068.5701713322469, -756.08963452745229 ], [ 1066.668473933796122, -755.794328095391393 ], [ 1064.919260395638048, -755.4448471814394 ], [ 1061.101362398587298, -754.316751864738762 ] ], [ [ 1411.885940746862616, -694.515799453482032 ], [ 1412.834473664895995, -693.851166609674692 ], [ 1423.958861985378462, -684.452085575088859 ], [ 1430.435695761012539, -679.685256402008235 ], [ 1439.600323503855179, -671.130192601121962 ], [ 1444.690362425342755, -667.369969984516501 ], [ 1460.571884781184053, -653.691807665862143 ], [ 1462.835672039918791, -652.161421500146389 ], [ 1462.889111480404608, -651.816432635299861 ], [ 1457.132019198756097, -651.17006669472903 ], [ 1453.026014055561973, -650.902833339758217 ], [ 1450.6471259177506, -650.997112226672471 ], [ 1448.08323673630548, -651.221319483593106 ], [ 1446.41774967508718, -651.712401608005166 ], [ 1440.285859483097738, -653.819506898522377 ], [ 1431.3690940424367, -657.380234709009528 ], [ 1435.254133971035117, -659.493979981169105 ], [ 1411.885940746862616, -694.515799453482032 ] ], [ [ 1423.9682664126085, -916.667542257346213 ], [ 1423.902728165985536, -916.261221064254642 ], [ 1423.014920901166988, -915.49912350717932 ], [ 1424.547828414511969, -911.489130663685501 ], [ 1425.661486158001935, -911.909001941792667 ], [ 1426.802245771899834, -909.08635484892875 ], [ 1426.974646030892472, -909.148168307729065 ], [ 1427.187309080482009, -908.602962283417583 ], [ 1429.140077073594512, -904.767757659777999 ], [ 1430.341460566736714, -905.201760747469962 ], [ 1442.706057561177658, -879.337632468901575 ], [ 1438.082873877709062, -874.867977572605014 ], [ 1436.720668572510476, -874.436377942562103 ], [ 1436.697178361311671, -874.335813861340284 ], [ 1360.061437501943146, -797.823255025781691 ], [ 1361.088074274739483, -794.002146145328879 ], [ 1358.504163438663454, -791.815173713490367 ], [ 1355.982919942982335, -791.582287324592471 ], [ 1342.686331609898843, -805.176684242673218 ], [ 1342.306774323536956, -807.621319234371185 ], [ 1349.36724314480125, -815.542221172712743 ], [ 1344.931256576501255, -819.63656341470778 ], [ 1349.851066920165977, -824.409680948592722 ], [ 1343.788384420806324, -830.642693305388093 ], [ 1338.529477082473022, -825.844397108070552 ], [ 1335.028476021096139, -829.170040663331747 ], [ 1334.805844431082733, -830.79115120600909 ], [ 1405.484032492497136, -901.647965632379055 ], [ 1408.700024539552032, -902.232147363945842 ], [ 1413.690210189151912, -898.72297015786171 ], [ 1419.043375988361731, -891.797778836451471 ], [ 1423.339459912258462, -898.434231363236904 ], [ 1418.987253645891542, -902.892558310180902 ], [ 1418.670408582320306, -904.159223233349621 ], [ 1420.835642264200942, -906.757745343260467 ], [ 1417.272353700476742, -910.580930230207741 ], [ 1423.9682664126085, -916.667542257346213 ] ], [ [ 1107.636449223256932, -766.709276213310659 ], [ 1113.874032538096799, -769.818231739103794 ], [ 1121.183098492780118, -763.638248195871711 ], [ 1122.555149565210741, -761.829068536870182 ], [ 1121.82313960780084, -761.298521383665502 ], [ 1118.006760539454262, -757.023969672620296 ], [ 1111.860796283279342, -762.635851850733161 ], [ 1107.636449223256932, -766.709276213310659 ] ], [ [ 1256.975716103272134, -1137.612764820456505 ], [ 1254.457556070376086, -1135.969090209342539 ], [ 1256.32079922988305, -1137.185300616547465 ], [ 1256.975716103272134, -1137.612764820456505 ] ], [ [ 1011.841152540842813, -859.44951409753412 ], [ 1012.603318872299496, -859.305449927225709 ], [ 1019.412105067303855, -853.120140924118459 ], [ 1019.813843184523648, -852.033790010027587 ], [ 1019.914207615525811, -850.727719351649284 ], [ 1019.730282012655152, -849.832140662707388 ], [ 1017.622293342601552, -846.70640323124826 ], [ 1007.613787914773638, -855.748890759423375 ], [ 1010.407040647311078, -858.895699370652437 ], [ 1011.841152540842813, -859.44951409753412 ] ], [ [ 1077.255970370255454, -798.034022754058242 ], [ 1077.334974486371721, -797.755971945822239 ], [ 1078.744465478930579, -798.113230641931295 ], [ 1080.288709634147381, -798.195405121892691 ], [ 1081.030629093756943, -798.007815775461495 ], [ 1088.232904826396407, -792.120749793946743 ], [ 1111.069843615521677, -772.403314393013716 ], [ 1095.569014919008623, -776.588663536123931 ], [ 1074.896422611083835, -795.301423532888293 ], [ 1041.569086516881725, -825.213077696040273 ], [ 1074.782161547133001, -795.741611341945827 ], [ 1077.255970370255454, -798.034022754058242 ] ], [ [ 1192.004852586889683, -681.10768121574074 ], [ 1190.030636701963886, -680.949303422123194 ], [ 1187.188280644639235, -683.643983286805451 ], [ 1186.648781749119735, -685.861317767761648 ], [ 1199.362999451173891, -698.478104185312986 ], [ 1203.35814687164202, -696.185233551077545 ], [ 1203.849589505796757, -692.134545466862619 ], [ 1192.004852586889683, -681.10768121574074 ] ], [ [ 1340.21464658770492, -721.981499349698424 ], [ 1333.346686083807072, -714.700624915771186 ], [ 1330.37286001677785, -718.141916445456445 ], [ 1330.848250234439547, -720.823935216292739 ], [ 1349.384321390647528, -740.596739267930388 ], [ 1351.768706344611928, -740.891546972095966 ], [ 1355.176685134876607, -737.162478908896446 ], [ 1340.21464658770492, -721.981499349698424 ] ], [ [ 1413.33136738083158, -806.415278538130224 ], [ 1440.864755970562328, -833.044887557625771 ], [ 1443.138167120003345, -830.094601249322295 ], [ 1443.89451135118361, -827.951011644676328 ], [ 1441.1804848494412, -825.09378089569509 ], [ 1440.352023101846498, -824.376266089268029 ], [ 1416.335839153522102, -800.745893776416779 ], [ 1413.07765706671853, -803.967325862497091 ], [ 1413.33136738083158, -806.415278538130224 ] ], [ [ 1442.896630899977026, -863.896008828654885 ], [ 1445.40547531647826, -858.814849648624659 ], [ 1445.246025508711682, -855.445506474003196 ], [ 1423.874250642129482, -835.26664325222373 ], [ 1420.942373316807789, -835.265548220835626 ], [ 1414.1720061280339, -842.107317012734711 ], [ 1438.063192105284543, -865.691068475134671 ], [ 1440.280056904406592, -865.570112654007971 ], [ 1442.896630899977026, -863.896008828654885 ] ], [ [ 1158.295037908892482, -736.452777500264347 ], [ 1151.992834988928735, -729.990738752298057 ], [ 1136.484453190229033, -743.816394689492881 ], [ 1134.278378588733176, -741.236058202572167 ], [ 1144.634711072303617, -731.182516342960298 ], [ 1138.71389487632041, -723.062440978363156 ], [ 1142.992777194518567, -718.901028827764094 ], [ 1172.15509824289984, -693.558316075243056 ], [ 1175.677994296222096, -694.216268733143806 ], [ 1184.981781799893724, -686.217014476656914 ], [ 1181.089247951324069, -681.519879446364939 ], [ 1177.538581374546993, -674.996830385178328 ], [ 1165.66799501697642, -662.087573069147766 ], [ 1163.415338791810427, -661.666572714224458 ], [ 1161.844339610153838, -662.336768661625683 ], [ 1107.865290640909734, -711.395432484336197 ], [ 1079.21299235173683, -679.871577493846416 ], [ 1073.997750377582634, -684.273280325345695 ], [ 1074.634111107630815, -691.185276937671006 ], [ 1134.373599025497242, -758.341557156294584 ], [ 1158.295037908892482, -736.452777500264347 ] ], [ [ 1194.946276574553849, -819.780331663787365 ], [ 1239.974817543523386, -775.074328748509288 ], [ 1242.94880861141246, -773.015953133814037 ], [ 1244.383056198719714, -770.258270958438516 ], [ 1249.585529973172015, -776.765166629105806 ], [ 1250.409948120106492, -776.90211908519268 ], [ 1254.892136653730631, -772.669751452282071 ], [ 1262.51643497511941, -779.395078491419554 ], [ 1263.743287834280636, -779.259846298024058 ], [ 1274.331568288180279, -769.837091782130301 ], [ 1278.707948200890314, -770.65331069752574 ], [ 1319.245524241305247, -730.599561871029437 ], [ 1317.604038445027982, -727.253966972231865 ], [ 1310.347893699377892, -719.763648439198732 ], [ 1310.577898057423226, -719.527215051464736 ], [ 1310.559737152740126, -719.411195201799273 ], [ 1301.651077347054525, -710.460977266542614 ], [ 1301.535020697790969, -710.442338640801609 ], [ 1301.43921630722798, -710.530868103727698 ], [ 1295.937944849312771, -704.895740319043398 ], [ 1296.222463377802342, -704.615181045606732 ], [ 1296.206399282293205, -704.498836891725659 ], [ 1290.39040761153592, -698.441803796216846 ], [ 1290.274773057475613, -698.421049429103732 ], [ 1289.891603784704785, -698.781803241930902 ], [ 1284.645745137795529, -693.408048298209906 ], [ 1283.75285223031824, -693.3535395571962 ], [ 1284.432935884227845, -692.687293518334627 ], [ 1284.434396176598966, -692.545935557223856 ], [ 1276.566411721647455, -684.512852285988629 ], [ 1276.425083283611457, -684.511348425410688 ], [ 1275.695195437139773, -685.225497776642442 ], [ 1271.15493577489724, -680.679772431962192 ], [ 1271.563981230379795, -680.257799808867276 ], [ 1271.561780380669006, -680.116442102007568 ], [ 1263.155590386744734, -671.968218121677637 ], [ 1263.039251000443983, -671.95164361782372 ], [ 1262.845541414304535, -672.144440360367298 ], [ 1259.790864626173061, -668.474509729072452 ], [ 1259.797735500262206, -668.327081770636141 ], [ 1252.060268909694059, -660.507974894717336 ], [ 1251.924733467129045, -660.503045032732189 ], [ 1251.06008260737508, -659.494032329879701 ], [ 1228.873332852179374, -681.23627772834152 ], [ 1213.407420713361716, -694.783648727461696 ], [ 1205.721325694032203, -698.83263895008713 ], [ 1139.874553416981144, -758.177414736710489 ], [ 1137.65659376729127, -761.23024882003665 ], [ 1190.466679776240198, -821.271013837307692 ], [ 1194.946276574553849, -819.780331663787365 ] ], [ [ 1434.044624302150623, -781.776269778609276 ], [ 1433.251443572125936, -781.759995255619287 ], [ 1423.932696355983353, -791.256561595015228 ], [ 1423.915410471268842, -791.372800211422145 ], [ 1446.626295098727496, -813.665208264254034 ], [ 1446.742504557001666, -813.682509155012667 ], [ 1456.004239839334332, -804.258722495287657 ], [ 1455.944725015737276, -803.348599042743444 ], [ 1434.044624302150623, -781.776269778609276 ] ], [ [ 1459.960057964453881, -830.178105669096112 ], [ 1457.26107904662058, -827.472305121831596 ], [ 1461.353059014982136, -823.342870838940144 ], [ 1456.449067232479138, -818.405762100592256 ], [ 1446.534858160684962, -828.242801041342318 ], [ 1454.201619881938313, -835.983491695486009 ], [ 1459.959745689904594, -830.319611702114344 ], [ 1459.960057964453881, -830.178105669096112 ] ], [ [ 1362.849857270979555, -747.8802679060027 ], [ 1384.73960639787947, -769.839155970141292 ], [ 1405.06263210249017, -749.623639489524066 ], [ 1383.138697320620849, -727.585114918649197 ], [ 1362.850145886184691, -747.738916630856693 ], [ 1362.849857270979555, -747.8802679060027 ] ], [ [ 1443.613939547109112, -753.603637636639178 ], [ 1418.368204588885419, -728.490581577643752 ], [ 1419.555109289278334, -727.296844284050167 ], [ 1419.573190410801544, -727.180781826376915 ], [ 1414.084308293604408, -721.714156618341804 ], [ 1413.968219392811079, -721.732861607335508 ], [ 1400.105956682304168, -735.688355462625623 ], [ 1400.124663735252398, -735.804343648254871 ], [ 1430.913930010387048, -766.424332381226122 ], [ 1431.02997079304987, -766.40561178419739 ], [ 1443.614340263575286, -753.744983711279929 ], [ 1443.613939547109112, -753.603637636639178 ] ] ], [ [ [ 1480.962645180954496, -1145.676000001840293 ], [ 1498.11378603207595, -1104.189766109921038 ], [ 1505.632299999959287, -1084.552969506010413 ], [ 1505.632300000028408, -1090.046987654641271 ], [ 1499.272210456230823, -1106.620185785926878 ], [ 1503.121425567267579, -1107.789194961078465 ], [ 1505.632299999913812, -1108.744240065105259 ], [ 1505.632300000064788, -1110.880429862067103 ], [ 1505.577035426440489, -1110.862294368445873 ], [ 1502.507264317695444, -1109.692157100886106 ], [ 1498.504407290651216, -1108.476486775092781 ], [ 1483.12584867545047, -1145.675999999046326 ], [ 1480.962645180954496, -1145.676000001840293 ] ] ], [ [ [ 1505.632299999942916, -1002.420271526090801 ], [ 1487.433037450336997, -995.214505790732801 ], [ 1488.209824259860397, -993.371740629896522 ], [ 1505.63229999991745, -1000.269947568885982 ], [ 1505.632299999942916, -1002.420271526090801 ] ] ], [ [ [ 1005.632300000046598, -844.910482306964695 ], [ 1008.31916522735628, -847.881105925887823 ], [ 1005.632300000048417, -850.378151306882501 ], [ 1005.632300000046598, -844.910482306964695 ] ] ], [ [ [ 1216.802956702424126, -1093.439497223123908 ], [ 1219.27589938174242, -1095.373640853911638 ], [ 1219.797038331866133, -1098.79328890144825 ], [ 1212.824385752519447, -1093.288703583180904 ], [ 1216.043324322272383, -1092.845341355539858 ], [ 1216.802956702424126, -1093.439497223123908 ] ] ] ] } },
{ "type": "Feature", "properties": { }, "geometry": { "type": "MultiPolygon", "coordinates": [ [ [ [ 1005.632300000035684, -1518.757275838404894 ], [ 1083.30067098965992, -1455.463557597249746 ], [ 1079.009401553063071, -1457.634107475169003 ], [ 1075.498154889812213, -1458.540804615244269 ], [ 1072.306236872158479, -1458.565901019610465 ], [ 1067.626262832382054, -1457.532667137682438 ], [ 1062.454819584165307, -1455.509708353318274 ], [ 1056.677981035651101, -1452.003906903788447 ], [ 1049.644043735428568, -1445.699659312143922 ], [ 1041.688631555543907, -1438.301091274246573 ], [ 1038.141929074696236, -1434.865251670591533 ], [ 1033.269881787840859, -1429.852116266265512 ], [ 1025.079775171814617, -1420.832990119233727 ], [ 1021.973632501809334, -1417.055624919943511 ], [ 1019.974409833886966, -1414.347455449402332 ], [ 1005.632299999924726, -1393.538721936754882 ], [ 1005.632299999952011, -1386.610181448049843 ], [ 1009.685228049665966, -1392.416994674131274 ], [ 1022.23175718467246, -1410.704996137879789 ], [ 1025.328867446220102, -1414.930251614190638 ], [ 1028.321484739157313, -1418.516415223479271 ], [ 1036.706767582483735, -1427.713385089300573 ], [ 1041.354704295703414, -1432.457323101349175 ], [ 1052.164757693690262, -1442.634355033747852 ], [ 1054.373266613330998, -1444.96793628577143 ], [ 1057.819801391626243, -1447.846931441687047 ], [ 1060.635061828006656, -1449.848324197344482 ], [ 1063.847935741583569, -1451.826179972849786 ], [ 1067.521726473070885, -1453.351947842165828 ], [ 1071.512691119760348, -1454.234375069849193 ], [ 1074.771770156110506, -1454.316251873970032 ], [ 1077.227909263610854, -1453.75430412683636 ], [ 1080.532894872028919, -1452.235382445156574 ], [ 1086.934167624192924, -1448.042649265378714 ], [ 1091.799465741725726, -1444.397097428329289 ], [ 1146.724510638367065, -1401.280349026434124 ], [ 1149.581627082752675, -1398.734327532351017 ], [ 1149.905808204750429, -1398.095403113402426 ], [ 1150.859604711133215, -1396.830219470895827 ], [ 1153.473522305775987, -1392.889508008025587 ], [ 1155.926508841634131, -1389.884215066209435 ], [ 1158.220418554983553, -1387.549249493516982 ], [ 1178.59066028270172, -1366.01492459140718 ], [ 1185.986604413592431, -1358.006361034698784 ], [ 1191.874012590113125, -1351.374250092543662 ], [ 1197.102007351501015, -1345.121904132887721 ], [ 1199.901318263006033, -1341.644786648452282 ], [ 1204.796105541396173, -1335.861850219778717 ], [ 1207.753291670358522, -1332.770044853910804 ], [ 1211.305213209045178, -1329.625797528773546 ], [ 1216.033669737977107, -1321.817093670368195 ], [ 1225.095657288931761, -1307.78907132986933 ], [ 1231.853396741154938, -1297.874720272608101 ], [ 1239.014196560448909, -1288.568790865130723 ], [ 1252.228582640080276, -1273.009429702535272 ], [ 1254.257399257596262, -1270.158272104337811 ], [ 1255.922945535277904, -1266.480328576639295 ], [ 1257.818448698253633, -1261.039909686893225 ], [ 1258.292100495305931, -1257.020048218779266 ], [ 1257.733440439862534, -1251.511451106518507 ], [ 1256.506721238811224, -1246.723456172272563 ], [ 1251.46179752131502, -1231.493279345333576 ], [ 1249.444763883786436, -1225.902748784981668 ], [ 1242.141894146112463, -1218.206699314527214 ], [ 1238.262666474542129, -1212.765340492129326 ], [ 1233.735336831321547, -1206.023273466154933 ], [ 1229.671310820522194, -1200.397893133573234 ], [ 1221.249334792761147, -1190.421806512400508 ], [ 1199.880195885378271, -1164.637881983071566 ], [ 1191.118980915112843, -1164.03407243732363 ], [ 1185.892258427533307, -1163.396279327571392 ], [ 1182.49835372139205, -1162.296357199549675 ], [ 1180.160474809725201, -1161.331475470215082 ], [ 1170.540906201713369, -1155.871643879450858 ], [ 1166.686577761462104, -1154.77131421957165 ], [ 1160.518078578030327, -1152.076228505000472 ], [ 1148.41753364023316, -1145.675999999977648 ], [ 1152.693697184302437, -1145.675999999046326 ], [ 1161.419694681715555, -1150.291360583156347 ], [ 1167.42400504802572, -1152.911724459379911 ], [ 1171.422761970481588, -1154.073263389058411 ], [ 1181.091618419535735, -1159.561069568619132 ], [ 1183.222677314024622, -1160.4325329111889 ], [ 1186.232718625924463, -1161.423706124536693 ], [ 1191.282819479267346, -1162.041307135485113 ], [ 1198.173218613406789, -1162.516182914376259 ], [ 1184.701719533188225, -1145.676000001840293 ], [ 1187.261686006533637, -1145.675999999977648 ], [ 1201.15163831105383, -1163.038828203454614 ], [ 1222.785795857387711, -1189.142523338086903 ], [ 1231.223368971302989, -1199.137021120637655 ], [ 1235.36600504568014, -1204.866349865682423 ], [ 1239.914662831610258, -1211.639124736189842 ], [ 1243.728888054154595, -1216.9886389169842 ], [ 1247.757504853181672, -1221.22624116577208 ], [ 1245.78793160686655, -1215.767254650592804 ], [ 1245.016636878741338, -1213.388861771672964 ], [ 1239.512248988115971, -1199.479300742968917 ], [ 1238.220791395400738, -1196.873643034137785 ], [ 1235.276412563656777, -1191.372011630795896 ], [ 1230.727971280930433, -1184.272490995004773 ], [ 1228.569472032213525, -1181.422805993817747 ], [ 1224.959694062028575, -1176.889623996801674 ], [ 1221.18739228494087, -1171.714953695423901 ], [ 1207.764102737542999, -1156.108205207623541 ], [ 1198.458773185875543, -1145.675999999977648 ], [ 1203.94357950102858, -1145.676000001840293 ], [ 1209.118773962094565, -1151.602117125876248 ], [ 1218.985293997928238, -1163.23091849591583 ], [ 1226.253270585439168, -1172.049284749664366 ], [ 1228.615901827899506, -1175.051097079180181 ], [ 1233.969922030082671, -1182.319566222839057 ], [ 1235.366136048030967, -1182.847442089579999 ], [ 1237.596283682943977, -1182.715872651897371 ], [ 1248.978794383074273, -1175.670193353667855 ], [ 1250.177005129220561, -1174.833219459280372 ], [ 1250.553501375907217, -1174.469815121032298 ], [ 1250.742039903680052, -1174.057974791154265 ], [ 1250.876020852259899, -1173.523614537902176 ], [ 1250.888375540071138, -1173.023838701657951 ], [ 1248.082838162135886, -1166.844335484318435 ], [ 1245.298793266016219, -1161.526359084993601 ], [ 1244.198266202787636, -1159.799243359826505 ], [ 1242.414595088923306, -1158.737473126500845 ], [ 1236.944993367296775, -1153.258311023004353 ], [ 1228.874268138910338, -1145.676000001840293 ], [ 1272.378401630679946, -1145.675999999977648 ], [ 1271.508215234694944, -1146.714405470527709 ], [ 1272.316445169186409, -1147.21500497777015 ], [ 1272.513435669796309, -1146.866984474472702 ], [ 1275.109950950314669, -1148.273506837897003 ], [ 1277.820127333459823, -1149.474576420150697 ], [ 1280.619364984238928, -1150.512320942245424 ], [ 1283.502152756862415, -1151.3667808836326 ], [ 1286.404758169706838, -1152.073529927991331 ], [ 1289.333742645734674, -1152.591034166514874 ], [ 1292.310848999362861, -1152.842615442350507 ], [ 1296.298857283507459, -1152.892064658924937 ], [ 1299.284299365681363, -1152.718039123341441 ], [ 1302.228635129842587, -1152.353450447320938 ], [ 1305.16911208219426, -1151.770946106873453 ], [ 1307.073001694738196, -1151.284755855798721 ], [ 1310.893261202510985, -1150.002129628323019 ], [ 1315.503701104737047, -1148.188085910864174 ], [ 1319.050762157630743, -1146.404915363527834 ], [ 1320.177658343251096, -1145.675999999977648 ], [ 1356.416221430174119, -1145.675999999977648 ], [ 1357.457287523018749, -1153.132215030491352 ], [ 1358.651321281047785, -1157.903738018125296 ], [ 1361.253979233819337, -1164.624600276350975 ], [ 1362.395329643337391, -1167.006678291596472 ], [ 1366.18103295765286, -1174.28217294998467 ], [ 1366.946191623714185, -1176.157317221164703 ], [ 1368.257986066697413, -1179.938455132767558 ], [ 1369.417580339955748, -1183.795637615025043 ], [ 1370.63439040672165, -1187.055201753973961 ], [ 1373.509121458027948, -1193.263398662209511 ], [ 1374.803424286297741, -1195.543671826831996 ], [ 1377.634904761076541, -1199.731869808398187 ], [ 1384.101202891664798, -1207.25660581048578 ], [ 1387.493440725169421, -1209.805958136916161 ], [ 1400.387476599749789, -1219.186843858100474 ], [ 1408.598424625672124, -1224.367213315330446 ], [ 1423.060766112073907, -1233.18736572470516 ], [ 1424.531370911878184, -1211.614157671108842 ], [ 1400.694700657066278, -1188.454862884245813 ], [ 1389.871156478468038, -1177.811723266728222 ], [ 1373.282988758486681, -1158.852560006082058 ], [ 1367.566287838069911, -1150.523648652248085 ], [ 1365.407278210062941, -1146.355368155986071 ], [ 1365.228566303774642, -1145.675999999977648 ], [ 1367.295287585513506, -1145.675999999977648 ], [ 1367.310493572571431, -1145.73301466088742 ], [ 1369.2491916522049, -1149.442605943419039 ], [ 1374.826540300358829, -1157.580478820949793 ], [ 1391.351078346080612, -1176.466917691752315 ], [ 1402.089995562950207, -1187.022934978827834 ], [ 1424.709607818766017, -1208.999757413752377 ], [ 1426.584516026259735, -1181.499752130359411 ], [ 1426.657939004095169, -1178.221553543582559 ], [ 1426.049902267388461, -1177.79892517440021 ], [ 1426.588596527966729, -1164.864517426118255 ], [ 1423.644777970730502, -1158.932471644133329 ], [ 1420.784507026131905, -1158.052125767804682 ], [ 1386.581512248083527, -1145.675999999977648 ], [ 1392.457467061152784, -1145.675999999977648 ], [ 1418.227630544572094, -1155.000761955976486 ], [ 1411.014667312210804, -1145.676000001840293 ], [ 1413.542313931795434, -1145.675999999977648 ], [ 1421.721360767245642, -1156.249693864025176 ], [ 1423.010439326089909, -1156.645832692272961 ], [ 1422.902342140636392, -1155.333433150313795 ], [ 1423.377819494173309, -1153.920765545219183 ], [ 1418.770134498856351, -1152.034501769579947 ], [ 1420.326369758531655, -1148.026453913189471 ], [ 1415.902994111329463, -1146.292531259357929 ], [ 1416.16204000898324, -1145.676000001840293 ], [ 1438.834000296748854, -1145.675999999977648 ], [ 1434.642987835606618, -1155.649699062108994 ], [ 1434.703830278653186, -1155.750204188749194 ], [ 1445.07997228404929, -1160.116491842083633 ], [ 1443.550227653646289, -1163.60109889600426 ], [ 1460.680837303421868, -1170.749760722741485 ], [ 1468.88059743242593, -1174.02850997634232 ], [ 1471.703036493951004, -1168.073710746131837 ], [ 1480.962645180954496, -1145.676000001840293 ], [ 1483.12584867545047, -1145.675999999046326 ], [ 1473.541095711399976, -1168.860757009126246 ], [ 1471.605790080873703, -1172.94587492570281 ], [ 1505.632299999919269, -1195.406221737153828 ], [ 1505.632299999906536, -1216.505058869719505 ], [ 1439.861428339125268, -1173.909649493172765 ], [ 1439.723190960707143, -1173.939200866036117 ], [ 1433.756296760922851, -1183.149121993221343 ], [ 1428.627068449839498, -1179.589403536170721 ], [ 1428.58908885260098, -1181.287053897976875 ], [ 1438.68009793746387, -1198.731420384719968 ], [ 1449.983327445275791, -1208.955507215112448 ], [ 1454.790898904480855, -1212.356207123957574 ], [ 1476.43175055494612, -1223.886185871437192 ], [ 1488.184241350259981, -1227.148614464327693 ], [ 1505.632300000066607, -1238.294299292378128 ], [ 1505.632300000039322, -1240.666715557686985 ], [ 1487.235862379029641, -1228.91521361656487 ], [ 1475.5901813149394, -1225.703184175305068 ], [ 1453.68784726341255, -1214.024894628673792 ], [ 1448.686560949201521, -1210.478412020951509 ], [ 1437.222682893849196, -1200.109014129266143 ], [ 1428.357985467064282, -1184.880379105918109 ], [ 1426.589065809170279, -1210.825809047557414 ], [ 1448.229691198223009, -1231.851652460172772 ], [ 1503.625823369375212, -1273.799869691953063 ], [ 1505.632299999911993, -1275.185958187095821 ], [ 1505.632299999977477, -1277.615272765979171 ], [ 1502.436233456721311, -1275.406918778084219 ], [ 1446.973706696977388, -1233.408424974419177 ], [ 1426.410858682296748, -1213.440248744562268 ], [ 1424.984769877564759, -1234.360741306096315 ], [ 1467.656060725295902, -1260.490981486625969 ], [ 1500.96702717068365, -1280.575304359197617 ], [ 1504.780243471168433, -1282.389802888035774 ], [ 1505.63230000006115, -1282.631711111404002 ], [ 1505.632299999975658, -1323.382979610003531 ], [ 1501.250065569180151, -1320.619274417869747 ], [ 1494.43919498825926, -1316.607990212738514 ], [ 1483.733817739794176, -1309.749813932925463 ], [ 1451.197676904592299, -1289.437677443958819 ], [ 1448.27941994543653, -1289.311109401285648 ], [ 1446.886140351507493, -1290.057301227003336 ], [ 1446.043883079706575, -1290.878180138766766 ], [ 1443.275849475350697, -1295.445411207154393 ], [ 1446.263657328634508, -1297.43931523989886 ], [ 1449.120059873663195, -1293.178236490115523 ], [ 1471.775734801281942, -1307.7197952773422 ], [ 1469.519051971221415, -1312.107772693037987 ], [ 1472.513606806227472, -1313.950879396870732 ], [ 1475.212464939544589, -1309.833851034753025 ], [ 1493.558363218669911, -1321.466795573011041 ], [ 1490.953622436836667, -1325.739134117029607 ], [ 1493.572706423397904, -1326.961044401861727 ], [ 1496.463930233085193, -1327.691800483502448 ], [ 1499.532984377576213, -1327.82511568069458 ], [ 1504.050382758374326, -1327.345788948237896 ], [ 1505.632300000066607, -1327.644819328561425 ], [ 1505.632299999977477, -1353.339603462256491 ], [ 1504.448030817717154, -1353.495098360814154 ], [ 1503.974827845577238, -1353.693706572987139 ], [ 1502.754245540774718, -1354.614831091836095 ], [ 1501.56633431663613, -1355.892554535530508 ], [ 1500.833918276999611, -1356.830421539954841 ], [ 1498.568551328075046, -1355.128011683933437 ], [ 1498.987613006716856, -1354.641976032406092 ], [ 1498.743966903202818, -1354.517361666075885 ], [ 1488.610332177038799, -1369.232914848253131 ], [ 1487.974730148098388, -1371.630068849772215 ], [ 1488.304016974394472, -1374.267523993737996 ], [ 1490.654222908542579, -1375.907686360180378 ], [ 1486.047180316638332, -1382.528036807663739 ], [ 1484.898084895956345, -1381.641074604354799 ], [ 1483.516489912917677, -1381.455176866613328 ], [ 1481.822433476432707, -1381.677576009184122 ], [ 1479.939959155271936, -1382.353848360478878 ], [ 1477.890997282815079, -1384.961944841779768 ], [ 1470.777446921934825, -1395.604862092994153 ], [ 1467.975633545189339, -1400.032490713521838 ], [ 1467.576219684915486, -1401.489588242955506 ], [ 1467.836809147307576, -1403.269408581778407 ], [ 1468.427317600544484, -1405.190073150210083 ], [ 1470.799288525706288, -1407.819858328439295 ], [ 1481.519629539907328, -1415.103982361033559 ], [ 1498.444952763895344, -1426.952548298984766 ], [ 1505.632299999977477, -1432.137531204149127 ], [ 1505.632299999911993, -1467.189464194700122 ], [ 1483.940449139403427, -1478.122596795670688 ], [ 1482.723602501948335, -1478.602973994798958 ], [ 1477.768434004559822, -1481.051641099154949 ], [ 1470.202112133087212, -1483.855166525579989 ], [ 1463.949844564929663, -1486.014331324025989 ], [ 1449.070040814862296, -1491.888463874347508 ], [ 1442.717121624395077, -1494.857353222556412 ], [ 1437.610656858692892, -1498.192215875722468 ], [ 1422.924730544933482, -1506.182898811064661 ], [ 1422.128607204465879, -1506.833728816360235 ], [ 1421.261818294346085, -1507.945701868273318 ], [ 1420.926128713048456, -1509.074433076195419 ], [ 1421.098858721286888, -1510.626175063662231 ], [ 1421.089724386974922, -1511.68466149456799 ], [ 1434.370445182254116, -1528.811528345569968 ], [ 1505.632299999955649, -1624.889812033623457 ], [ 1505.632299999993847, -1630.910246949642897 ], [ 1504.171507878892953, -1628.888249655254185 ], [ 1456.20986363690281, -1564.481454000808299 ], [ 1421.56282665730032, -1517.611506170593202 ], [ 1418.836848274906515, -1514.797771798446774 ], [ 1416.584399208933974, -1513.835425809025764 ], [ 1414.935838725028589, -1513.309368032962084 ], [ 1410.620587385030376, -1512.468867521733046 ], [ 1409.667970029418939, -1512.508208767510951 ], [ 1409.414544394958284, -1512.630955361761153 ], [ 1404.760569485742963, -1512.673889408819377 ], [ 1399.657850898203833, -1512.145383552648127 ], [ 1394.22948472362441, -1509.94922221172601 ], [ 1388.349496978684328, -1505.367301231250167 ], [ 1375.026488579907891, -1486.363110927864909 ], [ 1342.20560552023926, -1441.395062153227627 ], [ 1331.571219729827135, -1425.592282089404762 ], [ 1324.977965616913934, -1415.393011041916907 ], [ 1311.047876265165542, -1394.368024605326355 ], [ 1301.784621521614099, -1379.293376724235713 ], [ 1300.056423910707963, -1376.948862115852535 ], [ 1297.345519868802512, -1373.922000618651509 ], [ 1294.706767105579274, -1371.944638534449041 ], [ 1286.430379533532687, -1368.365224787965417 ], [ 1277.463736187075483, -1365.072135564871132 ], [ 1272.110793583671693, -1363.448604471050203 ], [ 1247.12307720958961, -1384.469034112989902 ], [ 1231.72261718028858, -1394.496571966446936 ], [ 1204.878653671259599, -1412.231276864185929 ], [ 1190.257922440516268, -1422.442982667125762 ], [ 1182.81265671120309, -1427.307742612436414 ], [ 1173.154643224654137, -1432.499488358385861 ], [ 1165.150690119320643, -1440.169731779955328 ], [ 1162.405086635393673, -1444.562580846250057 ], [ 1156.850371547519899, -1455.023458406329155 ], [ 1154.426304355145476, -1459.921075106598437 ], [ 1151.83594586473555, -1463.670714350417256 ], [ 1149.278338468173388, -1465.754643196240067 ], [ 1152.645836453712036, -1470.857590183615685 ], [ 1159.088156110499767, -1472.35958675481379 ], [ 1159.431655187448996, -1472.512238619849086 ], [ 1162.943753930423554, -1474.960245204158127 ], [ 1166.944249099717126, -1478.472173389978707 ], [ 1170.487809409940382, -1483.072409976273775 ], [ 1185.099975715182154, -1506.681073432788253 ], [ 1192.919205494494236, -1519.872699715197086 ], [ 1195.589436955566271, -1528.621932323090732 ], [ 1198.953360797610003, -1543.860013670288026 ], [ 1201.628971959326009, -1548.991655678488314 ], [ 1208.593268713191719, -1559.230393903329968 ], [ 1212.528503317698778, -1567.423729010857642 ], [ 1215.865781774013158, -1575.380499541759491 ], [ 1216.999229123468467, -1578.929475010372698 ], [ 1217.461385793109002, -1582.069282839074731 ], [ 1217.525991860009526, -1586.298372295685112 ], [ 1216.901799812312674, -1590.328230467624962 ], [ 1215.844836983729692, -1593.007960374467075 ], [ 1213.771444980535307, -1596.045081975869834 ], [ 1211.416203111237337, -1600.193712124601007 ], [ 1210.470327858518431, -1603.4338194495067 ], [ 1210.693250727432314, -1605.677957544103265 ], [ 1217.22857211498922, -1626.135279467329383 ], [ 1218.975209443184212, -1630.477233720012009 ], [ 1221.419869824258058, -1633.808606501668692 ], [ 1223.144809339515632, -1637.40814445540309 ], [ 1224.557314906660395, -1642.270351147279143 ], [ 1224.959295268459755, -1645.675999999977648 ], [ 1222.957195468405189, -1645.675999999977648 ], [ 1222.61331160134614, -1642.744484651833773 ], [ 1221.303142035892961, -1638.190524156205356 ], [ 1219.751421256220056, -1634.914354217238724 ], [ 1217.167343451024863, -1631.340211952105165 ], [ 1215.360041868860208, -1626.847452855668962 ], [ 1208.714152976512196, -1605.980525654740632 ], [ 1208.461645872626832, -1603.438566617667675 ], [ 1208.49680346997593, -1603.059617170132697 ], [ 1209.529682400690945, -1599.521477659232914 ], [ 1212.053191560946289, -1595.022062308155 ], [ 1214.127748461167357, -1591.977179692126811 ], [ 1214.996511281189669, -1589.712788774631917 ], [ 1215.525756407676454, -1586.242531523108482 ], [ 1215.473051126498831, -1582.288177630864084 ], [ 1215.068785716577622, -1579.456335769966245 ], [ 1214.004762489727, -1576.112510460428894 ], [ 1210.715295774056358, -1568.26644941046834 ], [ 1206.823670902034792, -1560.163911767303944 ], [ 1199.943717391433893, -1550.068983587436378 ], [ 1197.12048902265451, -1544.669156788848341 ], [ 1195.189308128490666, -1536.270510408096015 ], [ 1193.643388103699181, -1529.082164557650685 ], [ 1191.137425851453372, -1520.78771241940558 ], [ 1183.395283301926611, -1507.725762804038823 ], [ 1168.814123169109735, -1484.16727901995182 ], [ 1165.42175198428049, -1479.77178233768791 ], [ 1161.671506938169841, -1476.50350325461477 ], [ 1158.447839875005229, -1474.263232943601906 ], [ 1153.907598079194941, -1473.204696895554662 ], [ 1157.021884785342991, -1479.262264047749341 ], [ 1157.120752090169844, -1479.87212404794991 ], [ 1156.939502911114687, -1480.309766835533082 ], [ 1155.474402639276377, -1482.311423521488905 ], [ 1154.358174684841288, -1484.368516318500042 ], [ 1153.658888402092998, -1486.773461147211492 ], [ 1152.621825804204491, -1492.811121271923184 ], [ 1151.704984651716586, -1500.819789093919098 ], [ 1150.029418537342281, -1511.929958393797278 ], [ 1135.403424660433302, -1593.354006428271532 ], [ 1134.030954478121203, -1604.949001022614539 ], [ 1133.76580798541363, -1619.847581846639514 ], [ 1131.427119278647297, -1632.88853142503649 ], [ 1130.336870385572183, -1643.462690082378685 ], [ 1131.206234690043857, -1645.675999999977648 ], [ 1129.058220550810802, -1645.675999999977648 ], [ 1128.808578035708706, -1645.040436464361846 ], [ 1127.689120807937798, -1645.675999999977648 ], [ 1123.639637243844845, -1645.675999999977648 ], [ 1128.376008001054288, -1642.986960642971098 ], [ 1129.452605870288608, -1632.572387112304568 ], [ 1131.783696269216307, -1619.573806961067021 ], [ 1132.032781969539428, -1604.864687634631991 ], [ 1133.430316174260952, -1593.029975407756865 ], [ 1148.058815001653784, -1511.604613724164665 ], [ 1149.725319074743311, -1500.539617391303182 ], [ 1150.646611827580273, -1492.5003562560305 ], [ 1151.69799081290148, -1486.379347696900368 ], [ 1152.5496421632688, -1483.509437705390155 ], [ 1153.74928187756268, -1481.298625644296408 ], [ 1154.961445754161105, -1479.627209719270468 ], [ 1151.166658014572022, -1472.246007011272013 ], [ 1147.153472791671447, -1466.16461618989706 ], [ 1139.747226223347752, -1458.351358046755195 ], [ 1138.282182583867325, -1455.910440437495708 ], [ 1138.147595063035624, -1455.322057141922414 ], [ 1138.354649252707532, -1452.796656975522637 ], [ 1139.095775535499342, -1449.837092812173069 ], [ 1139.275105509352215, -1449.470895409584045 ], [ 1141.337236983559706, -1446.868217319250107 ], [ 1144.669352909895679, -1444.275503863580525 ], [ 1153.442873336161938, -1439.061960157938302 ], [ 1172.121971155502251, -1430.784696108661592 ], [ 1181.755069272916444, -1425.61050767544657 ], [ 1189.125798845107056, -1420.795016698539257 ], [ 1203.763331314803509, -1410.571923278272152 ], [ 1230.625473614374641, -1392.825183852575719 ], [ 1245.980802405951181, -1382.827017159201205 ], [ 1269.832585768801437, -1362.752773229964077 ], [ 1267.617262604877396, -1362.071407255716622 ], [ 1267.583021270213067, -1362.594803526066244 ], [ 1263.87527469361703, -1361.148068550974131 ], [ 1263.053694296770118, -1361.171348402276635 ], [ 1261.761717098102963, -1361.643890334293246 ], [ 1256.513357405761781, -1364.661201001144946 ], [ 1253.786485640472165, -1366.340376638807356 ], [ 1251.529273464104335, -1367.810414903797209 ], [ 1243.413537747655937, -1374.081652942113578 ], [ 1236.550123338618505, -1379.648423632606864 ], [ 1226.241295482188434, -1388.193094618618488 ], [ 1222.807499410180753, -1390.911343837156892 ], [ 1214.965713371329912, -1396.874628988094628 ], [ 1203.978379185260565, -1404.928639871068299 ], [ 1200.114266672828307, -1407.647648883983493 ], [ 1192.259343942288979, -1413.009952185675502 ], [ 1182.986952935259978, -1419.189412772655487 ], [ 1179.519890528208634, -1421.085634922608733 ], [ 1176.727558592074274, -1421.991375965997577 ], [ 1173.784064963263518, -1422.249933172948658 ], [ 1170.768565070551631, -1422.105005832388997 ], [ 1169.14209323855539, -1422.002213830128312 ], [ 1167.096319017651695, -1421.430365555919707 ], [ 1011.335084409754927, -1548.406687850132585 ], [ 1011.951648216236208, -1548.866315334104002 ], [ 1012.299449585176262, -1549.342537991702557 ], [ 1014.232858904171735, -1555.007827434688807 ], [ 1017.213410833444868, -1573.733636443503201 ], [ 1019.029065695622194, -1579.645150383934379 ], [ 1025.942769843382848, -1593.561655009165406 ], [ 1028.85306886365106, -1603.438267019577324 ], [ 1029.614295447567201, -1608.85485022701323 ], [ 1034.492808607476036, -1620.068831701762974 ], [ 1042.312122668063239, -1630.349928195588291 ], [ 1060.286252586503906, -1645.675999999977648 ], [ 1057.204833591698844, -1645.675999999977648 ], [ 1040.933001723413327, -1631.801433392800391 ], [ 1032.82852264876783, -1621.183247219771147 ], [ 1027.726233218329071, -1609.52663426566869 ], [ 1026.914197799042086, -1603.931823683902621 ], [ 1024.049842150776385, -1594.21112865768373 ], [ 1017.202775240208211, -1580.46287576854229 ], [ 1015.281610833120794, -1574.253566721454263 ], [ 1012.272068864365792, -1555.407977645285428 ], [ 1010.509313419554019, -1550.284817608073354 ], [ 1009.736877458972231, -1549.70885693654418 ], [ 1005.632299999955649, -1553.054631577804685 ], [ 1005.632300000035684, -1518.757275838404894 ] ], [ [ 1264.880854493812876, -1316.40969340596348 ], [ 1266.014582740475817, -1315.12350138835609 ], [ 1264.880856778716407, -1316.409669425338507 ], [ 1264.880854493812876, -1316.40969340596348 ] ], [ [ 1266.014582740475817, -1315.12350138835609 ], [ 1268.823550077784603, -1317.393775932490826 ], [ 1278.798018500887338, -1304.930959836579859 ], [ 1282.826098860567072, -1299.099582407623529 ], [ 1286.261829624269012, -1293.609599656425416 ], [ 1289.627786243854644, -1288.493742763064802 ], [ 1293.308386993314343, -1282.27222853153944 ], [ 1296.55261901931226, -1276.477483112365007 ], [ 1301.152777742134276, -1266.812824126332998 ], [ 1303.236417623564193, -1262.221975503489375 ], [ 1306.781046471427544, -1252.350477680563927 ], [ 1303.766276369347906, -1251.22954083699733 ], [ 1304.140416543030369, -1251.370562450028956 ], [ 1302.463629171503271, -1255.825313410721719 ], [ 1297.585774414579646, -1266.888073918409646 ], [ 1294.692748409186606, -1272.578254239633679 ], [ 1288.996302514240597, -1282.702896811068058 ], [ 1281.752874006991988, -1294.300636220723391 ], [ 1275.194463386362258, -1303.823642499744892 ], [ 1271.8855732116117, -1308.133721892721951 ], [ 1271.685800648496297, -1307.980301571078598 ], [ 1270.055909772439918, -1309.860111712478101 ], [ 1266.014582740475817, -1315.12350138835609 ] ], [ [ 1303.766276369347906, -1251.22954083699733 ], [ 1304.087455349923403, -1250.313300066627562 ], [ 1303.965756082736334, -1250.66038643848151 ], [ 1303.766276369347906, -1251.22954083699733 ] ], [ [ 1261.347635140142302, -1164.798303099349141 ], [ 1263.14689049028857, -1166.527689420618117 ], [ 1261.170530375486123, -1164.628072370775044 ], [ 1261.347635140142302, -1164.798303099349141 ] ], [ [ 1261.170530375486123, -1164.628072370775044 ], [ 1261.447603195691045, -1164.33977182302624 ], [ 1274.024143697057298, -1176.408235730603337 ], [ 1277.531275353196179, -1180.032931480556726 ], [ 1279.495182183814904, -1182.338358215987682 ], [ 1281.359802970699093, -1184.727000204846263 ], [ 1283.08041461331959, -1187.252392896451056 ], [ 1284.679158032917258, -1189.797649500891566 ], [ 1286.144215555934352, -1192.430085835047066 ], [ 1288.033063269895138, -1196.462290504015982 ], [ 1287.667299556456783, -1196.623842135071754 ], [ 1289.601089747353399, -1196.239814807660878 ], [ 1289.137917797215778, -1189.474810445681214 ], [ 1288.618188659556836, -1187.381196663714945 ], [ 1287.560765973943489, -1185.317560550756752 ], [ 1285.606175193614035, -1182.305186059325933 ], [ 1282.80352714961009, -1179.16981140896678 ], [ 1278.947625446055099, -1175.174777782522142 ], [ 1272.196567038236026, -1169.642282610759139 ], [ 1263.14655414106528, -1162.496656158939004 ], [ 1261.170530375486123, -1164.628072370775044 ] ], [ [ 1294.223725887293767, -1215.481390154920518 ], [ 1292.458620626603079, -1215.641167243011296 ], [ 1292.336396594411781, -1214.604421331547201 ], [ 1292.459698600763659, -1215.650621650740504 ], [ 1292.857888542588626, -1215.614202083088458 ], [ 1293.231875535015206, -1219.551710184663534 ], [ 1293.42472564808304, -1223.579078083857894 ], [ 1293.508268217161458, -1228.649443446658552 ], [ 1293.450874543805185, -1232.636095366440713 ], [ 1293.131057530054022, -1238.663553745485842 ], [ 1292.905372092009202, -1240.815876121632755 ], [ 1292.505256098096652, -1240.799174685962498 ], [ 1295.183741875143824, -1240.911233458667994 ], [ 1295.949508667586997, -1236.505265813320875 ], [ 1296.496479959405406, -1232.219908324070275 ], [ 1296.523854228980781, -1228.007365791127086 ], [ 1296.085742156601555, -1223.552850941196084 ], [ 1295.122537042288968, -1218.846692211925983 ], [ 1294.223725887293767, -1215.481390154920518 ] ], [ [ 1292.505256098096652, -1240.799174685962498 ], [ 1292.535630005500934, -1240.482624913565814 ], [ 1292.617900972811185, -1239.623439256101847 ], [ 1292.505256098096652, -1240.799174685962498 ] ], [ [ 1320.82974282181749, -1246.929679490625858 ], [ 1320.501548601190734, -1247.555415799841285 ], [ 1320.626588815155628, -1247.317050214856863 ], [ 1320.82974282181749, -1246.929679490625858 ] ], [ [ 1320.501548601190734, -1247.555415799841285 ], [ 1326.147245357184147, -1249.71617155149579 ], [ 1329.912143645778997, -1245.823964299634099 ], [ 1333.554539168952033, -1242.625727254897356 ], [ 1337.61778753283761, -1239.906622564420104 ], [ 1341.673236575286865, -1237.518386445939541 ], [ 1345.609968279140958, -1235.681203985586762 ], [ 1349.963071098911314, -1234.020754912868142 ], [ 1352.272527681727297, -1233.346768109127879 ], [ 1355.182901655825845, -1232.542472206056118 ], [ 1358.139733793068444, -1231.909766296856105 ], [ 1361.150934936944395, -1231.466415754519403 ], [ 1364.168432554339233, -1231.170843811705709 ], [ 1366.622218396312746, -1231.097612489946187 ], [ 1369.268520248378991, -1231.125255443155766 ], [ 1374.193171460645317, -1231.455869816243649 ], [ 1376.221863274578936, -1231.687131132930517 ], [ 1377.77149534623095, -1231.955521630123258 ], [ 1377.89855126366092, -1231.46816504560411 ], [ 1372.503273799082308, -1229.717775035649538 ], [ 1369.013701562547794, -1228.874190864153206 ], [ 1364.512265458015463, -1228.437630262225866 ], [ 1358.560635095200269, -1228.565597496926785 ], [ 1354.191284628997892, -1229.108802196569741 ], [ 1342.064728761741208, -1231.716273482888937 ], [ 1340.169169263093863, -1232.184024053625762 ], [ 1337.365249777711142, -1233.098252116702497 ], [ 1334.613123130053282, -1234.275068454444408 ], [ 1331.990167449443106, -1235.763064811937511 ], [ 1329.590469928978564, -1237.43866697512567 ], [ 1328.815670517493345, -1238.062432826496661 ], [ 1326.615723626237013, -1240.093199739232659 ], [ 1324.58275436861004, -1242.236506665125489 ], [ 1323.315402242202254, -1243.827083815820515 ], [ 1322.222238406104225, -1245.424954280257225 ], [ 1320.877660847512743, -1247.699327500537038 ], [ 1320.501548601190734, -1247.555415799841285 ] ], [ [ 1280.155736547858396, -1253.985358291305602 ], [ 1263.360252379212397, -1255.127224487252533 ], [ 1263.099183300668301, -1255.263834780082107 ], [ 1262.321302635244137, -1256.099602137692273 ], [ 1261.967349020025722, -1257.52471165638417 ], [ 1261.645947043583874, -1260.68241448700428 ], [ 1260.568156941235429, -1265.537411451339722 ], [ 1259.468092184053603, -1268.430123763158917 ], [ 1258.003595495960326, -1271.416602747514844 ], [ 1255.829024078928342, -1274.841620036400855 ], [ 1248.521240263127766, -1283.630637792870402 ], [ 1244.025225246394257, -1288.843029807321727 ], [ 1239.811068614591932, -1294.018000033684075 ], [ 1236.689582043170958, -1298.031063952483237 ], [ 1231.028064697833543, -1306.033174728043377 ], [ 1223.832660233350907, -1316.830436172895133 ], [ 1224.255055351437477, -1318.406757924705744 ], [ 1225.163233542576563, -1319.563424975611269 ], [ 1226.010728200259109, -1319.757146319374442 ], [ 1235.25323829619083, -1313.807200594805181 ], [ 1254.31061595740357, -1302.142555771395564 ], [ 1255.941852898607976, -1301.394102008081973 ], [ 1260.658734193822966, -1295.270987652242184 ], [ 1269.95498555137965, -1280.506956956349313 ], [ 1273.705827320898607, -1273.610139818862081 ], [ 1277.195945556310107, -1265.83108551427722 ], [ 1280.253513163110256, -1258.102723765186965 ], [ 1280.94745732404408, -1256.682819745503366 ], [ 1281.16296177156255, -1255.891936246305704 ], [ 1281.119865229024072, -1255.289613707922399 ], [ 1280.894776132103289, -1254.729181204922497 ], [ 1280.602618352189893, -1254.325853030197322 ], [ 1280.155736547858396, -1253.985358291305602 ] ], [ [ 1267.682056420499066, -1351.349025243893266 ], [ 1277.444471697752306, -1343.119540900923312 ], [ 1300.855120939879271, -1326.362288733012974 ], [ 1306.365715106521748, -1313.126211245544255 ], [ 1310.942999877703187, -1291.941394592635334 ], [ 1311.125572647029912, -1290.571461180225015 ], [ 1310.652767808993303, -1290.726395449601114 ], [ 1309.942190153473348, -1291.102370142005384 ], [ 1310.028334695594822, -1290.515717395581305 ], [ 1309.938931042643162, -1290.533258194103837 ], [ 1307.787904889071797, -1292.47035098168999 ], [ 1301.311042111350616, -1299.752531820908189 ], [ 1300.611509998710972, -1300.783022710122168 ], [ 1296.190504200125361, -1306.600072863511741 ], [ 1288.408257559818594, -1315.929230059497058 ], [ 1275.384938797315044, -1329.588978610001504 ], [ 1269.980136386835511, -1334.939826522022486 ], [ 1258.423906563810306, -1346.002375412732363 ], [ 1258.063578882296497, -1346.697720635682344 ], [ 1257.958785532604452, -1347.186029929667711 ], [ 1258.96143326841775, -1348.100695287808776 ], [ 1259.641258043575363, -1348.592489224858582 ], [ 1267.682056420499066, -1351.349025243893266 ] ], [ [ 1313.233665087642294, -1289.887067144736648 ], [ 1312.905700232146046, -1292.324378399178386 ], [ 1308.300699821744274, -1313.637469802983105 ], [ 1302.771976550995532, -1326.959913895465434 ], [ 1304.806274508460774, -1330.827999981120229 ], [ 1307.957858237401524, -1324.612056554295123 ], [ 1311.872395008316744, -1318.305947033688426 ], [ 1328.94537073504398, -1294.872946829535067 ], [ 1328.934552886252277, -1293.638652601279318 ], [ 1325.614113490539239, -1291.967087413184345 ], [ 1322.233551329880356, -1290.453937975689769 ], [ 1317.870879559872265, -1289.443205198273063 ], [ 1313.998189295274642, -1289.737237892113626 ], [ 1313.233665087642294, -1289.887067144736648 ] ], [ [ 1307.145093605782677, -1335.275113333016634 ], [ 1322.785367936103285, -1361.780896999873221 ], [ 1323.171038753718676, -1361.567048759199679 ], [ 1329.534411517148328, -1372.006706717424095 ], [ 1322.891527983807464, -1375.83042005635798 ], [ 1322.268039441218207, -1376.260557946749032 ], [ 1336.515815731054317, -1398.027530949562788 ], [ 1356.744730872846048, -1428.580785247497261 ], [ 1364.881622724582485, -1424.032345380634069 ], [ 1373.147374054749889, -1435.684264875017107 ], [ 1373.252252815640531, -1435.723627240397036 ], [ 1401.227388377355965, -1419.221593072637916 ], [ 1399.229031905075317, -1420.415520988404751 ], [ 1399.183396269001605, -1420.525876755826175 ], [ 1401.910971810837509, -1424.808723323978484 ], [ 1397.495721641787895, -1427.726740743033588 ], [ 1397.487445435117479, -1427.841016663238406 ], [ 1398.767377864181981, -1429.986209522932768 ], [ 1378.025134011930277, -1442.38043166231364 ], [ 1376.469561799001895, -1439.617946255020797 ], [ 1368.127095014135193, -1444.606372599489987 ], [ 1369.693870779290592, -1446.143424888141453 ], [ 1373.93050099912216, -1451.88922390062362 ], [ 1381.05883937622275, -1447.656087286770344 ], [ 1383.106826785277008, -1451.082622284069657 ], [ 1376.464465763157932, -1455.200134394690394 ], [ 1379.079124440688247, -1458.532263916917145 ], [ 1396.961455350341566, -1484.059599168598652 ], [ 1401.526554892287095, -1490.794521507807076 ], [ 1405.303857721579334, -1491.958888835273683 ], [ 1409.985136551073083, -1491.778829053044319 ], [ 1426.252744497598542, -1483.801982782781124 ], [ 1462.904897847292887, -1466.759714985266328 ], [ 1470.147645597318842, -1463.270336013287306 ], [ 1464.842710951283152, -1454.273553500883281 ], [ 1471.111067546666163, -1450.527225279249251 ], [ 1476.819558120314468, -1460.056852656416595 ], [ 1495.123849481427897, -1451.238851864822209 ], [ 1499.117021361458683, -1449.200358957983553 ], [ 1497.275183595143972, -1443.948713061399758 ], [ 1495.285281707461763, -1439.391065964475274 ], [ 1492.018720744790699, -1435.624476538971066 ], [ 1478.028310808374954, -1425.295953872613609 ], [ 1458.396808620422235, -1412.082825328223407 ], [ 1455.872713219439902, -1409.207134243100882 ], [ 1455.369072482450065, -1409.364937044680119 ], [ 1449.78856565328897, -1412.88532614801079 ], [ 1443.894512101418513, -1403.061098517850041 ], [ 1408.437318004784174, -1424.244585368782282 ], [ 1404.307210998000301, -1417.404299770481884 ], [ 1449.229863925398604, -1390.893741759471595 ], [ 1481.879209967195493, -1338.720811557024717 ], [ 1481.835258704479202, -1338.611816424876451 ], [ 1438.15863419116431, -1311.280944318510592 ], [ 1438.043959132513919, -1311.286992284469306 ], [ 1433.720850998652168, -1314.673630559816957 ], [ 1428.30253344956509, -1317.651817976497114 ], [ 1426.894180350696843, -1312.989671412855387 ], [ 1423.651756428600493, -1307.150642770342529 ], [ 1348.232299636474636, -1304.404058022424579 ], [ 1304.638545836647609, -1330.970838584937155 ], [ 1304.60521611308468, -1331.108226799406111 ], [ 1307.145093605782677, -1335.275113333016634 ] ], [ [ 1321.07143864632053, -1362.810361166484654 ], [ 1314.218272319067182, -1351.24086928833276 ], [ 1307.45525715239819, -1353.709212152287364 ], [ 1315.640285733406927, -1366.135285752825439 ], [ 1321.07143864632053, -1362.810361166484654 ] ], [ [ 1355.028669638952124, -1429.610500219278038 ], [ 1334.847321575854949, -1399.129070737399161 ], [ 1320.621635818171853, -1377.395871195010841 ], [ 1319.479078862324968, -1378.183383567258716 ], [ 1317.965107165577137, -1379.70368732791394 ], [ 1317.311635237501832, -1381.412781783379614 ], [ 1323.264849604882329, -1391.506497879512608 ], [ 1332.470870748207744, -1406.334864470176399 ], [ 1338.673759330109533, -1416.000561604276299 ], [ 1347.737170880243866, -1428.290792412124574 ], [ 1352.22861628497958, -1434.854928952641785 ], [ 1356.894319320334034, -1439.626680288463831 ], [ 1358.791541240956576, -1440.029775786213577 ], [ 1360.030424210468482, -1439.961125128902495 ], [ 1359.960774893877897, -1438.722197476774454 ], [ 1355.028669638952124, -1429.610500219278038 ] ], [ [ 1313.917523211699518, -1367.153931728564203 ], [ 1305.494191240841246, -1354.367396716028452 ], [ 1292.759562643992467, -1358.024181170389056 ], [ 1292.186021493520457, -1359.811361531727016 ], [ 1293.546147677585395, -1360.334212383255363 ], [ 1297.158181708629854, -1362.063853587955236 ], [ 1299.739996229362077, -1363.537262171506882 ], [ 1302.272032034981748, -1365.161544054746628 ], [ 1303.441549466248034, -1366.422630837187171 ], [ 1304.013729925967709, -1366.826421584933996 ], [ 1308.1657611238752, -1370.55451999977231 ], [ 1313.917523211699518, -1367.153931728564203 ] ], [ [ 1458.013400696318058, -1408.628850074484944 ], [ 1459.624649324045095, -1410.499245666898787 ], [ 1479.162710632888775, -1423.649483177810907 ], [ 1493.295186562625531, -1434.081710116937757 ], [ 1497.056549553466539, -1438.451321314089 ], [ 1499.149526433269784, -1443.251951861195266 ], [ 1500.914095430427551, -1448.28328076377511 ], [ 1502.20109621031952, -1447.626526419073343 ], [ 1502.146144465797988, -1446.392803375609219 ], [ 1498.938158379005472, -1438.227002887055278 ], [ 1493.093298226138359, -1432.166681244038045 ], [ 1462.65097207499457, -1410.592340517789125 ], [ 1460.598853196599521, -1409.267713877372444 ], [ 1458.013400696318058, -1408.628850074484944 ] ], [ [ 1431.431196727671704, -1488.105352350510657 ], [ 1429.568731658337128, -1484.464478885754943 ], [ 1410.675276787551411, -1493.667160998098552 ], [ 1410.273569921624585, -1493.768526840023696 ], [ 1405.210538520927003, -1493.963270278647542 ], [ 1404.877641586544996, -1493.91965226829052 ], [ 1400.601768937347515, -1492.601598985493183 ], [ 1400.301607261737445, -1492.449866682291031 ], [ 1400.068756886010306, -1492.207172582857311 ], [ 1395.319535317723421, -1485.200394017621875 ], [ 1377.457285016504102, -1459.70172427687794 ], [ 1374.754528957135335, -1456.259844942949712 ], [ 1373.419460395196438, -1457.087035459466279 ], [ 1370.73827659255403, -1461.739207684062421 ], [ 1388.180200719551067, -1486.785998404957354 ], [ 1393.066606393564143, -1493.62560254894197 ], [ 1394.242844403379422, -1494.957070007920265 ], [ 1395.684980057671055, -1496.33946003112942 ], [ 1397.102204294482362, -1497.210939948447049 ], [ 1398.167318054207499, -1497.675081513822079 ], [ 1399.241551138851719, -1498.078627462498844 ], [ 1401.213267881292268, -1498.4270179560408 ], [ 1403.190196832205402, -1498.636550343595445 ], [ 1405.202862953357908, -1498.673567414283752 ], [ 1407.182580043881899, -1498.462948651984334 ], [ 1411.08838376939093, -1497.562998892739415 ], [ 1412.967756915853897, -1496.866574523970485 ], [ 1431.431196727671704, -1488.105352350510657 ] ], [ [ 1471.166752629338589, -1464.998613403178751 ], [ 1463.754053825348819, -1468.569752630777657 ], [ 1431.382864174878705, -1483.620788739062846 ], [ 1433.244607537677439, -1487.260251396335661 ], [ 1448.401640158532246, -1480.092989545315504 ], [ 1471.137965169113158, -1468.910107968375087 ], [ 1471.79839939113117, -1466.06977351475507 ], [ 1471.166752629338589, -1464.998613403178751 ] ], [ [ 1502.298521421489568, -1449.821449820883572 ], [ 1496.001957784261322, -1453.035046110861003 ], [ 1477.851272782570959, -1461.779052899219096 ], [ 1478.507667517400478, -1462.874669350683689 ], [ 1481.299930145971302, -1463.916204334236681 ], [ 1499.948709219665034, -1454.757039808668196 ], [ 1502.343997318717811, -1450.849575859494507 ], [ 1502.298521421489568, -1449.821449820883572 ] ], [ [ 1372.203020964194366, -1452.91529715526849 ], [ 1368.134010203446451, -1447.396818349137902 ], [ 1367.000101456796983, -1446.298229031264782 ], [ 1366.108118015923537, -1447.705963016487658 ], [ 1365.049557014152015, -1451.258964034728706 ], [ 1365.196422485021685, -1452.695473975501955 ], [ 1366.441999195480093, -1454.445316510275006 ], [ 1369.238497835665839, -1454.676508680917323 ], [ 1372.203020964194366, -1452.91529715526849 ] ], [ [ 1150.275614332511395, -1462.411830223165452 ], [ 1152.73953265572527, -1458.845217764377594 ], [ 1155.077409824172719, -1454.099285669624805 ], [ 1160.655803982916041, -1443.593814639374614 ], [ 1163.521345292971091, -1439.004388420842588 ], [ 1167.755663432790243, -1434.90422642044723 ], [ 1154.411836395236605, -1440.811785793863237 ], [ 1145.847418336414194, -1445.892100589349866 ], [ 1142.663662814054987, -1448.369375075213611 ], [ 1140.981416876926232, -1450.533498962409794 ], [ 1140.340391358333363, -1453.044012514874339 ], [ 1140.166090336042544, -1455.169928551651537 ], [ 1141.276674059348807, -1457.058669819496572 ], [ 1148.035302103069625, -1464.188719467259943 ], [ 1150.275614332511395, -1462.411830223165452 ] ], [ [ 1292.554979505943265, -1334.762058108113706 ], [ 1278.640432686701388, -1344.722196863032877 ], [ 1269.886143252868351, -1352.105483290739357 ], [ 1290.306926609713628, -1359.123804257251322 ], [ 1296.304471596111398, -1340.444035646505654 ], [ 1292.554979505943265, -1334.762058108113706 ] ], [ [ 1298.501084340603484, -1340.142724985256791 ], [ 1306.323313970762683, -1351.99403053894639 ], [ 1313.181721480310443, -1349.490871693007648 ], [ 1305.88421908384953, -1337.170145436190069 ], [ 1301.892233096359632, -1329.582387396134436 ], [ 1298.501084340603484, -1340.142724985256791 ] ], [ [ 1293.495210581188076, -1355.73282796703279 ], [ 1304.340069935607971, -1352.618696076795459 ], [ 1297.717086167387606, -1342.584344268776476 ], [ 1293.495210581188076, -1355.73282796703279 ] ], [ [ 1294.181900011100879, -1333.597520446404815 ], [ 1297.088560597167088, -1338.002271758392453 ], [ 1299.792658268193918, -1329.58147206902504 ], [ 1294.181900011100879, -1333.597520446404815 ] ], [ [ 1251.306331166088057, -1177.316104878671467 ], [ 1237.914217338338858, -1185.527120035141706 ], [ 1237.455264190884918, -1186.446917745284736 ], [ 1237.650577582140613, -1187.827157349325716 ], [ 1243.142782159249691, -1198.573489258997142 ], [ 1263.885623801308611, -1216.364252078346908 ], [ 1270.017521214596854, -1221.233726802282035 ], [ 1272.008792752991212, -1221.625920480117202 ], [ 1272.91017979062417, -1221.127296896651387 ], [ 1253.040562456111729, -1177.703143181279302 ], [ 1252.069764034247783, -1177.259444272145629 ], [ 1251.306331166088057, -1177.316104878671467 ] ], [ [ 1334.036590761172192, -1261.62872314080596 ], [ 1334.920934145600768, -1263.733714289031923 ], [ 1336.41190383720641, -1274.447361428290606 ], [ 1342.634872103797534, -1273.301883301697671 ], [ 1348.12858495659566, -1270.6157610360533 ], [ 1353.04747727027825, -1265.792533294297755 ], [ 1361.746390395021081, -1261.918946210294962 ], [ 1367.983891243547987, -1259.606326499953866 ], [ 1381.703685873722861, -1260.930652946233749 ], [ 1385.16051668896398, -1260.60500530526042 ], [ 1390.454922479362722, -1257.229518890380859 ], [ 1393.430022364977049, -1253.155870256945491 ], [ 1395.316245945694391, -1252.296744775027037 ], [ 1390.454430212066654, -1251.425778152421117 ], [ 1388.003399719947993, -1251.168211342766881 ], [ 1383.43818029515387, -1251.372628153301775 ], [ 1371.509398523821801, -1253.720190555788577 ], [ 1364.010885321653404, -1255.365988378413022 ], [ 1358.364105924418254, -1256.73630238045007 ], [ 1356.904663668616195, -1256.519003276713192 ], [ 1354.46695078024095, -1259.862801068462431 ], [ 1351.085102234299484, -1258.660197904333472 ], [ 1349.815466207428472, -1258.633410768583417 ], [ 1334.036590761172192, -1261.62872314080596 ] ], [ [ 1334.443729152597371, -1274.809569512493908 ], [ 1332.959842095080603, -1264.14681629370898 ], [ 1332.01019033436387, -1261.98731632065028 ], [ 1330.510962432661472, -1262.25262069888413 ], [ 1329.311098464584575, -1262.679251078516245 ], [ 1327.483599324192255, -1263.938364561647177 ], [ 1325.599934163776197, -1266.005497302860022 ], [ 1319.833348138703514, -1273.834750791080296 ], [ 1321.396189108809267, -1274.973330949433148 ], [ 1326.844571875602924, -1276.20775630697608 ], [ 1334.443729152597371, -1274.809569512493908 ] ], [ [ 1270.366035008517429, -1224.452371556311846 ], [ 1269.193653470751087, -1223.79718330129981 ], [ 1246.00533333596286, -1204.50830159150064 ], [ 1245.918849730906004, -1204.514818176627159 ], [ 1247.457312090631603, -1208.586281735450029 ], [ 1251.811366190799163, -1220.772969079203904 ], [ 1260.261473817656224, -1245.330428222194314 ], [ 1260.969851106929127, -1247.613601452670991 ], [ 1261.299609577874435, -1249.189380864612758 ], [ 1261.697330372449869, -1250.588082795031369 ], [ 1262.24035914898559, -1251.422911591827869 ], [ 1263.135889559947827, -1251.983321635052562 ], [ 1264.106978320098278, -1252.196882346644998 ], [ 1280.446005049318046, -1251.116742855869234 ], [ 1281.644081733704297, -1250.730058737099171 ], [ 1282.481435058314673, -1249.90695892740041 ], [ 1282.822296791877307, -1249.22174995392561 ], [ 1283.265682828228819, -1247.810648448765278 ], [ 1282.982215351870764, -1244.305671904236078 ], [ 1282.121045617135678, -1241.635412618517876 ], [ 1280.91749480092767, -1238.789729166775942 ], [ 1276.583583469897349, -1229.212356332689524 ], [ 1270.366035008517429, -1224.452371556311846 ] ], [ [ 1256.466920097072943, -1167.10334824770689 ], [ 1255.386804196010416, -1168.652106462046504 ], [ 1254.848623821706497, -1170.169039016589522 ], [ 1255.000411129556596, -1171.696829359978437 ], [ 1255.900946435978767, -1174.829152464866638 ], [ 1257.211534759815549, -1178.189960403367877 ], [ 1261.441087392899135, -1187.655293903313577 ], [ 1284.169634220552325, -1237.224114515818655 ], [ 1285.920078793502398, -1240.594595985487103 ], [ 1286.517061872835257, -1241.341779712587595 ], [ 1287.359018911836756, -1241.802274957299232 ], [ 1287.734806968241173, -1232.285188730806112 ], [ 1287.72307218575952, -1224.585607409477234 ], [ 1287.288371418379029, -1218.735328401438892 ], [ 1286.458271392197275, -1213.156548107974231 ], [ 1285.244586315691777, -1208.569267639890313 ], [ 1283.295479906802939, -1202.415075022727251 ], [ 1281.150082568676225, -1197.069636735133827 ], [ 1277.629604519037457, -1190.677026396617293 ], [ 1274.391930067413341, -1185.769036145880818 ], [ 1270.122722267362406, -1180.544714951887727 ], [ 1264.714604145781777, -1175.033280839212239 ], [ 1256.466920097072943, -1167.10334824770689 ] ], [ [ 1156.90814414304441, -1395.580747584812343 ], [ 1198.922969282793929, -1361.363990602083504 ], [ 1200.866502019671316, -1358.652111162431538 ], [ 1202.585763423869139, -1355.76408819667995 ], [ 1204.23987087871501, -1353.236388605087996 ], [ 1205.518688720030696, -1351.492423307150602 ], [ 1207.700900844421994, -1349.238516705110669 ], [ 1214.871620234707734, -1342.394647656008601 ], [ 1229.26314858380465, -1328.929295358248055 ], [ 1236.531790262486538, -1321.909689426422119 ], [ 1246.485972175269126, -1311.898197738453746 ], [ 1245.625942332348131, -1312.109882111661136 ], [ 1241.122375477310925, -1314.359991115517914 ], [ 1238.625485283060698, -1315.819305641576648 ], [ 1233.897321118673062, -1318.839878174476326 ], [ 1216.214423571866064, -1330.789067476056516 ], [ 1212.165114575114785, -1334.024134687148035 ], [ 1210.903642375733398, -1335.201503497548401 ], [ 1206.993511287550064, -1339.530512166209519 ], [ 1194.380269390601825, -1354.536389038898051 ], [ 1189.365664176491919, -1359.870673426426947 ], [ 1176.242389861401534, -1374.176485587842762 ], [ 1160.858616679344777, -1390.692275229841471 ], [ 1156.90814414304441, -1395.580747584812343 ] ], [ [ 1210.37088386187861, -1353.200790287926793 ], [ 1232.624284393010385, -1332.296793581917882 ], [ 1240.873949200253264, -1325.00257197022438 ], [ 1245.930319520623016, -1320.159477791748941 ], [ 1248.765586426721711, -1317.251942155882716 ], [ 1254.826481200063427, -1310.667419889941812 ], [ 1258.715668138258479, -1306.088610860519111 ], [ 1262.241518551931222, -1301.731012375093997 ], [ 1266.424451490209321, -1296.055213583633304 ], [ 1271.007036748465907, -1289.511818478815258 ], [ 1273.602076510196639, -1285.322099559940398 ], [ 1276.503196974947059, -1280.24048076570034 ], [ 1279.050551267811898, -1275.058978368528187 ], [ 1281.190888822484339, -1269.961332011036575 ], [ 1282.806073190175084, -1265.48561280593276 ], [ 1284.029202854620962, -1261.452654340304434 ], [ 1285.02200008348882, -1257.848678679205477 ], [ 1285.685162301719174, -1253.669766020029783 ], [ 1285.542087706686289, -1254.1866210186854 ], [ 1280.489461488115921, -1266.919063580222428 ], [ 1276.838530351385998, -1275.161231529898942 ], [ 1273.136280994989647, -1282.090242510661483 ], [ 1268.252666464299182, -1289.927027023397386 ], [ 1263.620481325862784, -1297.064594571478665 ], [ 1258.492832282061499, -1303.869790095835924 ], [ 1253.242640922258943, -1310.059101939201355 ], [ 1239.097671319272195, -1324.275971882976592 ], [ 1231.619021112464907, -1331.516332616098225 ], [ 1217.208860112163165, -1344.950831472873688 ], [ 1210.128913590979209, -1351.778748754411936 ], [ 1207.174339259590852, -1354.968735333532095 ], [ 1204.029439179083056, -1358.610508535057306 ], [ 1203.967438429988761, -1358.989045747555792 ], [ 1210.37088386187861, -1353.200790287926793 ] ], [ [ 1424.672113039165197, -1272.192543564364314 ], [ 1418.269415425551415, -1268.084185645915568 ], [ 1412.396017567991294, -1264.460325602442026 ], [ 1411.214129551834048, -1266.676935077644885 ], [ 1411.284730461358777, -1267.402568385004997 ], [ 1412.591975963758159, -1269.317276954650879 ], [ 1414.264339275048769, -1271.145254189148545 ], [ 1423.121507742693211, -1277.265306158922613 ], [ 1420.816543065275255, -1281.547055222094059 ], [ 1424.142618969313844, -1283.293922119773924 ], [ 1426.434730687358751, -1279.32180168479681 ], [ 1438.090877858867316, -1286.288561229594052 ], [ 1438.485933022440804, -1285.532729141414165 ], [ 1438.755179606670936, -1284.099827139638364 ], [ 1438.374688649704694, -1282.226584073156118 ], [ 1437.005028216222854, -1280.566251771524549 ], [ 1432.007913918278064, -1276.939432717859745 ], [ 1424.672113039165197, -1272.192543564364314 ] ], [ [ 1317.314318046459448, -1271.483256907202303 ], [ 1323.171474838556605, -1263.475251456722617 ], [ 1325.528217823231898, -1260.898937159217894 ], [ 1327.16715602151271, -1259.381222682073712 ], [ 1327.174148808842801, -1259.001285847276449 ], [ 1326.440012185134037, -1257.517485820688307 ], [ 1325.988734687955002, -1256.951235889457166 ], [ 1326.087147569653098, -1256.833859206177294 ], [ 1323.348283757064564, -1259.970855813473463 ], [ 1321.460753585102793, -1262.348019352182746 ], [ 1319.029055481672913, -1265.481347964145243 ], [ 1317.244452946033562, -1268.040205805562437 ], [ 1317.026751673165563, -1269.104105085134506 ], [ 1316.983646474534908, -1270.47007473744452 ], [ 1317.314318046459448, -1271.483256907202303 ] ], [ [ 1399.889323012917885, -1250.028890778310597 ], [ 1399.857881785073914, -1249.952469829469919 ], [ 1400.057226893921325, -1249.870467604137957 ], [ 1401.677705262040035, -1248.341489708051085 ], [ 1397.289010251994114, -1245.586447526700795 ], [ 1393.020364196368973, -1243.324096675030887 ], [ 1388.801284644054249, -1241.251086451113224 ], [ 1384.470670426448123, -1239.680419036187232 ], [ 1379.710121690372034, -1238.39271367713809 ], [ 1374.794946329695449, -1237.586410599760711 ], [ 1369.746994171517144, -1237.220459849573672 ], [ 1364.316585097114512, -1237.261675604619086 ], [ 1359.090994763706476, -1237.891436000354588 ], [ 1354.084740219625019, -1238.982541819103062 ], [ 1349.505966882363282, -1240.504466730169952 ], [ 1344.917086350655154, -1242.494189658202231 ], [ 1340.52884384232857, -1244.8997568693012 ], [ 1336.39793229568204, -1247.648355469107628 ], [ 1334.806796684117217, -1248.846897741779685 ], [ 1332.534710284107859, -1250.810394858941436 ], [ 1329.658519724385769, -1253.516568251885474 ], [ 1329.002946908647573, -1254.227926949970424 ], [ 1329.798540891306402, -1254.915948034264147 ], [ 1333.932471118969261, -1257.572533985599875 ], [ 1334.666562890826754, -1257.71545145381242 ], [ 1336.772234205152927, -1257.619539839215577 ], [ 1338.38438529409359, -1257.371461411006749 ], [ 1348.735909957609692, -1255.252920350059867 ], [ 1370.980891493778472, -1250.32432924117893 ], [ 1379.885568656725809, -1248.561328688636422 ], [ 1384.686543849889858, -1247.715440508909523 ], [ 1389.041429562808844, -1247.670131963677704 ], [ 1392.465195275421138, -1248.083491208031774 ], [ 1394.904914313245172, -1248.572900442406535 ], [ 1397.843671886548691, -1249.314789128489792 ], [ 1399.719476310825485, -1250.189147067256272 ], [ 1399.889323012917885, -1250.028890778310597 ] ], [ [ 1215.169975606248045, -1382.23962277919054 ], [ 1171.354353701499349, -1417.958475528284907 ], [ 1170.558572279744112, -1418.603731922805309 ], [ 1173.463041246750436, -1418.913388384506106 ], [ 1175.088462978235839, -1418.816001997329295 ], [ 1176.206803318205857, -1418.645894706249237 ], [ 1177.813279445428634, -1418.077351838350296 ], [ 1179.226279540653195, -1417.360060397535563 ], [ 1181.273036228869387, -1416.120763388462365 ], [ 1191.744084530817418, -1409.094342292286456 ], [ 1201.539486243929787, -1402.407934317365289 ], [ 1204.972991875616572, -1399.919823155738413 ], [ 1217.521315130155926, -1390.524728323332965 ], [ 1222.286274956839407, -1386.905407867394388 ], [ 1226.476794392148804, -1383.600608937442303 ], [ 1237.953873063850551, -1374.21762360073626 ], [ 1249.003048413202123, -1365.676057986915112 ], [ 1251.285595648956587, -1364.08707441855222 ], [ 1257.947245912264407, -1360.122334247455001 ], [ 1257.904091420530676, -1359.483554805628955 ], [ 1254.767981878105275, -1359.097413884475827 ], [ 1251.597138133909539, -1358.935529233887792 ], [ 1248.486850952562236, -1360.439446101896465 ], [ 1230.601227017001293, -1374.168739324435592 ], [ 1222.761495642826048, -1379.191591299138963 ], [ 1215.169975606248045, -1382.23962277919054 ] ], [ [ 1302.090961515976232, -1255.680455111898482 ], [ 1302.290837407317667, -1255.166049102321267 ], [ 1302.29056679999303, -1255.166642677038908 ], [ 1302.090961515976232, -1255.680455111898482 ] ], [ [ 1293.061196024062156, -1226.584697416052222 ], [ 1293.084118373368256, -1227.548455289565027 ], [ 1293.085525886588584, -1227.606456309556961 ], [ 1293.061196024062156, -1226.584697416052222 ] ], [ [ 1293.08648684500622, -1229.597807073965669 ], [ 1293.0750901422889, -1230.040388150140643 ], [ 1293.059543330313318, -1230.647291577421129 ], [ 1293.08648684500622, -1229.597807073965669 ] ], [ [ 1306.332982469939452, -1242.618651567026973 ], [ 1309.403132089782957, -1243.979749232530594 ], [ 1310.729550639458466, -1240.545782464556396 ], [ 1312.249013927372289, -1237.873967913910747 ], [ 1313.933950636779628, -1235.484737792983651 ], [ 1318.422282972058383, -1230.51115931943059 ], [ 1318.276782664825078, -1229.782174780033529 ], [ 1313.210894432588248, -1227.043864253908396 ], [ 1308.584745949952776, -1223.783269808627665 ], [ 1308.484805298476203, -1223.946103680878878 ], [ 1308.494572560301094, -1229.866928808391094 ], [ 1308.376553557191073, -1231.822536110877991 ], [ 1307.964504460045646, -1235.863365798257291 ], [ 1307.334886007864043, -1239.833220637403429 ], [ 1306.723357191393006, -1242.705463486723602 ], [ 1306.332982469939452, -1242.618651567026973 ] ], [ [ 1331.989476907994685, -1221.572414583526552 ], [ 1334.976348211182994, -1221.666128820739686 ], [ 1336.919427784636355, -1221.478186788968742 ], [ 1339.872732947458644, -1220.96680280379951 ], [ 1342.720478371074933, -1220.224847482517362 ], [ 1345.286648234248787, -1219.208107128739357 ], [ 1347.601413374317417, -1217.98762821406126 ], [ 1352.215972325569965, -1214.15144083276391 ], [ 1355.776556145139693, -1209.717734386213124 ], [ 1357.137617186857824, -1206.493474382907152 ], [ 1357.841056363216921, -1202.848533686250448 ], [ 1357.820852830403965, -1199.520444636233151 ], [ 1357.438388955601113, -1196.595422443933785 ], [ 1356.679833200809298, -1194.091860732063651 ], [ 1354.46159449935476, -1188.31688332464546 ], [ 1353.383128477498758, -1184.106896663084626 ], [ 1352.583245721200001, -1181.766594285145402 ], [ 1351.377691095007322, -1179.166982680559158 ], [ 1349.547412208077731, -1176.194192519411445 ], [ 1347.669684823582429, -1173.968771615996957 ], [ 1345.470825233094729, -1171.831049433909357 ], [ 1343.374262207140418, -1170.180221043527126 ], [ 1340.748803664033403, -1168.675840186886489 ], [ 1338.037261713436237, -1167.462801608256996 ], [ 1335.230838319817849, -1166.424635429866612 ], [ 1331.875302759952319, -1165.828206775709987 ], [ 1328.765003663904281, -1165.65502143651247 ], [ 1325.605935697152745, -1165.96797476708889 ], [ 1322.260353300385759, -1166.602799840271473 ], [ 1318.262490905473896, -1167.882883158512414 ], [ 1313.670407065621475, -1170.769452032633126 ], [ 1309.632687301993428, -1174.580439824610949 ], [ 1307.908792193002228, -1176.87803605850786 ], [ 1306.896246788635835, -1178.56837203912437 ], [ 1305.622675092763529, -1181.243983803316951 ], [ 1305.279604457769892, -1182.155242502689362 ], [ 1304.756615970083658, -1184.041596894152462 ], [ 1304.43419824106968, -1185.980754136107862 ], [ 1304.370071778161218, -1188.943732823245227 ], [ 1304.689194061940725, -1191.911250773817301 ], [ 1305.136418339452575, -1193.755658959038556 ], [ 1306.807805276584986, -1198.515117878094316 ], [ 1307.940057325798989, -1202.368375171907246 ], [ 1308.586464268264535, -1204.254116575233638 ], [ 1309.805975429620958, -1206.960021959617734 ], [ 1310.766375384042476, -1208.682795969769359 ], [ 1312.479665219236267, -1211.112398324534297 ], [ 1313.113911857741186, -1211.867653549648821 ], [ 1314.431642099818419, -1213.340040502138436 ], [ 1316.627397831647613, -1215.37045328784734 ], [ 1319.029775411638184, -1217.128325812518597 ], [ 1320.692680425660001, -1218.165760993026197 ], [ 1323.373977066752559, -1219.44198857434094 ], [ 1326.13593374411721, -1220.492174290120602 ], [ 1329.02994847386617, -1221.182928691618145 ], [ 1331.989476907994685, -1221.572414583526552 ] ], [ [ 1270.684388607938672, -1153.946451750583947 ], [ 1270.913976245876256, -1153.619102349504828 ], [ 1275.426256729808301, -1156.783339191228151 ], [ 1278.631513149630337, -1159.137202528305352 ], [ 1281.798852735779292, -1161.649674657732248 ], [ 1284.861801295646728, -1164.337094031274319 ], [ 1286.27062886087333, -1165.687874426133931 ], [ 1289.789499289221567, -1169.293982913717628 ], [ 1292.271894638670346, -1172.119434523396194 ], [ 1292.541026947221326, -1172.174104201607406 ], [ 1292.860666224236411, -1172.068950842134655 ], [ 1294.955524750012046, -1168.546188927255571 ], [ 1297.992552769735994, -1164.810530721209943 ], [ 1303.466499948181081, -1159.587570012547076 ], [ 1302.905451238428213, -1158.578108905814588 ], [ 1295.758118536316033, -1159.240963910706341 ], [ 1292.747510939909262, -1159.210329805500805 ], [ 1286.70430731993838, -1158.611725521273911 ], [ 1283.527357135722923, -1157.714084267616272 ], [ 1277.428460795450519, -1155.586985901929438 ], [ 1274.498098614449191, -1154.075967553071678 ], [ 1271.795510135154473, -1152.278168139979243 ], [ 1270.684388607938672, -1153.946451750583947 ] ], [ [ 1307.190276132852887, -1151.667250796221197 ], [ 1306.207726261474818, -1151.933492675423622 ], [ 1307.097489857871551, -1151.692418552003801 ], [ 1307.190276132852887, -1151.667250796221197 ] ], [ [ 1393.434318519879525, -1282.715473353862762 ], [ 1392.48798627740689, -1282.462993952445686 ], [ 1387.693046152016905, -1289.503219551406801 ], [ 1385.204111828186797, -1293.535579048097134 ], [ 1382.735503630219682, -1296.979460971429944 ], [ 1380.336792360343679, -1298.369119304232299 ], [ 1376.924727050180081, -1299.282154314219952 ], [ 1373.623818737080001, -1299.097438678145409 ], [ 1369.696479257070678, -1297.862023333087564 ], [ 1365.270273252670449, -1296.169001567177474 ], [ 1367.649787120133624, -1299.703718449920416 ], [ 1369.810074125096435, -1301.026180287823081 ], [ 1372.800223402211486, -1301.715332101099193 ], [ 1381.047052843830897, -1301.258774855174124 ], [ 1389.018071700171276, -1300.279542067088187 ], [ 1395.521959191341011, -1297.045228297822177 ], [ 1398.257235946020955, -1294.417806169018149 ], [ 1399.024859538356395, -1291.284071357920766 ], [ 1398.006804571841712, -1286.618487113155425 ], [ 1397.026091152591107, -1285.188697326928377 ], [ 1393.434318519879525, -1282.715473353862762 ] ], [ [ 1384.400085667555686, -1275.140549088828266 ], [ 1375.048045993320557, -1279.745412773452699 ], [ 1369.500356445736543, -1281.848738715052605 ], [ 1363.233946057940557, -1284.360196352005005 ], [ 1345.09360021793691, -1282.849090444855392 ], [ 1341.58539773098164, -1282.936284644529223 ], [ 1338.371499989227232, -1283.445915565825999 ], [ 1338.093044312727216, -1284.055865458212793 ], [ 1338.632983578374478, -1287.889525356702507 ], [ 1340.020181955775115, -1288.039650053717196 ], [ 1351.246443626518158, -1286.92387977335602 ], [ 1355.834123791853926, -1286.976044056005776 ], [ 1361.354043398065187, -1288.400793133303523 ], [ 1371.214693376286959, -1292.601453221403062 ], [ 1374.978232896588452, -1294.120730952359736 ], [ 1376.944074136223207, -1293.929504537954926 ], [ 1379.351739852541868, -1292.876467620953918 ], [ 1382.574234195752069, -1289.133097730576992 ], [ 1393.103802182246, -1272.277840854600072 ], [ 1400.511832488615255, -1265.944919523783028 ], [ 1400.828632516393554, -1263.337372383102775 ], [ 1397.41500984331833, -1263.144611529074609 ], [ 1384.400085667555686, -1275.140549088828266 ] ] ], [ [ [ 1040.928742810581753, -1645.675999999977648 ], [ 1038.878165362764776, -1642.774677651934326 ], [ 1035.550493890654252, -1637.854208928532898 ], [ 1033.504773442999067, -1634.289197800680995 ], [ 1032.074697186000776, -1632.181246304884553 ], [ 1021.64217318091687, -1626.554161536507308 ], [ 1017.653057051462383, -1623.851668397895992 ], [ 1014.396988977347064, -1620.516190441325307 ], [ 1009.67089729426516, -1616.296203148551285 ], [ 1005.632299999930183, -1612.269520530477166 ], [ 1005.63229999993564, -1609.745525257661939 ], [ 1006.629639196307835, -1610.440597636625171 ], [ 1011.023133760805649, -1614.823289127089083 ], [ 1015.808519976091702, -1619.099796989001334 ], [ 1018.861534426563594, -1622.255595634691417 ], [ 1022.631929968434633, -1624.81622951477766 ], [ 1033.25910586147802, -1630.553373982198536 ], [ 1033.596892358822515, -1630.863781287334859 ], [ 1035.180556876828632, -1633.198123936541378 ], [ 1037.227487309110074, -1636.765021538361907 ], [ 1040.516814093212815, -1641.629168161191046 ], [ 1043.377007161880101, -1645.675999999977648 ], [ 1040.928742810581753, -1645.675999999977648 ] ] ], [ [ [ 1505.632300000044779, -1595.898148288019001 ], [ 1502.619573385016338, -1591.744629670865834 ], [ 1505.632300000002942, -1589.529634475708008 ], [ 1505.632300000044779, -1595.898148288019001 ] ] ], [ [ [ 1505.632299999908355, -1534.940642823465168 ], [ 1491.278760089573552, -1515.412424145266414 ], [ 1491.138995282108226, -1515.391097085550427 ], [ 1484.077009368857034, -1520.583955542184412 ], [ 1480.845208879112761, -1516.188408634625375 ], [ 1480.733237355843812, -1516.152729234658182 ], [ 1462.087225348210268, -1529.854583659209311 ], [ 1462.065901474492421, -1529.994351975619793 ], [ 1465.604295292692768, -1534.805886867456138 ], [ 1454.779530448879086, -1542.765506672672927 ], [ 1450.480632846196386, -1534.165288816206157 ], [ 1449.218116667690992, -1528.63420681655407 ], [ 1449.296894080292986, -1525.59873659349978 ], [ 1449.479027047844284, -1523.071221174672246 ], [ 1450.118424622329258, -1520.969430995173752 ], [ 1450.934957766894513, -1519.336869152262807 ], [ 1451.937274764779431, -1517.823692671954632 ], [ 1453.263400387615548, -1516.47610342502594 ], [ 1493.924942080615438, -1486.689660273492336 ], [ 1493.430170738103698, -1484.776281355880201 ], [ 1505.632299999922907, -1476.960006815381348 ], [ 1505.632299999908355, -1534.940642823465168 ] ] ] ] } }
]
}
